{"mean":{"confidence_interval":{"confidence_level":0.95,"lower_bound":116216.89,"upper_bound":121026.62},"point_estimate":118617.5,"standard_error":1225.5324427272624},"median":{"confidence_interval":{"confidence_level":0.95,"lower_bound":115321.0,"upper_bound":121646.0},"point_estimate":118958.5,"standard_error":1723.642801770355},"median_abs_dev":{"confidence_interval":{"confidence_level":0.95,"lower_bound":690.8915877342224,"upper_bound":6988.234975934029},"point_estimate":4067.5130277872086,"standard_error":1541.0040912333427},"slope":null,"std_dev":{"confidence_interval":{"confidence_level":0.95,"lower_bound":2256.190892731474,"upper_bound":5280.957421612949},"point_estimate":4094.9266239525655,"standard_error":779.3409377181882}}