{"mean":{"confidence_interval":{"confidence_level":0.95,"lower_bound":-0.17218847713018146,"upper_bound":-0.16311267663745949},"point_estimate":-0.16760809323893933,"standard_error":0.002316386049268662},"median":{"confidence_interval":{"confidence_level":0.95,"lower_bound":-0.17362405667048064,"upper_bound":-0.1603993582206863},"point_estimate":-0.16924374563377476,"standard_error":0.0033957088514994073}}