{"mean":{"confidence_interval":{"confidence_level":0.95,"lower_bound":-0.29920891898234764,"upper_bound":0.0466310516702545},"point_estimate":-0.12695985589747272,"standard_error":0.09221077895717483},"median":{"confidence_interval":{"confidence_level":0.95,"lower_bound":-0.17212339239627839,"upper_bound":0.10842058197673654},"point_estimate":0.002423009805029297,"standard_error":0.0772266770468436}}