{"mean":{"confidence_interval":{"confidence_level":0.95,"lower_bound":-0.34489228078999257,"upper_bound":0.17311184196186338},"point_estimate":-0.13332890351219728,"standard_error":0.13295151182575582},"median":{"confidence_interval":{"confidence_level":0.95,"lower_bound":-0.37560978108058973,"upper_bound":0.2205175549925089},"point_estimate":0.16682105486566012,"standard_error":0.1781521659671689}}