{"mean":{"confidence_interval":{"confidence_level":0.95,"lower_bound":210239.8475,"upper_bound":278396.3},"point_estimate":240993.1,"standard_error":17395.373900655617},"median":{"confidence_interval":{"confidence_level":0.95,"lower_bound":207563.0,"upper_bound":267090.0},"point_estimate":211539.5,"standard_error":17530.19108910812},"median_abs_dev":{"confidence_interval":{"confidence_level":0.95,"lower_bound":1481.1173737049103,"upper_bound":81082.65126049519},"point_estimate":8017.159357666969,"standard_error":21238.948283530524},"slope":null,"std_dev":{"confidence_interval":{"confidence_level":0.95,"lower_bound":5636.424197426355,"upper_bound":78407.8249935695},"point_estimate":58016.23830436518,"standard_error":17157.82961390414}}