{"mean":{"confidence_interval":{"confidence_level":0.95,"lower_bound":0.03681007146744036,"upper_bound":0.25748247954856207},"point_estimate":0.1451434536904086,"standard_error":0.05656785124821141},"median":{"confidence_interval":{"confidence_level":0.95,"lower_bound":0.037244904999103046,"upper_bound":0.3065417465814855},"point_estimate":0.22692058561259598,"standard_error":0.07513617571951191}}