{"mean":{"confidence_interval":{"confidence_level":0.95,"lower_bound":247163.92500000002,"upper_bound":334975.39999999985},"point_estimate":288341.1,"standard_error":22324.64690633599},"median":{"confidence_interval":{"confidence_level":0.95,"lower_bound":237155.5,"upper_bound":359049.0},"point_estimate":248648.0,"standard_error":30478.20589617172},"median_abs_dev":{"confidence_interval":{"confidence_level":0.95,"lower_bound":3998.572129011154,"upper_bound":109200.15976130962},"point_estimate":21936.5492105484,"standard_error":29370.085615303415},"slope":null,"std_dev":{"confidence_interval":{"confidence_level":0.95,"lower_bound":12044.654618049102,"upper_bound":91547.94556248169},"point_estimate":74763.17230866782,"standard_error":16512.76806557444}}