{"mean":{"confidence_interval":{"confidence_level":0.95,"lower_bound":7637097.884049344,"upper_bound":7760438.368694561},"point_estimate":7696469.95684054,"standard_error":31445.554050401584},"median":{"confidence_interval":{"confidence_level":0.95,"lower_bound":7613740.0259287935,"upper_bound":7767216.1045454545},"point_estimate":7679304.377564102,"standard_error":44472.272051189124},"median_abs_dev":{"confidence_interval":{"confidence_level":0.95,"lower_bound":73469.63569069021,"upper_bound":211321.98571078456},"point_estimate":156314.33585741854,"standard_error":35381.354414680405},"slope":{"confidence_interval":{"confidence_level":0.95,"lower_bound":7615887.36675876,"upper_bound":7831880.36525926},"point_estimate":7712041.195993031,"standard_error":57413.01363430302},"std_dev":{"confidence_interval":{"confidence_level":0.95,"lower_bound":93925.28230559187,"upper_bound":186397.82111474033},"point_estimate":144345.04794556915,"standard_error":24446.329613844446}}