{"mean":{"confidence_interval":{"confidence_level":0.95,"lower_bound":-0.3491004925957504,"upper_bound":-0.0081514376854207},"point_estimate":-0.1880140233816997,"standard_error":0.08859403315822023},"median":{"confidence_interval":{"confidence_level":0.95,"lower_bound":-0.28710424693500947,"upper_bound":-0.005703335724859482},"point_estimate":-0.061971644151840644,"standard_error":0.07354306466527903}}