{"mean":{"confidence_interval":{"confidence_level":0.95,"lower_bound":343904.0,"upper_bound":360053.4375},"point_estimate":351337.1,"standard_error":4145.880173537218},"median":{"confidence_interval":{"confidence_level":0.95,"lower_bound":344159.0,"upper_bound":359985.0},"point_estimate":346865.0,"standard_error":3957.761608299944},"median_abs_dev":{"confidence_interval":{"confidence_level":0.95,"lower_bound":963.6899828910828,"upper_bound":21592.58601665497},"point_estimate":6368.5081869363785,"standard_error":5687.545239068033},"slope":null,"std_dev":{"confidence_interval":{"confidence_level":0.95,"lower_bound":5387.952647651363,"upper_bound":19011.24094055935},"point_estimate":13807.584875712335,"standard_error":3730.0697058341393}}