{"mean":{"confidence_interval":{"confidence_level":0.95,"lower_bound":757640788.9625,"upper_bound":864929849.1899999},"point_estimate":811439110.3,"standard_error":27506147.08757528},"median":{"confidence_interval":{"confidence_level":0.95,"lower_bound":704575757.0,"upper_bound":884006695.5},"point_estimate":878459986.0,"standard_error":66646450.97931104},"median_abs_dev":{"confidence_interval":{"confidence_level":0.95,"lower_bound":1873835.8677327633,"upper_bound":133339345.48355341},"point_estimate":12005808.445054293,"standard_error":50126283.84910834},"slope":null,"std_dev":{"confidence_interval":{"confidence_level":0.95,"lower_bound":56421601.960666105,"upper_bound":94964438.17317347},"point_estimate":92013690.43757375,"standard_error":10848811.961705979}}