{"mean":{"confidence_interval":{"confidence_level":0.95,"lower_bound":263767.2675,"upper_bound":280257.065},"point_estimate":271813.9,"standard_error":4202.7128489574025},"median":{"confidence_interval":{"confidence_level":0.95,"lower_bound":259796.0,"upper_bound":281838.5},"point_estimate":271768.5,"standard_error":4636.9624597958},"median_abs_dev":{"confidence_interval":{"confidence_level":0.95,"lower_bound":3184.624743461609,"upper_bound":26164.924335479736},"point_estimate":9413.7685328722,"standard_error":6178.737864119076},"slope":null,"std_dev":{"confidence_interval":{"confidence_level":0.95,"lower_bound":7325.394809215882,"upper_bound":17993.937897710624},"point_estimate":13965.527379547431,"standard_error":2731.5363594439136}}