{"mean":{"confidence_interval":{"confidence_level":0.95,"lower_bound":-0.23209798308401997,"upper_bound":-0.15021477183454782},"point_estimate":-0.1880493967786746,"standard_error":0.021259711528644993},"median":{"confidence_interval":{"confidence_level":0.95,"lower_bound":-0.23144498681852177,"upper_bound":-0.15458011680009942},"point_estimate":-0.15901884750653816,"standard_error":0.01625361588949796}}