{"mean":{"confidence_interval":{"confidence_level":0.95,"lower_bound":211168.8,"upper_bound":220921.955},"point_estimate":216091.1,"standard_error":2503.3128362257394},"median":{"confidence_interval":{"confidence_level":0.95,"lower_bound":208720.0,"upper_bound":221875.0},"point_estimate":218096.5,"standard_error":3513.0923523538827},"median_abs_dev":{"confidence_interval":{"confidence_level":0.95,"lower_bound":1482.5999736785889,"upper_bound":14800.054237246513},"point_estimate":7849.625560641289,"standard_error":3360.0773260562737},"slope":null,"std_dev":{"confidence_interval":{"confidence_level":0.95,"lower_bound":4775.782494068728,"upper_bound":10393.700736607127},"point_estimate":8316.38387561966,"standard_error":1426.4987362379309}}