{"mean":{"confidence_interval":{"confidence_level":0.95,"lower_bound":0.29747104390869283,"upper_bound":0.6118195909743311},"point_estimate":0.4526469322772684,"standard_error":0.08138492353272085},"median":{"confidence_interval":{"confidence_level":0.95,"lower_bound":0.26393474362479186,"upper_bound":0.7176703994612701},"point_estimate":0.4386125841428865,"standard_error":0.11350181412109865}}