{"mean":{"confidence_interval":{"confidence_level":0.95,"lower_bound":-0.25800237231604295,"upper_bound":0.18127924190553873},"point_estimate":-0.059341010524265436,"standard_error":0.11326826116929789},"median":{"confidence_interval":{"confidence_level":0.95,"lower_bound":-0.2355801096279455,"upper_bound":0.25926173977234845},"point_estimate":0.09690345110989473,"standard_error":0.1270375521518166}}