{"mean":{"confidence_interval":{"confidence_level":0.95,"lower_bound":663884620.41875,"upper_bound":667790481.9075},"point_estimate":665678035.65,"standard_error":1004174.2663821236},"median":{"confidence_interval":{"confidence_level":0.95,"lower_bound":662900075.0,"upper_bound":666775473.0},"point_estimate":665491386.0,"standard_error":977891.3001686196},"median_abs_dev":{"confidence_interval":{"confidence_level":0.95,"lower_bound":1646793.4729635715,"upper_bound":5548741.670620133},"point_estimate":3436379.1145920753,"standard_error":1002484.4343855631},"slope":null,"std_dev":{"confidence_interval":{"confidence_level":0.95,"lower_bound":2345952.0664399704,"upper_bound":6168189.333609665},"point_estimate":4606848.754246036,"standard_error":1004939.1631343235}}