{"mean":{"confidence_interval":{"confidence_level":0.95,"lower_bound":1022294396.04175,"upper_bound":1056155832.62075},"point_estimate":1039202861.98,"standard_error":8596996.672242345},"median":{"confidence_interval":{"confidence_level":0.95,"lower_bound":1057273838.5,"upper_bound":1091540392.0},"point_estimate":1089550119.5,"standard_error":13291859.165539809},"median_abs_dev":{"confidence_interval":{"confidence_level":0.95,"lower_bound":14117048.598772287,"upper_bound":133871652.80367805},"point_estimate":32475594.073542953,"standard_error":29610851.38531182},"slope":null,"std_dev":{"confidence_interval":{"confidence_level":0.95,"lower_bound":77958734.45760232,"upper_bound":94767218.06326072},"point_estimate":86387951.14162648,"standard_error":4296088.914251028}}