{"mean":{"confidence_interval":{"confidence_level":0.95,"lower_bound":134055.28749999998,"upper_bound":148481.3},"point_estimate":140468.4,"standard_error":3729.429579369597},"median":{"confidence_interval":{"confidence_level":0.95,"lower_bound":130336.0,"upper_bound":147174.0},"point_estimate":136919.0,"standard_error":4429.373630490139},"median_abs_dev":{"confidence_interval":{"confidence_level":0.95,"lower_bound":1020.0287818908691,"upper_bound":18688.172668218613},"point_estimate":9983.086922764778,"standard_error":4156.97297495506},"slope":null,"std_dev":{"confidence_interval":{"confidence_level":0.95,"lower_bound":5204.033156650702,"upper_bound":17445.35507138409},"point_estimate":12436.848280635879,"standard_error":3644.9783038817473}}