{"mean":{"confidence_interval":{"confidence_level":0.95,"lower_bound":-0.04098970653488292,"upper_bound":0.6618881066865763},"point_estimate":0.2591044637353783,"standard_error":0.18684224531820542},"median":{"confidence_interval":{"confidence_level":0.95,"lower_bound":-0.02665790274695945,"upper_bound":0.4851180883827533},"point_estimate":0.06814523139169171,"standard_error":0.1209009606070294}}