{"mean":{"confidence_interval":{"confidence_level":0.95,"lower_bound":0.2595339296329487,"upper_bound":0.30279604300413165},"point_estimate":0.2835420723043731,"standard_error":0.011054623262726973},"median":{"confidence_interval":{"confidence_level":0.95,"lower_bound":0.2701376553453074,"upper_bound":0.3102218147756941},"point_estimate":0.29994997631328735,"standard_error":0.011138383061805483}}