{"mean":{"confidence_interval":{"confidence_level":0.95,"lower_bound":180498.995,"upper_bound":186445.4},"point_estimate":183157.1,"standard_error":1527.014677077159},"median":{"confidence_interval":{"confidence_level":0.95,"lower_bound":179351.0,"upper_bound":185549.0},"point_estimate":181961.5,"standard_error":1413.6585629549625},"median_abs_dev":{"confidence_interval":{"confidence_level":0.95,"lower_bound":289.10699486732483,"upper_bound":7117.962473630905},"point_estimate":4398.132821917534,"standard_error":1805.6362096740452},"slope":null,"std_dev":{"confidence_interval":{"confidence_level":0.95,"lower_bound":1987.9782029040882,"upper_bound":7066.759094521335},"point_estimate":5074.036032149906,"standard_error":1445.7266430131574}}