{"mean":{"confidence_interval":{"confidence_level":0.95,"lower_bound":93069.15,"upper_bound":98818.65125},"point_estimate":95664.5,"standard_error":1479.0617859251224},"median":{"confidence_interval":{"confidence_level":0.95,"lower_bound":92342.0,"upper_bound":98338.5},"point_estimate":92656.0,"standard_error":2001.2339886207135},"median_abs_dev":{"confidence_interval":{"confidence_level":0.95,"lower_bound":54.85619902610779,"upper_bound":7853.332060575485},"point_estimate":548.1913402676582,"standard_error":2329.5975785719083},"slope":null,"std_dev":{"confidence_interval":{"confidence_level":0.95,"lower_bound":1882.0175676650842,"upper_bound":6813.53174073159},"point_estimate":4941.126401045728,"standard_error":1411.975624476379}}