{"mean":{"confidence_interval":{"confidence_level":0.95,"lower_bound":2559065821.3,"upper_bound":2581070690.1225},"point_estimate":2569737125.4,"standard_error":5667656.198657173},"median":{"confidence_interval":{"confidence_level":0.95,"lower_bound":2551807742.0,"upper_bound":2586559399.0},"point_estimate":2566153863.0,"standard_error":9598720.803608423},"median_abs_dev":{"confidence_interval":{"confidence_level":0.95,"lower_bound":2150626.1633187532,"upper_bound":33455079.676553607},"point_estimate":22056799.187913537,"standard_error":8053015.299465675},"slope":null,"std_dev":{"confidence_interval":{"confidence_level":0.95,"lower_bound":10740115.616019132,"upper_bound":22368624.499562476},"point_estimate":18951088.08301464,"standard_error":2885526.335951638}}