{"mean":{"confidence_interval":{"confidence_level":0.95,"lower_bound":-0.19102756700479845,"upper_bound":-0.15330720823860383},"point_estimate":-0.17140272551017555,"standard_error":0.009676780911240504},"median":{"confidence_interval":{"confidence_level":0.95,"lower_bound":-0.1955584935547643,"upper_bound":-0.157145172268499},"point_estimate":-0.16492582598479077,"standard_error":0.010366229660305731}}