{"mean":{"confidence_interval":{"confidence_level":0.95,"lower_bound":0.2270571347374506,"upper_bound":1.0148433726163286},"point_estimate":0.5515404898087672,"standard_error":0.20333299294906826},"median":{"confidence_interval":{"confidence_level":0.95,"lower_bound":0.20124996508832016,"upper_bound":0.9026065331509991},"point_estimate":0.46298221139000395,"standard_error":0.19688819959616508}}