{"mean":{"confidence_interval":{"confidence_level":0.95,"lower_bound":219655.0575,"upper_bound":317718.07499999995},"point_estimate":261399.3,"standard_error":25759.328577252243},"median":{"confidence_interval":{"confidence_level":0.95,"lower_bound":210385.0,"upper_bound":305664.0},"point_estimate":225920.0,"standard_error":18778.76339091023},"median_abs_dev":{"confidence_interval":{"confidence_level":0.95,"lower_bound":1306.911876797676,"upper_bound":110743.54633390903},"point_estimate":19981.74114525318,"standard_error":20742.331143063126},"slope":null,"std_dev":{"confidence_interval":{"confidence_level":0.95,"lower_bound":9633.103621828683,"upper_bound":117467.97261840435},"point_estimate":85960.61737543924,"standard_error":29514.46727584117}}