{"mean":{"confidence_interval":{"confidence_level":0.95,"lower_bound":129028.9,"upper_bound":130712.10500000001},"point_estimate":129705.3,"standard_error":450.66619983646115},"median":{"confidence_interval":{"confidence_level":0.95,"lower_bound":129084.5,"upper_bound":129659.0},"point_estimate":129447.5,"standard_error":212.6277966359105},"median_abs_dev":{"confidence_interval":{"confidence_level":0.95,"lower_bound":34.099799394607544,"upper_bound":1106.0195803642273},"point_estimate":461.08859181404114,"standard_error":272.9432777707774},"slope":null,"std_dev":{"confidence_interval":{"confidence_level":0.95,"lower_bound":231.44063313659223,"upper_bound":2280.3543729660278},"point_estimate":1506.5937334855,"standard_error":657.9201206284627}}