{"mean":{"confidence_interval":{"confidence_level":0.95,"lower_bound":183255.46,"upper_bound":200954.55},"point_estimate":192984.3,"standard_error":4490.6877507507625},"median":{"confidence_interval":{"confidence_level":0.95,"lower_bound":191369.0,"upper_bound":199834.0},"point_estimate":193137.5,"standard_error":2161.581511677131},"median_abs_dev":{"confidence_interval":{"confidence_level":0.95,"lower_bound":527.0642906427383,"upper_bound":19386.477255821228},"point_estimate":2818.4225499629974,"standard_error":4740.89907969561},"slope":null,"std_dev":{"confidence_interval":{"confidence_level":0.95,"lower_bound":3068.032896085282,"upper_bound":22083.935310756322},"point_estimate":14991.763427888587,"standard_error":5180.194623492387}}