{"mean":{"confidence_interval":{"confidence_level":0.95,"lower_bound":350195.1,"upper_bound":418042.7},"point_estimate":377001.6,"standard_error":18518.213318791535},"median":{"confidence_interval":{"confidence_level":0.95,"lower_bound":345300.0,"upper_bound":382818.0},"point_estimate":358043.5,"standard_error":8361.754920881636},"median_abs_dev":{"confidence_interval":{"confidence_level":0.95,"lower_bound":1200.1646786928177,"upper_bound":42134.00865197182},"point_estimate":15854.92411851883,"standard_error":11835.48964832737},"slope":null,"std_dev":{"confidence_interval":{"confidence_level":0.95,"lower_bound":9680.987091545298,"upper_bound":93423.02049691322},"point_estimate":61760.48657551561,"standard_error":27027.546669240965}}