{"mean":{"confidence_interval":{"confidence_level":0.95,"lower_bound":225334.495,"upper_bound":257069.7},"point_estimate":238610.1,"standard_error":8407.505857019933},"median":{"confidence_interval":{"confidence_level":0.95,"lower_bound":222785.0,"upper_bound":245826.0},"point_estimate":230928.5,"standard_error":4709.556161205525},"median_abs_dev":{"confidence_interval":{"confidence_level":0.95,"lower_bound":1533.7496727705002,"upper_bound":29626.79527401924},"point_estimate":9628.004229068756,"standard_error":7339.628868884844},"slope":null,"std_dev":{"confidence_interval":{"confidence_level":0.95,"lower_bound":5833.053017160676,"upper_bound":41129.400020612455},"point_estimate":27973.59020556512,"standard_error":10554.004188966142}}