{"mean":{"confidence_interval":{"confidence_level":0.95,"lower_bound":3676262316.505,"upper_bound":3745158673.1375},"point_estimate":3708772451.25,"standard_error":17640021.68141184},"median":{"confidence_interval":{"confidence_level":0.95,"lower_bound":3652075442.5,"upper_bound":3746552306.0},"point_estimate":3673173519.0,"standard_error":24692672.684025314},"median_abs_dev":{"confidence_interval":{"confidence_level":0.95,"lower_bound":16167818.68866384,"upper_bound":120358929.13380386},"point_estimate":47373079.591959715,"standard_error":26787691.04059655},"slope":null,"std_dev":{"confidence_interval":{"confidence_level":0.95,"lower_bound":48622904.284143165,"upper_bound":100982764.55141933},"point_estimate":81039988.63711038,"standard_error":13275600.05002041}}