{"mean":{"confidence_interval":{"confidence_level":0.95,"lower_bound":-0.20108022235663744,"upper_bound":0.3542401141255329},"point_estimate":0.03978326445101521,"standard_error":0.1431273022368686},"median":{"confidence_interval":{"confidence_level":0.95,"lower_bound":-0.18789032638175418,"upper_bound":0.47282671512598573},"point_estimate":0.15964263249357646,"standard_error":0.15669511327514632}}