{"mean":{"confidence_interval":{"confidence_level":0.95,"lower_bound":552328.8325,"upper_bound":615085.0},"point_estimate":583301.1,"standard_error":16082.37756553927},"median":{"confidence_interval":{"confidence_level":0.95,"lower_bound":537742.0,"upper_bound":627243.5},"point_estimate":581070.5,"standard_error":23256.964642538544},"median_abs_dev":{"confidence_interval":{"confidence_level":0.95,"lower_bound":7334.422069787979,"upper_bound":94130.2723288536},"point_estimate":53053.357458114624,"standard_error":21228.430524468367},"slope":null,"std_dev":{"confidence_interval":{"confidence_level":0.95,"lower_bound":30253.038121264235,"upper_bound":67178.85716577798},"point_estimate":53590.856080429745,"standard_error":9394.504830000868}}