{"mean":{"confidence_interval":{"confidence_level":0.95,"lower_bound":245019.995,"upper_bound":295933.50999999995},"point_estimate":266091.9,"standard_error":13590.131323139549},"median":{"confidence_interval":{"confidence_level":0.95,"lower_bound":241874.0,"upper_bound":280521.0},"point_estimate":248423.0,"standard_error":8577.280404530067},"median_abs_dev":{"confidence_interval":{"confidence_level":0.95,"lower_bound":2362.5230580568314,"upper_bound":45328.27029526234},"point_estimate":10532.390213012695,"standard_error":10219.099672412553},"slope":null,"std_dev":{"confidence_interval":{"confidence_level":0.95,"lower_bound":5762.918512158381,"upper_bound":65936.3320590454},"point_estimate":45428.1078174931,"standard_error":17516.167724465282}}