{"mean":{"confidence_interval":{"confidence_level":0.95,"lower_bound":2176191872.765,"upper_bound":2216538613.1425004},"point_estimate":2197156374.25,"standard_error":10274242.611234276},"median":{"confidence_interval":{"confidence_level":0.95,"lower_bound":2173025212.5,"upper_bound":2230480422.5},"point_estimate":2195865852.5,"standard_error":13425376.683439706},"median_abs_dev":{"confidence_interval":{"confidence_level":0.95,"lower_bound":20167434.568056464,"upper_bound":63539321.53555155},"point_estimate":43043574.0989238,"standard_error":11301447.532884715},"slope":null,"std_dev":{"confidence_interval":{"confidence_level":0.95,"lower_bound":29058842.74537373,"upper_bound":63077294.29057164},"point_estimate":47041222.1882179,"standard_error":9197934.155950347}}