{"mean":{"confidence_interval":{"confidence_level":0.95,"lower_bound":338509.6275,"upper_bound":363862.3},"point_estimate":350480.8,"standard_error":6518.258139023365},"median":{"confidence_interval":{"confidence_level":0.95,"lower_bound":335501.0,"upper_bound":371467.0},"point_estimate":339888.0,"standard_error":9969.430882651295},"median_abs_dev":{"confidence_interval":{"confidence_level":0.95,"lower_bound":1320.9965765476227,"upper_bound":33947.09159731865},"point_estimate":13418.271061778069,"standard_error":9523.794320750005},"slope":null,"std_dev":{"confidence_interval":{"confidence_level":0.95,"lower_bound":9500.37401661406,"upper_bound":26272.2823910809},"point_estimate":21784.773514238484,"standard_error":3984.9399804722607}}