{"mean":{"confidence_interval":{"confidence_level":0.95,"lower_bound":-0.08574414063198547,"upper_bound":-0.06092633395060477},"point_estimate":-0.07538852039615229,"standard_error":0.006492036153641713},"median":{"confidence_interval":{"confidence_level":0.95,"lower_bound":-0.08805554671841709,"upper_bound":-0.07396995904956727},"point_estimate":-0.08125180073264093,"standard_error":0.0033636731442026513}}