{"mean":{"confidence_interval":{"confidence_level":0.95,"lower_bound":0.06424068234447423,"upper_bound":0.07046952525934963},"point_estimate":0.06726291284852781,"standard_error":0.0015917907965079792},"median":{"confidence_interval":{"confidence_level":0.95,"lower_bound":0.06284809313393702,"upper_bound":0.06875449854681559},"point_estimate":0.06738669693319443,"standard_error":0.0015634926124055383}}