{"mean":{"confidence_interval":{"confidence_level":0.95,"lower_bound":0.12868454242346702,"upper_bound":0.13607853558415958},"point_estimate":0.13255906012256613,"standard_error":0.0018893706097860524},"median":{"confidence_interval":{"confidence_level":0.95,"lower_bound":0.12979141785999615,"upper_bound":0.13721402879004874},"point_estimate":0.1320632676077944,"standard_error":0.0019041776666664535}}