{"mean":{"confidence_interval":{"confidence_level":0.95,"lower_bound":-0.09484267391197593,"upper_bound":0.18292616486867086},"point_estimate":0.04854910160228321,"standard_error":0.07325521703122002},"median":{"confidence_interval":{"confidence_level":0.95,"lower_bound":-0.02149226695806361,"upper_bound":0.2600165823533531},"point_estimate":0.1586491964316996,"standard_error":0.06400539937979914}}