{"mean":{"confidence_interval":{"confidence_level":0.95,"lower_bound":3085280952.955,"upper_bound":3102800232.0474997},"point_estimate":3093492019.05,"standard_error":4477422.820536615},"median":{"confidence_interval":{"confidence_level":0.95,"lower_bound":3079552257.5,"upper_bound":3098122457.0},"point_estimate":3083375971.0,"standard_error":4605460.500433388},"median_abs_dev":{"confidence_interval":{"confidence_level":0.95,"lower_bound":3757415.3824925423,"upper_bound":27577843.592995405},"point_estimate":8860106.398701668,"standard_error":5661667.732108189},"slope":null,"std_dev":{"confidence_interval":{"confidence_level":0.95,"lower_bound":12347481.21588603,"upper_bound":24730788.97238403},"point_estimate":20525151.624838635,"standard_error":3161875.629649711}}