{"mean":{"confidence_interval":{"confidence_level":0.95,"lower_bound":412053728.6,"upper_bound":416772781.1},"point_estimate":413803008.3,"standard_error":1354569.9366694973},"median":{"confidence_interval":{"confidence_level":0.95,"lower_bound":411857091.0,"upper_bound":413241200.0},"point_estimate":412550264.0,"standard_error":447840.2090298625},"median_abs_dev":{"confidence_interval":{"confidence_level":0.95,"lower_bound":176083.95107388496,"upper_bound":1831930.179476738},"point_estimate":749633.6812913418,"standard_error":558010.3647817486},"slope":null,"std_dev":{"confidence_interval":{"confidence_level":0.95,"lower_bound":494751.7736888641,"upper_bound":6911162.1452267775},"point_estimate":4489012.311368456,"standard_error":2246246.2957140966}}