{"mean":{"confidence_interval":{"confidence_level":0.95,"lower_bound":-0.14081854555084555,"upper_bound":-0.06393343167110777},"point_estimate":-0.11165853079513899,"standard_error":0.01958127356955775},"median":{"confidence_interval":{"confidence_level":0.95,"lower_bound":-0.13777249600772457,"upper_bound":-0.1173198032801478},"point_estimate":-0.13087360844100682,"standard_error":0.005220648094253798}}