{"mean":{"confidence_interval":{"confidence_level":0.95,"lower_bound":-0.17510980278366012,"upper_bound":-0.16495007151652916},"point_estimate":-0.1703627128671904,"standard_error":0.002556559429924325},"median":{"confidence_interval":{"confidence_level":0.95,"lower_bound":-0.17551326990485727,"upper_bound":-0.1658208125371745},"point_estimate":-0.17012003210329896,"standard_error":0.002432764553368046}}