{"mean":{"confidence_interval":{"confidence_level":0.95,"lower_bound":-0.1827305307410725,"upper_bound":0.1334705814865841},"point_estimate":-0.028068327350902145,"standard_error":0.0822527952642569},"median":{"confidence_interval":{"confidence_level":0.95,"lower_bound":-0.12488498642979529,"upper_bound":0.2006878838222288},"point_estimate":0.054677772413267434,"standard_error":0.07782913561668457}}