{"mean":{"confidence_interval":{"confidence_level":0.95,"lower_bound":0.22289536359891018,"upper_bound":0.28892373296856777},"point_estimate":0.24874718895038206,"standard_error":0.018686565588807637},"median":{"confidence_interval":{"confidence_level":0.95,"lower_bound":0.22119640021175235,"upper_bound":0.24544274987769343},"point_estimate":0.2282954267547077,"standard_error":0.008134176885345902}}