{"mean":{"confidence_interval":{"confidence_level":0.95,"lower_bound":414959.775,"upper_bound":498240.7},"point_estimate":454774.0,"standard_error":21394.869129821796},"median":{"confidence_interval":{"confidence_level":0.95,"lower_bound":392555.0,"upper_bound":518318.5},"point_estimate":448914.0,"standard_error":30301.629018146512},"median_abs_dev":{"confidence_interval":{"confidence_level":0.95,"lower_bound":15303.396928310394,"upper_bound":127364.23333883286},"point_estimate":73627.3972928524,"standard_error":30010.460931218735},"slope":null,"std_dev":{"confidence_interval":{"confidence_level":0.95,"lower_bound":37167.83638278906,"upper_bound":87535.14289726409},"point_estimate":71338.59055237916,"standard_error":12875.772922741586}}