{"mean":{"confidence_interval":{"confidence_level":0.95,"lower_bound":1655573.4631786675,"upper_bound":1682079.5136801663},"point_estimate":1665920.1791312424,"standard_error":7133.063009950274},"median":{"confidence_interval":{"confidence_level":0.95,"lower_bound":1652894.1923076923,"upper_bound":1659363.7142857143},"point_estimate":1655342.5576923077,"standard_error":1864.8463427667357},"median_abs_dev":{"confidence_interval":{"confidence_level":0.95,"lower_bound":2151.681271660168,"upper_bound":11383.310768535344},"point_estimate":5421.544108993276,"standard_error":2396.6269342107553},"slope":{"confidence_interval":{"confidence_level":0.95,"lower_bound":1654096.6442896205,"upper_bound":1667595.2216108185},"point_estimate":1659520.0321897615,"standard_error":3549.048695330929},"std_dev":{"confidence_interval":{"confidence_level":0.95,"lower_bound":5729.760784182867,"upper_bound":52009.73145834954},"point_estimate":32739.977867854443,"standard_error":14485.25224427267}}