{"mean":{"confidence_interval":{"confidence_level":0.95,"lower_bound":77895.05,"upper_bound":86297.66124999999},"point_estimate":80923.95,"standard_error":2476.783231462416},"median":{"confidence_interval":{"confidence_level":0.95,"lower_bound":77683.0,"upper_bound":79748.5},"point_estimate":78203.0,"standard_error":735.0829570830783},"median_abs_dev":{"confidence_interval":{"confidence_level":0.95,"lower_bound":74.50064867734909,"upper_bound":2308.408159017563},"point_estimate":636.4060387015343,"standard_error":857.6754180679856},"slope":null,"std_dev":{"confidence_interval":{"confidence_level":0.95,"lower_bound":285.91342459269123,"upper_bound":12692.94311072154},"point_estimate":8263.67677936939,"standard_error":4304.393532779401}}