{"mean":{"confidence_interval":{"confidence_level":0.95,"lower_bound":-0.20861207002914608,"upper_bound":-0.0051568330795099425},"point_estimate":-0.11244525459551757,"standard_error":0.05211089286635156},"median":{"confidence_interval":{"confidence_level":0.95,"lower_bound":-0.19852631088044925,"upper_bound":0.029360972833659238},"point_estimate":-0.14511914600599907,"standard_error":0.06424114471112811}}