{"mean":{"confidence_interval":{"confidence_level":0.95,"lower_bound":-0.0622471040864182,"upper_bound":-0.040643101700371186},"point_estimate":-0.04992760852400446,"standard_error":0.005643140056450347},"median":{"confidence_interval":{"confidence_level":0.95,"lower_bound":-0.058236239046475236,"upper_bound":-0.04060377107881008},"point_estimate":-0.04279658029811062,"standard_error":0.004636112744790806}}