{"mean":{"confidence_interval":{"confidence_level":0.95,"lower_bound":0.18064042057846671,"upper_bound":0.2968549184006256},"point_estimate":0.24344031870743854,"standard_error":0.030145538820638522},"median":{"confidence_interval":{"confidence_level":0.95,"lower_bound":0.23411430258226806,"upper_bound":0.2956966588644159},"point_estimate":0.24938949642754338,"standard_error":0.015628542686375934}}