{"mean":{"confidence_interval":{"confidence_level":0.95,"lower_bound":215336.5,"upper_bound":267075.2},"point_estimate":235944.4,"standard_error":14045.98201582424},"median":{"confidence_interval":{"confidence_level":0.95,"lower_bound":212593.0,"upper_bound":240386.0},"point_estimate":218197.5,"standard_error":7720.480109276297},"median_abs_dev":{"confidence_interval":{"confidence_level":0.95,"lower_bound":1451.4653742313385,"upper_bound":35622.429567575455},"point_estimate":8589.442947506905,"standard_error":9306.856839623337},"slope":null,"std_dev":{"confidence_interval":{"confidence_level":0.95,"lower_bound":4693.389334629655,"upper_bound":70276.39651041372},"point_estimate":46826.2915090325,"standard_error":20002.9640147484}}