{"mean":{"confidence_interval":{"confidence_level":0.95,"lower_bound":129112.5,"upper_bound":130970.6125},"point_estimate":129940.7,"standard_error":479.05242938175707},"median":{"confidence_interval":{"confidence_level":0.95,"lower_bound":129064.0,"upper_bound":130872.0},"point_estimate":129443.5,"standard_error":386.3074983879225},"median_abs_dev":{"confidence_interval":{"confidence_level":0.95,"lower_bound":114.16019797325134,"upper_bound":2192.0240610837936},"point_estimate":571.542289853096,"standard_error":516.4134454093171},"slope":null,"std_dev":{"confidence_interval":{"confidence_level":0.95,"lower_bound":352.2818711935192,"upper_bound":2125.993927032196},"point_estimate":1596.2031373091445,"standard_error":457.20762904947753}}