{"mean":{"confidence_interval":{"confidence_level":0.95,"lower_bound":0.035707193360512035,"upper_bound":0.14556585134454808},"point_estimate":0.08786720962277794,"standard_error":0.027989101557106134},"median":{"confidence_interval":{"confidence_level":0.95,"lower_bound":-0.0005723529270188488,"upper_bound":0.12328829529838092},"point_estimate":0.056129194300593044,"standard_error":0.02991812632971527}}