{"mean":{"confidence_interval":{"confidence_level":0.95,"lower_bound":-0.4391533194665054,"upper_bound":-0.24687566447673534},"point_estimate":-0.370110899959857,"standard_error":0.05305134396265967},"median":{"confidence_interval":{"confidence_level":0.95,"lower_bound":-0.4434192493036827,"upper_bound":-0.41985638807979375},"point_estimate":-0.4365620061930885,"standard_error":0.006588098580391627}}