{"mean":{"confidence_interval":{"confidence_level":0.95,"lower_bound":0.21974590683333306,"upper_bound":0.4834593332159829},"point_estimate":0.3440639632132523,"standard_error":0.06939693709830982},"median":{"confidence_interval":{"confidence_level":0.95,"lower_bound":0.15690913786807825,"upper_bound":0.5507118349724733},"point_estimate":0.3622610590439097,"standard_error":0.10665629286333865}}