{"mean":{"confidence_interval":{"confidence_level":0.95,"lower_bound":0.049927632839754044,"upper_bound":0.15581988511638464},"point_estimate":0.0962822390154281,"standard_error":0.027449613936147324},"median":{"confidence_interval":{"confidence_level":0.95,"lower_bound":0.019145045497684254,"upper_bound":0.13800707221749042},"point_estimate":0.09781808159953931,"standard_error":0.03017083553647776}}