{"mean":{"confidence_interval":{"confidence_level":0.95,"lower_bound":-0.33477800514286005,"upper_bound":0.017898629094655616},"point_estimate":-0.1500531056744422,"standard_error":0.10138967910867436},"median":{"confidence_interval":{"confidence_level":0.95,"lower_bound":-0.12505832125980942,"upper_bound":0.06413187294976086},"point_estimate":-0.04273501110973388,"standard_error":0.057884697497727886}}