{"mean":{"confidence_interval":{"confidence_level":0.95,"lower_bound":-0.13015311322307663,"upper_bound":0.00700049758041714},"point_estimate":-0.06284622795710681,"standard_error":0.03573982206943},"median":{"confidence_interval":{"confidence_level":0.95,"lower_bound":-0.16245842404885136,"upper_bound":0.0571095389367553},"point_estimate":-0.11176266714154681,"standard_error":0.05988016706239503}}