{"mean":{"confidence_interval":{"confidence_level":0.95,"lower_bound":92046.09875,"upper_bound":95281.85375000001},"point_estimate":93296.15,"standard_error":898.2178416071573},"median":{"confidence_interval":{"confidence_level":0.95,"lower_bound":91881.5,"upper_bound":93448.0},"point_estimate":92104.0,"standard_error":465.25580886067337},"median_abs_dev":{"confidence_interval":{"confidence_level":0.95,"lower_bound":105.26459813117981,"upper_bound":1968.892765045166},"point_estimate":497.41229116916656,"standard_error":526.5234486374954},"slope":null,"std_dev":{"confidence_interval":{"confidence_level":0.95,"lower_bound":333.82361933781306,"upper_bound":4564.555379149789},"point_estimate":2996.172707249478,"standard_error":1375.3121659892809}}