{"mean":{"confidence_interval":{"confidence_level":0.95,"lower_bound":-0.19382285952445177,"upper_bound":0.04575306433469293},"point_estimate":-0.09156511098075659,"standard_error":0.06067269552059287},"median":{"confidence_interval":{"confidence_level":0.95,"lower_bound":-0.21492173545792892,"upper_bound":0.006082086286864463},"point_estimate":-0.1493476430048547,"standard_error":0.04312697623012098}}