{"mean":{"confidence_interval":{"confidence_level":0.95,"lower_bound":-0.37220912067135076,"upper_bound":0.026572801510175263},"point_estimate":-0.16820782015438163,"standard_error":0.11262977986887465},"median":{"confidence_interval":{"confidence_level":0.95,"lower_bound":-0.13456958149030285,"upper_bound":0.06318213677781115},"point_estimate":-0.05629042192793343,"standard_error":0.054509121493147336}}