{"mean":{"confidence_interval":{"confidence_level":0.95,"lower_bound":359870.9,"upper_bound":484614.0},"point_estimate":413909.7,"standard_error":32392.883284004165},"median":{"confidence_interval":{"confidence_level":0.95,"lower_bound":342020.5,"upper_bound":464974.5},"point_estimate":374392.0,"standard_error":27522.999299945554},"median_abs_dev":{"confidence_interval":{"confidence_level":0.95,"lower_bound":13150.661766529083,"upper_bound":134145.64561843872},"point_estimate":49286.07092499733,"standard_error":31277.17988805685},"slope":null,"std_dev":{"confidence_interval":{"confidence_level":0.95,"lower_bound":25335.785486102108,"upper_bound":150732.3972636951},"point_estimate":108025.80849865873,"standard_error":34629.75648932486}}