{"mean":{"confidence_interval":{"confidence_level":0.95,"lower_bound":-0.027853007105714523,"upper_bound":-0.016762163638247146},"point_estimate":-0.021954434197446582,"standard_error":0.002804450117539819},"median":{"confidence_interval":{"confidence_level":0.95,"lower_bound":-0.02633372742782092,"upper_bound":-0.012474447998668259},"point_estimate":-0.02068466232288757,"standard_error":0.0033469476684275497}}