{"mean":{"confidence_interval":{"confidence_level":0.95,"lower_bound":316104.8375,"upper_bound":391328.6},"point_estimate":344822.8,"standard_error":20933.099605694428},"median":{"confidence_interval":{"confidence_level":0.95,"lower_bound":309515.0,"upper_bound":345275.0},"point_estimate":323136.5,"standard_error":10711.832282830806},"median_abs_dev":{"confidence_interval":{"confidence_level":0.95,"lower_bound":5011.92921102047,"upper_bound":42936.83653771877},"point_estimate":21696.36801481247,"standard_error":10195.088932679004},"slope":null,"std_dev":{"confidence_interval":{"confidence_level":0.95,"lower_bound":11854.164788123056,"upper_bound":106852.64704925813},"point_estimate":69718.71498752048,"standard_error":32560.61961818335}}