{"mean":{"confidence_interval":{"confidence_level":0.95,"lower_bound":-0.015983243410458564,"upper_bound":0.24572545810840715},"point_estimate":0.11043091193957078,"standard_error":0.06696129693147497},"median":{"confidence_interval":{"confidence_level":0.95,"lower_bound":-0.03734994605737718,"upper_bound":0.29406407254247413},"point_estimate":0.08803148821683027,"standard_error":0.08314265760552218}}