{"mean":{"confidence_interval":{"confidence_level":0.95,"lower_bound":0.1286350261812906,"upper_bound":0.47270362483799344},"point_estimate":0.28540811515461884,"standard_error":0.08367453637622342},"median":{"confidence_interval":{"confidence_level":0.95,"lower_bound":0.051485686316643964,"upper_bound":0.5244655084771104},"point_estimate":0.12364393631506654,"standard_error":0.14224978600618468}}