{"mean":{"confidence_interval":{"confidence_level":0.95,"lower_bound":-0.3349031809646081,"upper_bound":0.1253066191844911},"point_estimate":-0.11963327111038968,"standard_error":0.1204003742819292},"median":{"confidence_interval":{"confidence_level":0.95,"lower_bound":-0.18351438314469737,"upper_bound":0.10338653427206346},"point_estimate":-0.016493622070602232,"standard_error":0.08678467793188453}}