{"mean":{"confidence_interval":{"confidence_level":0.95,"lower_bound":-0.05087014990166632,"upper_bound":-0.031803215031799476},"point_estimate":-0.04241549302497116,"standard_error":0.004871784728430525},"median":{"confidence_interval":{"confidence_level":0.95,"lower_bound":-0.05345748004594897,"upper_bound":-0.03714213397098742},"point_estimate":-0.047821808059912985,"standard_error":0.004135635864767023}}