{"mean":{"confidence_interval":{"confidence_level":0.95,"lower_bound":36235632.50876676,"upper_bound":38298724.862395175},"point_estimate":37295263.34223963,"standard_error":527898.6290431616},"median":{"confidence_interval":{"confidence_level":0.95,"lower_bound":35682851.01048951,"upper_bound":39293299.35267857},"point_estimate":38052100.155228764,"standard_error":958632.6195272946},"median_abs_dev":{"confidence_interval":{"confidence_level":0.95,"lower_bound":804873.3442106512,"upper_bound":3973144.612837583},"point_estimate":2380916.869221445,"standard_error":899914.7044408203},"slope":{"confidence_interval":{"confidence_level":0.95,"lower_bound":37613913.85951885,"upper_bound":38907953.82756288},"point_estimate":38273753.29512195,"standard_error":329505.3923948283},"std_dev":{"confidence_interval":{"confidence_level":0.95,"lower_bound":1818735.318710649,"upper_bound":2744312.9140207283},"point_estimate":2420922.3757669292,"standard_error":235244.39549507195}}