{"mean":{"confidence_interval":{"confidence_level":0.95,"lower_bound":0.2131806120399757,"upper_bound":0.8020077786148999},"point_estimate":0.4893808074392767,"standard_error":0.15141713253734043},"median":{"confidence_interval":{"confidence_level":0.95,"lower_bound":0.2675590314332983,"upper_bound":0.7959512159432789},"point_estimate":0.6367584866841924,"standard_error":0.1322512769154359}}