{"mean":{"confidence_interval":{"confidence_level":0.95,"lower_bound":-0.2805289810013651,"upper_bound":-0.05732309503062938},"point_estimate":-0.17118258694720645,"standard_error":0.05761392598631611},"median":{"confidence_interval":{"confidence_level":0.95,"lower_bound":-0.2594846338115149,"upper_bound":-0.006601761971966602},"point_estimate":-0.15486691110301276,"standard_error":0.07307156925240071}}