{"mean":{"confidence_interval":{"confidence_level":0.95,"lower_bound":619263.4,"upper_bound":1196358.7},"point_estimate":847225.7,"standard_error":156812.67777355883},"median":{"confidence_interval":{"confidence_level":0.95,"lower_bound":573543.5,"upper_bound":839182.0},"point_estimate":771082.0,"standard_error":82032.39444371471},"median_abs_dev":{"confidence_interval":{"confidence_level":0.95,"lower_bound":32903.34121584892,"upper_bound":401728.2540678978},"point_estimate":137780.98075389862,"standard_error":100212.67160575648},"slope":null,"std_dev":{"confidence_interval":{"confidence_level":0.95,"lower_bound":106167.86705673531,"upper_bound":793784.4837330398},"point_estimate":520573.9958392189,"standard_error":229342.83980397013}}