{"mean":{"confidence_interval":{"confidence_level":0.95,"lower_bound":621799.5525000001,"upper_bound":1120721.3},"point_estimate":850359.1,"standard_error":127885.35655813546},"median":{"confidence_interval":{"confidence_level":0.95,"lower_bound":530713.0,"upper_bound":1195562.0},"point_estimate":664788.0,"standard_error":164987.89576672087},"median_abs_dev":{"confidence_interval":{"confidence_level":0.95,"lower_bound":16986.889198422432,"upper_bound":663008.3300292492},"point_estimate":217831.00113272667,"standard_error":173311.96082509204},"slope":null,"std_dev":{"confidence_interval":{"confidence_level":0.95,"lower_bound":145709.1241986711,"upper_bound":532390.3711097068},"point_estimate":426932.2202544958,"standard_error":100453.30244189991}}