{"mean":{"confidence_interval":{"confidence_level":0.95,"lower_bound":246481.1,"upper_bound":297952.9},"point_estimate":266655.8,"standard_error":14089.5584490034},"median":{"confidence_interval":{"confidence_level":0.95,"lower_bound":242181.0,"upper_bound":271194.0},"point_estimate":247318.5,"standard_error":8426.201076058196},"median_abs_dev":{"confidence_interval":{"confidence_level":0.95,"lower_bound":1623.4469711780548,"upper_bound":33139.07461166382},"point_estimate":9943.056723475456,"standard_error":9399.643452930939},"slope":null,"std_dev":{"confidence_interval":{"confidence_level":0.95,"lower_bound":7629.210761569276,"upper_bound":70998.11820288656},"point_estimate":46904.14872150319,"standard_error":20610.825140141118}}