{"mean":{"confidence_interval":{"confidence_level":0.95,"lower_bound":-0.18661606121760826,"upper_bound":-0.14157558526512823},"point_estimate":-0.16489225054266343,"standard_error":0.011279304213464209},"median":{"confidence_interval":{"confidence_level":0.95,"lower_bound":-0.17914146036564949,"upper_bound":-0.15343583737814115},"point_estimate":-0.17131302043735852,"standard_error":0.007147490757743892}}