{"mean":{"confidence_interval":{"confidence_level":0.95,"lower_bound":-0.24313757616007114,"upper_bound":-0.031902933233488986},"point_estimate":-0.15424753590363716,"standard_error":0.054292159766244734},"median":{"confidence_interval":{"confidence_level":0.95,"lower_bound":-0.2371910917455563,"upper_bound":-0.10446943372839568},"point_estimate":-0.17295188732638467,"standard_error":0.029920114290419183}}