{"mean":{"confidence_interval":{"confidence_level":0.95,"lower_bound":-0.059424661721598826,"upper_bound":0.22307732608088107},"point_estimate":0.060117342976584665,"standard_error":0.07323378398052913},"median":{"confidence_interval":{"confidence_level":0.95,"lower_bound":-0.14452006708949527,"upper_bound":0.17419826752946999},"point_estimate":0.01930411816168176,"standard_error":0.07810710606125061}}