{"mean":{"confidence_interval":{"confidence_level":0.95,"lower_bound":378314.78250000003,"upper_bound":458313.26499999996},"point_estimate":417063.7,"standard_error":20473.970947101214},"median":{"confidence_interval":{"confidence_level":0.95,"lower_bound":344380.0,"upper_bound":464572.0},"point_estimate":412595.0,"standard_error":31271.099511504763},"median_abs_dev":{"confidence_interval":{"confidence_level":0.95,"lower_bound":6370.732086896896,"upper_bound":117828.15030813217},"point_estimate":85281.37438595295,"standard_error":27834.00307962843},"slope":null,"std_dev":{"confidence_interval":{"confidence_level":0.95,"lower_bound":39709.3122047937,"upper_bound":86975.96302909152},"point_estimate":68632.37046766716,"standard_error":12571.72150736439}}