{"mean":{"confidence_interval":{"confidence_level":0.95,"lower_bound":-0.06278375246949375,"upper_bound":-0.04133581571744033},"point_estimate":-0.05213096352754265,"standard_error":0.005421739591435074},"median":{"confidence_interval":{"confidence_level":0.95,"lower_bound":-0.06576181441804874,"upper_bound":-0.043085069372834406},"point_estimate":-0.054947028968195144,"standard_error":0.005122448680484505}}