{"mean":{"confidence_interval":{"confidence_level":0.95,"lower_bound":60939499.8215625,"upper_bound":61503952.52875},"point_estimate":61215954.8625,"standard_error":144514.23464250512},"median":{"confidence_interval":{"confidence_level":0.95,"lower_bound":60974855.875,"upper_bound":61315811.125},"point_estimate":61165566.5,"standard_error":116012.40499806625},"median_abs_dev":{"confidence_interval":{"confidence_level":0.95,"lower_bound":190449.41819384694,"upper_bound":1101271.1832985282},"point_estimate":340305.2491083741,"standard_error":222171.4454459829},"slope":null,"std_dev":{"confidence_interval":{"confidence_level":0.95,"lower_bound":411656.6263009471,"upper_bound":844840.3383866438},"point_estimate":661991.1395951386,"standard_error":110288.1686046293}}