{"mean":{"confidence_interval":{"confidence_level":0.95,"lower_bound":-0.04669002253224599,"upper_bound":0.12331708597358931},"point_estimate":0.029679879298442957,"standard_error":0.04503502490221738},"median":{"confidence_interval":{"confidence_level":0.95,"lower_bound":-0.0542328501935867,"upper_bound":0.11023063678022593},"point_estimate":-0.04537289889406282,"standard_error":0.028809527853231025}}