{"mean":{"confidence_interval":{"confidence_level":0.95,"lower_bound":1622835720.715,"upper_bound":1867156940.9799998},"point_estimate":1753769399.15,"standard_error":63135178.588532075},"median":{"confidence_interval":{"confidence_level":0.95,"lower_bound":1875746111.5,"upper_bound":1922882500.0},"point_estimate":1881496011.0,"standard_error":48938121.17087779},"median_abs_dev":{"confidence_interval":{"confidence_level":0.95,"lower_bound":17594143.61514151,"upper_bound":143061533.35855007},"point_estimate":74669626.52674913,"standard_error":50249855.76188235},"slope":null,"std_dev":{"confidence_interval":{"confidence_level":0.95,"lower_bound":189811089.81441706,"upper_bound":335763352.8673196},"point_estimate":290280638.4325822,"standard_error":42320536.72944168}}