{"mean":{"confidence_interval":{"confidence_level":0.95,"lower_bound":247822.1,"upper_bound":307466.795},"point_estimate":270350.5,"standard_error":16853.951983925563},"median":{"confidence_interval":{"confidence_level":0.95,"lower_bound":248371.0,"upper_bound":269662.0},"point_estimate":251215.5,"standard_error":6711.209863153886},"median_abs_dev":{"confidence_interval":{"confidence_level":0.95,"lower_bound":207.56399631500244,"upper_bound":29282.83208012581},"point_estimate":4307.69422352314,"standard_error":9448.898694300451},"slope":null,"std_dev":{"confidence_interval":{"confidence_level":0.95,"lower_bound":6586.279792956803,"upper_bound":85757.70208597399},"point_estimate":56021.42868631213,"standard_error":26999.222539384304}}