{"mean":{"confidence_interval":{"confidence_level":0.95,"lower_bound":349294.0975,"upper_bound":360862.7},"point_estimate":354560.9,"standard_error":2985.1223099913173},"median":{"confidence_interval":{"confidence_level":0.95,"lower_bound":348246.0,"upper_bound":360099.5},"point_estimate":350642.5,"standard_error":3041.227286886489},"median_abs_dev":{"confidence_interval":{"confidence_level":0.95,"lower_bound":701.2697875499725,"upper_bound":14655.500739812851},"point_estimate":4112.7323269844055,"standard_error":3648.6004962434185},"slope":null,"std_dev":{"confidence_interval":{"confidence_level":0.95,"lower_bound":2613.179738506064,"upper_bound":12842.715859924083},"point_estimate":9948.84709624409,"standard_error":2548.9720408436747}}