{"mean":{"confidence_interval":{"confidence_level":0.95,"lower_bound":57768.65,"upper_bound":58793.6025},"point_estimate":58246.45,"standard_error":262.34533739938905},"median":{"confidence_interval":{"confidence_level":0.95,"lower_bound":57630.25,"upper_bound":59148.0},"point_estimate":57827.25,"standard_error":375.57553287329034},"median_abs_dev":{"confidence_interval":{"confidence_level":0.95,"lower_bound":61.52789890766144,"upper_bound":1425.8905246853828},"point_estimate":350.2642437815666,"standard_error":337.72876890928904},"slope":null,"std_dev":{"confidence_interval":{"confidence_level":0.95,"lower_bound":191.83441934242262,"upper_bound":1033.271078769856},"point_estimate":875.7517865620753,"standard_error":174.4407501993562}}