{"mean":{"confidence_interval":{"confidence_level":0.95,"lower_bound":-0.17154397339391655,"upper_bound":-0.0401809798670782},"point_estimate":-0.12112845610001244,"standard_error":0.035645054730313465},"median":{"confidence_interval":{"confidence_level":0.95,"lower_bound":-0.17723937694770375,"upper_bound":-0.11656446571982437},"point_estimate":-0.1665889525108778,"standard_error":0.01805098086907352}}