{"mean":{"confidence_interval":{"confidence_level":0.95,"lower_bound":307369.5075,"upper_bound":555081.3},"point_estimate":409199.6,"standard_error":66014.29813965729},"median":{"confidence_interval":{"confidence_level":0.95,"lower_bound":279907.0,"upper_bound":455065.5},"point_estimate":339526.5,"standard_error":44376.03778133829},"median_abs_dev":{"confidence_interval":{"confidence_level":0.95,"lower_bound":19121.09186053276,"upper_bound":199676.56445503235},"point_estimate":89269.56831514835,"standard_error":48625.64520310926},"slope":null,"std_dev":{"confidence_interval":{"confidence_level":0.95,"lower_bound":48188.249866448234,"upper_bound":328156.23308121937},"point_estimate":220443.93879432374,"standard_error":87334.20241741321}}