{"mean":{"confidence_interval":{"confidence_level":0.95,"lower_bound":-0.17716550494940653,"upper_bound":-0.143558103688223},"point_estimate":-0.16187996378743397,"standard_error":0.0086369610456661},"median":{"confidence_interval":{"confidence_level":0.95,"lower_bound":-0.18426109693475723,"upper_bound":-0.1561352765516849},"point_estimate":-0.16533066670246044,"standard_error":0.007112461412382071}}