{"mean":{"confidence_interval":{"confidence_level":0.95,"lower_bound":-0.15297322995954213,"upper_bound":-0.11320302302870315},"point_estimate":-0.13508414200189833,"standard_error":0.009940068635710064},"median":{"confidence_interval":{"confidence_level":0.95,"lower_bound":-0.1594249900423339,"upper_bound":-0.10935826674355387},"point_estimate":-0.14047866155803013,"standard_error":0.013047939940012845}}