{"mean":{"confidence_interval":{"confidence_level":0.95,"lower_bound":-0.18105788695438216,"upper_bound":-0.16084865926107678},"point_estimate":-0.17106306706229035,"standard_error":0.005149087834304867},"median":{"confidence_interval":{"confidence_level":0.95,"lower_bound":-0.1816472433158619,"upper_bound":-0.15789825255170198},"point_estimate":-0.17412145479104824,"standard_error":0.005850808808616277}}