{"mean":{"confidence_interval":{"confidence_level":0.95,"lower_bound":-0.3110467083450391,"upper_bound":-0.2519792247748481},"point_estimate":-0.27866999743674636,"standard_error":0.015373899970663706},"median":{"confidence_interval":{"confidence_level":0.95,"lower_bound":-0.30246118025408264,"upper_bound":-0.2522811349977916},"point_estimate":-0.2692555048837574,"standard_error":0.010413289554930759}}