{"mean":{"confidence_interval":{"confidence_level":0.95,"lower_bound":0.2135092477101246,"upper_bound":0.3166892102014206},"point_estimate":0.26772933734574544,"standard_error":0.02559090483213816},"median":{"confidence_interval":{"confidence_level":0.95,"lower_bound":0.2639513832951854,"upper_bound":0.28362869198312235},"point_estimate":0.2741346118051238,"standard_error":0.006774049909830891}}