{"mean":{"confidence_interval":{"confidence_level":0.95,"lower_bound":29019.929559523807,"upper_bound":29510.380952380954},"point_estimate":29234.120476190477,"standard_error":127.60032722708449},"median":{"confidence_interval":{"confidence_level":0.95,"lower_bound":28911.666666666668,"upper_bound":29424.333333333332},"point_estimate":29076.166666666664,"standard_error":149.21232442130815},"median_abs_dev":{"confidence_interval":{"confidence_level":0.95,"lower_bound":24.51231956482401,"upper_bound":616.761589050293},"point_estimate":285.79585492610624,"standard_error":138.6331493237447},"slope":{"confidence_interval":{"confidence_level":0.95,"lower_bound":28979.04479389245,"upper_bound":29415.233766233767},"point_estimate":29167.68051948052,"standard_error":112.66139517233528},"std_dev":{"confidence_interval":{"confidence_level":0.95,"lower_bound":165.24513470852983,"upper_bound":608.3629830236048},"point_estimate":425.3178686737747,"standard_error":134.3132469761941}}