{"mean":{"confidence_interval":{"confidence_level":0.95,"lower_bound":-0.19764280987167537,"upper_bound":-0.019498948715173166},"point_estimate":-0.09416115837649519,"standard_error":0.05004892888437505},"median":{"confidence_interval":{"confidence_level":0.95,"lower_bound":-0.07550979320072937,"upper_bound":-0.023805917833203072},"point_estimate":-0.0497350845594583,"standard_error":0.016346093555150775}}