{"mean":{"confidence_interval":{"confidence_level":0.95,"lower_bound":-0.2727966291328389,"upper_bound":0.3290294924248227},"point_estimate":0.038742146095796626,"standard_error":0.19973066627083794},"median":{"confidence_interval":{"confidence_level":0.95,"lower_bound":0.2936334178579305,"upper_bound":0.33395242011865456},"point_estimate":0.3191824721363328,"standard_error":0.03385087075683886}}