{"mean":{"confidence_interval":{"confidence_level":0.95,"lower_bound":262346.86000000004,"upper_bound":325086.3},"point_estimate":290558.2,"standard_error":16181.334156299314},"median":{"confidence_interval":{"confidence_level":0.95,"lower_bound":250609.0,"upper_bound":315543.0},"point_estimate":273393.5,"standard_error":16244.685694492071},"median_abs_dev":{"confidence_interval":{"confidence_level":0.95,"lower_bound":5235.801807045937,"upper_bound":76712.68783807755},"point_estimate":38095.40632367134,"standard_error":19044.751717002546},"slope":null,"std_dev":{"confidence_interval":{"confidence_level":0.95,"lower_bound":15205.553763069542,"upper_bound":72970.31275198307},"point_estimate":54070.29904526555,"standard_error":14828.569695618224}}