{"mean":{"confidence_interval":{"confidence_level":0.95,"lower_bound":-0.9060644116394634,"upper_bound":-0.8971195758249444},"point_estimate":-0.9011929434586797,"standard_error":0.002292494916361822},"median":{"confidence_interval":{"confidence_level":0.95,"lower_bound":-0.9015872467400732,"upper_bound":-0.89849706447993},"point_estimate":-0.9002371098285805,"standard_error":0.0007492938173100193}}