{"mean":{"confidence_interval":{"confidence_level":0.95,"lower_bound":-0.21677071526485395,"upper_bound":-0.13847984748412354},"point_estimate":-0.17219134049086382,"standard_error":0.020732253329800346},"median":{"confidence_interval":{"confidence_level":0.95,"lower_bound":-0.19072916260315398,"upper_bound":-0.1372471933032421},"point_estimate":-0.14988919131973866,"standard_error":0.01129250229893056}}