{"mean":{"confidence_interval":{"confidence_level":0.95,"lower_bound":-0.14524317831971625,"upper_bound":-0.045889436877732864},"point_estimate":-0.10421013616779162,"standard_error":0.025648296895171174},"median":{"confidence_interval":{"confidence_level":0.95,"lower_bound":-0.16872433536176734,"upper_bound":-0.0341974875682286},"point_estimate":-0.12239974048092128,"standard_error":0.036237119189781765}}