{"mean":{"confidence_interval":{"confidence_level":0.95,"lower_bound":191184.2,"upper_bound":195993.6},"point_estimate":193065.5,"standard_error":1327.4989059489828},"median":{"confidence_interval":{"confidence_level":0.95,"lower_bound":191052.0,"upper_bound":193453.0},"point_estimate":191471.5,"standard_error":603.2401153908805},"median_abs_dev":{"confidence_interval":{"confidence_level":0.95,"lower_bound":212.7530962228775,"upper_bound":2908.8611483573914},"point_estimate":931.8140834569931,"standard_error":742.2825062278447},"slope":null,"std_dev":{"confidence_interval":{"confidence_level":0.95,"lower_bound":531.7522059579187,"upper_bound":6691.82956547261},"point_estimate":4415.100558814538,"standard_error":1979.5896415313564}}