{"mean":{"confidence_interval":{"confidence_level":0.95,"lower_bound":92959.9,"upper_bound":103450.35},"point_estimate":97050.0,"standard_error":2892.508448058843},"median":{"confidence_interval":{"confidence_level":0.95,"lower_bound":92278.5,"upper_bound":97775.5},"point_estimate":93205.75,"standard_error":1626.9978820449082},"median_abs_dev":{"confidence_interval":{"confidence_level":0.95,"lower_bound":43.73669922351837,"upper_bound":6154.272490739822},"point_estimate":1647.5392207503319,"standard_error":1935.2714041108636},"slope":null,"std_dev":{"confidence_interval":{"confidence_level":0.95,"lower_bound":1264.5736470409277,"upper_bound":14598.68185985274},"point_estimate":9619.299882123554,"standard_error":4308.799598704837}}