{"mean":{"confidence_interval":{"confidence_level":0.95,"lower_bound":271917.9,"upper_bound":282806.77749999997},"point_estimate":277112.9,"standard_error":2792.6918672703055},"median":{"confidence_interval":{"confidence_level":0.95,"lower_bound":269585.5,"upper_bound":284307.0},"point_estimate":275367.0,"standard_error":3371.9328275257776},"median_abs_dev":{"confidence_interval":{"confidence_level":0.95,"lower_bound":2127.530962228775,"upper_bound":16160.339713096619},"point_estimate":7573.861965537071,"standard_error":3483.694330861581},"slope":null,"std_dev":{"confidence_interval":{"confidence_level":0.95,"lower_bound":4530.491836189287,"upper_bound":11926.177911807734},"point_estimate":9305.480469415143,"standard_error":1912.7122586902628}}