{"mean":{"confidence_interval":{"confidence_level":0.95,"lower_bound":-0.07103484280544999,"upper_bound":0.12399464919655026},"point_estimate":0.027587220034754667,"standard_error":0.05116482809076946},"median":{"confidence_interval":{"confidence_level":0.95,"lower_bound":-0.14851674084040567,"upper_bound":0.21814475025484192},"point_estimate":-0.0005265044946687336,"standard_error":0.09149199327800346}}