{"mean":{"confidence_interval":{"confidence_level":0.95,"lower_bound":4222644856.73625,"upper_bound":4322407123.84625},"point_estimate":4269504826.3,"standard_error":25473468.139253177},"median":{"confidence_interval":{"confidence_level":0.95,"lower_bound":4218038767.0,"upper_bound":4277197858.0},"point_estimate":4256372999.0,"standard_error":18152490.578212857},"median_abs_dev":{"confidence_interval":{"confidence_level":0.95,"lower_bound":25377962.493351102,"upper_bound":142048154.77884114},"point_estimate":73376536.18820608,"standard_error":30657744.1153236},"slope":null,"std_dev":{"confidence_interval":{"confidence_level":0.95,"lower_bound":63827288.01744924,"upper_bound":151515048.48238158},"point_estimate":116816809.89412677,"standard_error":22415010.58263611}}