{"mean":{"confidence_interval":{"confidence_level":0.95,"lower_bound":217649680.5,"upper_bound":220378248.8},"point_estimate":218932047.8,"standard_error":701256.6265118242},"median":{"confidence_interval":{"confidence_level":0.95,"lower_bound":216708615.0,"upper_bound":220283669.5},"point_estimate":218730041.5,"standard_error":905353.9563594151},"median_abs_dev":{"confidence_interval":{"confidence_level":0.95,"lower_bound":296093.7472432852,"upper_bound":3909652.454289794},"point_estimate":2434992.544770241,"standard_error":891624.6107422892},"slope":null,"std_dev":{"confidence_interval":{"confidence_level":0.95,"lower_bound":1150375.349785553,"upper_bound":3069740.9795497577},"point_estimate":2333805.7259577257,"standard_error":525273.9828367362}}