{"mean":{"confidence_interval":{"confidence_level":0.95,"lower_bound":0.30248961286343956,"upper_bound":0.5194670580515981},"point_estimate":0.40627491494484214,"standard_error":0.05682276136035587},"median":{"confidence_interval":{"confidence_level":0.95,"lower_bound":0.2853004886029755,"upper_bound":0.5741702386086589},"point_estimate":0.4171861754011934,"standard_error":0.07713331057612183}}