{"mean":{"confidence_interval":{"confidence_level":0.95,"lower_bound":-0.11794253024554542,"upper_bound":0.11773576268596503},"point_estimate":-0.016903451984151663,"standard_error":0.05994987709895242},"median":{"confidence_interval":{"confidence_level":0.95,"lower_bound":-0.15610907660179774,"upper_bound":0.06606677084137913},"point_estimate":-0.09437811190659573,"standard_error":0.06704007033259901}}