{"mean":{"confidence_interval":{"confidence_level":0.95,"lower_bound":-0.14176187155475128,"upper_bound":0.11348269397892187},"point_estimate":-0.029627361520538797,"standard_error":0.06499217602169832},"median":{"confidence_interval":{"confidence_level":0.95,"lower_bound":-0.14428720990468924,"upper_bound":0.16815463408349074},"point_estimate":-0.04616553824258851,"standard_error":0.07034539681293729}}