{"mean":{"confidence_interval":{"confidence_level":0.95,"lower_bound":-0.31375938593976904,"upper_bound":0.14343113497232024},"point_estimate":-0.08246775753442281,"standard_error":0.12989728116494204},"median":{"confidence_interval":{"confidence_level":0.95,"lower_bound":-0.04292560375820531,"upper_bound":0.19973071888886107},"point_estimate":0.09135530588630503,"standard_error":0.06727338322049589}}