{"mean":{"confidence_interval":{"confidence_level":0.95,"lower_bound":-0.34906310049890854,"upper_bound":0.09221558389426152},"point_estimate":-0.12888213261059045,"standard_error":0.1212767685983668},"median":{"confidence_interval":{"confidence_level":0.95,"lower_bound":-0.09151282082699541,"upper_bound":0.0513093485295566},"point_estimate":-0.005055844006673582,"standard_error":0.039496738470081644}}