{"mean":{"confidence_interval":{"confidence_level":0.95,"lower_bound":537142.0825,"upper_bound":625849.84},"point_estimate":577908.0,"standard_error":22943.118319389374},"median":{"confidence_interval":{"confidence_level":0.95,"lower_bound":520687.0,"upper_bound":649329.0},"point_estimate":545947.0,"standard_error":30837.99866823722},"median_abs_dev":{"confidence_interval":{"confidence_level":0.95,"lower_bound":8259.564453363419,"upper_bound":119431.58217966557},"point_estimate":38164.347222447395,"standard_error":28211.29408321982},"slope":null,"std_dev":{"confidence_interval":{"confidence_level":0.95,"lower_bound":20210.154258578918,"upper_bound":97395.67474892442},"point_estimate":76321.53644359573,"standard_error":17294.1892005536}}