{"mean":{"confidence_interval":{"confidence_level":0.95,"lower_bound":-0.40804646427164915,"upper_bound":0.11198414854081763},"point_estimate":-0.19476048641300037,"standard_error":0.13515111155348253},"median":{"confidence_interval":{"confidence_level":0.95,"lower_bound":-0.38188775403986364,"upper_bound":0.11185742533867438},"point_estimate":-0.04469117878454909,"standard_error":0.09441929428249296}}