{"mean":{"confidence_interval":{"confidence_level":0.95,"lower_bound":-0.19127977285204978,"upper_bound":0.14256492146175243},"point_estimate":-0.035510068605986045,"standard_error":0.08613363106283446},"median":{"confidence_interval":{"confidence_level":0.95,"lower_bound":-0.18714613725002793,"upper_bound":0.19954445499402285},"point_estimate":0.09233824414484659,"standard_error":0.09703128804481714}}