{"mean":{"confidence_interval":{"confidence_level":0.95,"lower_bound":-0.030496771013169853,"upper_bound":0.15300802309956218},"point_estimate":0.036909843044393265,"standard_error":0.05024235510714404},"median":{"confidence_interval":{"confidence_level":0.95,"lower_bound":-0.056183168720920884,"upper_bound":0.06494216630702998},"point_estimate":-0.009897882655836243,"standard_error":0.03536875761380419}}