{"mean":{"confidence_interval":{"confidence_level":0.95,"lower_bound":-0.17569040522276777,"upper_bound":-0.15274381575346999},"point_estimate":-0.16405474630704686,"standard_error":0.00574813534148816},"median":{"confidence_interval":{"confidence_level":0.95,"lower_bound":-0.17011738295512946,"upper_bound":-0.15031490932783143},"point_estimate":-0.1663688712573902,"standard_error":0.00494758410905586}}