{"mean":{"confidence_interval":{"confidence_level":0.95,"lower_bound":0.12891196157976056,"upper_bound":0.39198588623059666},"point_estimate":0.25741691670823275,"standard_error":0.06718476389348296},"median":{"confidence_interval":{"confidence_level":0.95,"lower_bound":0.08877279453550058,"upper_bound":0.40498445502017333},"point_estimate":0.2584121626830338,"standard_error":0.08391908337414893}}