{"mean":{"confidence_interval":{"confidence_level":0.95,"lower_bound":-0.1993418070851311,"upper_bound":0.5192210387126752},"point_estimate":0.13180160716939304,"standard_error":0.19314140605343413},"median":{"confidence_interval":{"confidence_level":0.95,"lower_bound":0.03220263378211197,"upper_bound":0.5962935617247489},"point_estimate":0.33661794825101565,"standard_error":0.16565547180877407}}