{"mean":{"confidence_interval":{"confidence_level":0.95,"lower_bound":-0.19844094316901034,"upper_bound":-0.1492982868815853},"point_estimate":-0.17316879193614754,"standard_error":0.01265070946661991},"median":{"confidence_interval":{"confidence_level":0.95,"lower_bound":-0.20604769538558598,"upper_bound":-0.1435983298193394},"point_estimate":-0.16487382742408063,"standard_error":0.014771766684773154}}