{"mean":{"confidence_interval":{"confidence_level":0.95,"lower_bound":45245252.24182104,"upper_bound":46436852.705049336},"point_estimate":45786510.03319591,"standard_error":306421.74787555565},"median":{"confidence_interval":{"confidence_level":0.95,"lower_bound":45099041.25,"upper_bound":45719132.20751634},"point_estimate":45385873.55,"standard_error":176254.35966602317},"median_abs_dev":{"confidence_interval":{"confidence_level":0.95,"lower_bound":225383.9459019452,"upper_bound":1570541.2335036804},"point_estimate":713483.9751805649,"standard_error":350173.0874836394},"slope":{"confidence_interval":{"confidence_level":0.95,"lower_bound":45146558.770858206,"upper_bound":46093413.60326667},"point_estimate":45579790.83240418,"standard_error":248349.4107871067},"std_dev":{"confidence_interval":{"confidence_level":0.95,"lower_bound":700591.2154901524,"upper_bound":1966483.7497399673},"point_estimate":1405330.0695865625,"standard_error":345702.93027247663}}