{"mean":{"confidence_interval":{"confidence_level":0.95,"lower_bound":1271522.8364021846,"upper_bound":1317142.0525579783},"point_estimate":1294469.886637364,"standard_error":11669.781496140467},"median":{"confidence_interval":{"confidence_level":0.95,"lower_bound":1252727.9547908232,"upper_bound":1323460.2973684212},"point_estimate":1304238.75,"standard_error":18353.410962551003},"median_abs_dev":{"confidence_interval":{"confidence_level":0.95,"lower_bound":23580.04444479162,"upper_bound":90302.13325952861},"point_estimate":73303.040419544,"standard_error":16602.610879415257},"slope":{"confidence_interval":{"confidence_level":0.95,"lower_bound":1240075.7512503183,"upper_bound":1287162.6529250024},"point_estimate":1258411.922629745,"standard_error":12040.125544722303},"std_dev":{"confidence_interval":{"confidence_level":0.95,"lower_bound":40854.16368236459,"upper_bound":61538.70201384659},"point_estimate":53420.46235138989,"standard_error":5285.1345490266895}}