{"mean":{"confidence_interval":{"confidence_level":0.95,"lower_bound":129209.4,"upper_bound":132865.51499999998},"point_estimate":130816.2,"standard_error":947.3795653290986},"median":{"confidence_interval":{"confidence_level":0.95,"lower_bound":128968.0,"upper_bound":132287.5},"point_estimate":129637.0,"standard_error":785.0871425195751},"median_abs_dev":{"confidence_interval":{"confidence_level":0.95,"lower_bound":315.05249440670013,"upper_bound":4244.6837246418},"point_estimate":1059.3176811933517,"standard_error":1002.3052531086643},"slope":null,"std_dev":{"confidence_interval":{"confidence_level":0.95,"lower_bound":726.5131412744332,"upper_bound":4328.25430649152},"point_estimate":3166.0170842523544,"standard_error":966.5762775455688}}