{"mean":{"confidence_interval":{"confidence_level":0.95,"lower_bound":0.12824544783097366,"upper_bound":0.4441512611034638},"point_estimate":0.2787739287922286,"standard_error":0.08094002135490047},"median":{"confidence_interval":{"confidence_level":0.95,"lower_bound":0.09291935570055387,"upper_bound":0.464815736183779},"point_estimate":0.2934696089296538,"standard_error":0.09500967344665019}}