{"mean":{"confidence_interval":{"confidence_level":0.95,"lower_bound":-0.18286171503522128,"upper_bound":-0.1488098177573682},"point_estimate":-0.1663174797231204,"standard_error":0.008712197521608749},"median":{"confidence_interval":{"confidence_level":0.95,"lower_bound":-0.18681239356279578,"upper_bound":-0.15192181013220585},"point_estimate":-0.16435055525790265,"standard_error":0.00888953729575681}}