{"mean":{"confidence_interval":{"confidence_level":0.95,"lower_bound":-0.09150571441332195,"upper_bound":-0.004364145907855937},"point_estimate":-0.043862437190642756,"standard_error":0.021874982633286157},"median":{"confidence_interval":{"confidence_level":0.95,"lower_bound":-0.09406262929525466,"upper_bound":0.0474019175230993},"point_estimate":-0.08430241811410433,"standard_error":0.03417118931738795}}