{"mean":{"confidence_interval":{"confidence_level":0.95,"lower_bound":129655.39749999999,"upper_bound":133933.5},"point_estimate":131655.7,"standard_error":1085.5972992260558},"median":{"confidence_interval":{"confidence_level":0.95,"lower_bound":129160.0,"upper_bound":135208.0},"point_estimate":129683.5,"standard_error":1562.1057585537621},"median_abs_dev":{"confidence_interval":{"confidence_level":0.95,"lower_bound":160.8620971441269,"upper_bound":5529.356601834297},"point_estimate":1183.8560789823532,"standard_error":1420.911463023819},"slope":null,"std_dev":{"confidence_interval":{"confidence_level":0.95,"lower_bound":643.801211555244,"upper_bound":4293.075821728648},"point_estimate":3614.167309968431,"standard_error":759.5309806621223}}