{"mean":{"confidence_interval":{"confidence_level":0.95,"lower_bound":315115.5,"upper_bound":349511.0575},"point_estimate":331594.4,"standard_error":8821.52707817435},"median":{"confidence_interval":{"confidence_level":0.95,"lower_bound":307700.5,"upper_bound":355979.0},"point_estimate":322105.5,"standard_error":12525.735813097752},"median_abs_dev":{"confidence_interval":{"confidence_level":0.95,"lower_bound":5647.223299741745,"upper_bound":50686.38660013676},"point_estimate":30491.15105867386,"standard_error":11359.765323339641},"slope":null,"std_dev":{"confidence_interval":{"confidence_level":0.95,"lower_bound":14998.038779599876,"upper_bound":35895.54900557057},"point_estimate":29370.94049944983,"standard_error":5182.7624290696585}}