{"mean":{"confidence_interval":{"confidence_level":0.95,"lower_bound":259008.9525,"upper_bound":313852.2},"point_estimate":280781.9,"standard_error":14896.27110302218},"median":{"confidence_interval":{"confidence_level":0.95,"lower_bound":256200.5,"upper_bound":284768.0},"point_estimate":262732.0,"standard_error":8131.10365136384},"median_abs_dev":{"confidence_interval":{"confidence_level":0.95,"lower_bound":1522.6301729679108,"upper_bound":36904.878544807434},"point_estimate":10731.799909472466,"standard_error":10719.5812178589},"slope":null,"std_dev":{"confidence_interval":{"confidence_level":0.95,"lower_bound":7742.266309751371,"upper_bound":74809.10530299734},"point_estimate":49516.20888254673,"standard_error":21266.671316043798}}