{"mean":{"confidence_interval":{"confidence_level":0.95,"lower_bound":0.14336521846338174,"upper_bound":1.6023790460777705},"point_estimate":0.7473883354419941,"standard_error":0.3769651393013738},"median":{"confidence_interval":{"confidence_level":0.95,"lower_bound":0.08874494086792772,"upper_bound":1.531562124440764},"point_estimate":0.7319118933560671,"standard_error":0.4018001675057565}}