{"mean":{"confidence_interval":{"confidence_level":0.95,"lower_bound":-0.05235012550428627,"upper_bound":0.02469234481324177},"point_estimate":-0.016727133565342278,"standard_error":0.02025932512880373},"median":{"confidence_interval":{"confidence_level":0.95,"lower_bound":-0.07726522799199631,"upper_bound":0.0018387872329048705},"point_estimate":-0.0612261567385024,"standard_error":0.02012167980977012}}