{"mean":{"confidence_interval":{"confidence_level":0.95,"lower_bound":0.01945570266519835,"upper_bound":0.2206176890935956},"point_estimate":0.1130546370917771,"standard_error":0.051140978464227965},"median":{"confidence_interval":{"confidence_level":0.95,"lower_bound":-0.056972507452798915,"upper_bound":0.2843260159679071},"point_estimate":0.09694868199975515,"standard_error":0.09955442733691285}}