{"mean":{"confidence_interval":{"confidence_level":0.95,"lower_bound":-0.41059273092941573,"upper_bound":-0.30539694452134375},"point_estimate":-0.3651720630958797,"standard_error":0.027115998430955714},"median":{"confidence_interval":{"confidence_level":0.95,"lower_bound":-0.4329320612851856,"upper_bound":-0.2500168096285552},"point_estimate":-0.40752954682825393,"standard_error":0.04572194136004195}}