{"mean":{"confidence_interval":{"confidence_level":0.95,"lower_bound":-0.31964717748239946,"upper_bound":0.20470993201693513},"point_estimate":-0.06835738101886535,"standard_error":0.13918853868704284},"median":{"confidence_interval":{"confidence_level":0.95,"lower_bound":-0.053711944708110915,"upper_bound":0.16562080177140626},"point_estimate":0.013191270171064584,"standard_error":0.05417553322881783}}