{"mean":{"confidence_interval":{"confidence_level":0.95,"lower_bound":-0.22835311159167226,"upper_bound":-0.17042873173431078},"point_estimate":-0.19592436341224595,"standard_error":0.015139737678635643},"median":{"confidence_interval":{"confidence_level":0.95,"lower_bound":-0.2146535998853678,"upper_bound":-0.16717260878324625},"point_estimate":-0.17959185047081228,"standard_error":0.011611358337981026}}