{"mean":{"confidence_interval":{"confidence_level":0.95,"lower_bound":4978199858.98875,"upper_bound":5065409249.601251},"point_estimate":5018481052.35,"standard_error":22370815.895995446},"median":{"confidence_interval":{"confidence_level":0.95,"lower_bound":4967926419.5,"upper_bound":5037128253.0},"point_estimate":4982103304.5,"standard_error":19808747.09382347},"median_abs_dev":{"confidence_interval":{"confidence_level":0.95,"lower_bound":15812941.335064173,"upper_bound":129630915.9454912},"point_estimate":73527888.88911903,"standard_error":27414778.782816336},"slope":null,"std_dev":{"confidence_interval":{"confidence_level":0.95,"lower_bound":54657621.40927736,"upper_bound":140172030.5063455},"point_estimate":103158008.88886935,"standard_error":22672024.618551392}}