{"mean":{"confidence_interval":{"confidence_level":0.95,"lower_bound":-0.3053489554942983,"upper_bound":0.17299126412036256},"point_estimate":-0.0707654505410189,"standard_error":0.12489967350788841},"median":{"confidence_interval":{"confidence_level":0.95,"lower_bound":-0.07214579947847777,"upper_bound":0.11775950247203126},"point_estimate":-0.0027304847370565044,"standard_error":0.046665112337762195}}