{"mean":{"confidence_interval":{"confidence_level":0.95,"lower_bound":0.24110295615832103,"upper_bound":0.27489579893918076},"point_estimate":0.25679708196594064,"standard_error":0.00858401049887209},"median":{"confidence_interval":{"confidence_level":0.95,"lower_bound":0.23568653011215712,"upper_bound":0.27346115374072455},"point_estimate":0.25239490468069126,"standard_error":0.00947503177197418}}