{"mean":{"confidence_interval":{"confidence_level":0.95,"lower_bound":4417075694.655,"upper_bound":4507706065.15875},"point_estimate":4456705262.4,"standard_error":23296230.47949389},"median":{"confidence_interval":{"confidence_level":0.95,"lower_bound":4399001901.5,"upper_bound":4472273945.5},"point_estimate":4434622749.5,"standard_error":21536629.4671449},"median_abs_dev":{"confidence_interval":{"confidence_level":0.95,"lower_bound":36973044.043797255,"upper_bound":109310112.34055758},"point_estimate":61000322.37872779,"standard_error":18763249.47133721},"slope":null,"std_dev":{"confidence_interval":{"confidence_level":0.95,"lower_bound":48020330.61792376,"upper_bound":158645938.54477394},"point_estimate":106825479.40242088,"standard_error":32539609.50922739}}