{"mean":{"confidence_interval":{"confidence_level":0.95,"lower_bound":-0.18989662233076024,"upper_bound":-0.16884598347092916},"point_estimate":-0.17956968800619766,"standard_error":0.005369561934452248},"median":{"confidence_interval":{"confidence_level":0.95,"lower_bound":-0.19911406269496856,"upper_bound":-0.16373469063146173},"point_estimate":-0.18240814378877046,"standard_error":0.0091358455090237}}