{"mean":{"confidence_interval":{"confidence_level":0.95,"lower_bound":-0.11753589108461916,"upper_bound":-0.018460098988520187},"point_estimate":-0.07053849771860621,"standard_error":0.025735633160178854},"median":{"confidence_interval":{"confidence_level":0.95,"lower_bound":-0.14128261926630292,"upper_bound":0.012503429889667572},"point_estimate":-0.0996381655773273,"standard_error":0.05076246491645561}}