{"mean":{"confidence_interval":{"confidence_level":0.95,"lower_bound":-0.40811858466533163,"upper_bound":0.0788696569791094},"point_estimate":-0.16701193000843373,"standard_error":0.13966159231155476},"median":{"confidence_interval":{"confidence_level":0.95,"lower_bound":-0.08720584461952485,"upper_bound":0.11269152048819198},"point_estimate":-0.04748317588196738,"standard_error":0.05664054790461752}}