{"mean":{"confidence_interval":{"confidence_level":0.95,"lower_bound":415373.07999999996,"upper_bound":547127.565},"point_estimate":473148.0,"standard_error":34113.994580207145},"median":{"confidence_interval":{"confidence_level":0.95,"lower_bound":389431.0,"upper_bound":519818.5},"point_estimate":443088.5,"standard_error":37487.2390457568},"median_abs_dev":{"confidence_interval":{"confidence_level":0.95,"lower_bound":13953.48965227604,"upper_bound":156566.26372039318},"point_estimate":86494.88246440887,"standard_error":35797.85078267807},"slope":null,"std_dev":{"confidence_interval":{"confidence_level":0.95,"lower_bound":43106.07975070366,"upper_bound":161880.40402322917},"point_estimate":113769.40589142975,"standard_error":35442.475764178846}}