{"mean":{"confidence_interval":{"confidence_level":0.95,"lower_bound":-0.07743080448647044,"upper_bound":-0.04108515794633057},"point_estimate":-0.06046770950301594,"standard_error":0.00926636829201043},"median":{"confidence_interval":{"confidence_level":0.95,"lower_bound":-0.07965233946736261,"upper_bound":-0.03995008278753376},"point_estimate":-0.07334443124558099,"standard_error":0.010894067666204509}}