{"mean":{"confidence_interval":{"confidence_level":0.95,"lower_bound":-0.252684958943523,"upper_bound":0.34917195641212573},"point_estimate":0.03798214412210199,"standard_error":0.15978410048571534},"median":{"confidence_interval":{"confidence_level":0.95,"lower_bound":0.04934128148254158,"upper_bound":0.2662199229355402},"point_estimate":0.11328526327367872,"standard_error":0.06715994191204715}}