{"mean":{"confidence_interval":{"confidence_level":0.95,"lower_bound":218868.7,"upper_bound":238015.715},"point_estimate":227808.7,"standard_error":4897.616850625661},"median":{"confidence_interval":{"confidence_level":0.95,"lower_bound":214626.0,"upper_bound":235303.5},"point_estimate":229069.5,"standard_error":6842.703725666493},"median_abs_dev":{"confidence_interval":{"confidence_level":0.95,"lower_bound":1301.722776889801,"upper_bound":28075.254401564598},"point_estimate":16227.798011898994,"standard_error":6773.34566208344},"slope":null,"std_dev":{"confidence_interval":{"confidence_level":0.95,"lower_bound":8312.666553946967,"upper_bound":22124.899301257512},"point_estimate":16300.800382871455,"standard_error":3942.358425041736}}