{"mean":{"confidence_interval":{"confidence_level":0.95,"lower_bound":377715.8,"upper_bound":479046.12},"point_estimate":427915.2,"standard_error":25957.832498522483},"median":{"confidence_interval":{"confidence_level":0.95,"lower_bound":340155.0,"upper_bound":504340.5},"point_estimate":433432.5,"standard_error":39833.709897296896},"median_abs_dev":{"confidence_interval":{"confidence_level":0.95,"lower_bound":17402.758491039276,"upper_bound":155470.6223398447},"point_estimate":109620.4768538475,"standard_error":36213.654992757816},"slope":null,"std_dev":{"confidence_interval":{"confidence_level":0.95,"lower_bound":52528.72590096354,"upper_bound":104517.70465238801},"point_estimate":86476.43235497428,"standard_error":13363.621564562482}}