{"mean":{"confidence_interval":{"confidence_level":0.95,"lower_bound":-0.18866064115205514,"upper_bound":-0.16253852705194313},"point_estimate":-0.17509752359090214,"standard_error":0.006679044241455662},"median":{"confidence_interval":{"confidence_level":0.95,"lower_bound":-0.18701879740903005,"upper_bound":-0.16636271158481264},"point_estimate":-0.1706822340545775,"standard_error":0.004662529345167683}}