{"mean":{"confidence_interval":{"confidence_level":0.95,"lower_bound":221116.67250000002,"upper_bound":304230.33749999997},"point_estimate":257647.9,"standard_error":21452.68323498041},"median":{"confidence_interval":{"confidence_level":0.95,"lower_bound":215581.0,"upper_bound":304748.0},"point_estimate":231255.0,"standard_error":17706.967770389238},"median_abs_dev":{"confidence_interval":{"confidence_level":0.95,"lower_bound":3168.3161437511444,"upper_bound":98388.29945325851},"point_estimate":22713.43159675598,"standard_error":20189.542729739493},"slope":null,"std_dev":{"confidence_interval":{"confidence_level":0.95,"lower_bound":13418.228774071984,"upper_bound":92488.22403778257},"point_estimate":71577.28898881885,"standard_error":21275.69230552631}}