{"mean":{"confidence_interval":{"confidence_level":0.95,"lower_bound":888492.2,"upper_bound":1091246.2},"point_estimate":991260.7,"standard_error":51827.8982019353},"median":{"confidence_interval":{"confidence_level":0.95,"lower_bound":871516.5,"upper_bound":1183523.0},"point_estimate":991961.5,"standard_error":71602.81439083631},"median_abs_dev":{"confidence_interval":{"confidence_level":0.95,"lower_bound":25322.06625044346,"upper_bound":308984.21271443367},"point_estimate":196711.36450767517,"standard_error":75053.96213125327},"slope":null,"std_dev":{"confidence_interval":{"confidence_level":0.95,"lower_bound":100250.16137005576,"upper_bound":218487.60293921328},"point_estimate":172610.41741386554,"standard_error":31034.23002467896}}