{"mean":{"confidence_interval":{"confidence_level":0.95,"lower_bound":2167669645.19875,"upper_bound":2267072215.2374997},"point_estimate":2213275652.6,"standard_error":25505195.965411685},"median":{"confidence_interval":{"confidence_level":0.95,"lower_bound":2147159490.0,"upper_bound":2228482586.5},"point_estimate":2177509836.5,"standard_error":23964618.198103156},"median_abs_dev":{"confidence_interval":{"confidence_level":0.95,"lower_bound":33529588.47953081,"upper_bound":130011145.62891275},"point_estimate":72681099.69025254,"standard_error":24692720.556047633},"slope":null,"std_dev":{"confidence_interval":{"confidence_level":0.95,"lower_bound":55645564.124786474,"upper_bound":153611525.29270646},"point_estimate":117150767.70837587,"standard_error":24658824.735972565}}