{"mean":{"confidence_interval":{"confidence_level":0.95,"lower_bound":-0.07404143950111085,"upper_bound":0.18489819360023585},"point_estimate":0.037594881839721817,"standard_error":0.06757763177934059},"median":{"confidence_interval":{"confidence_level":0.95,"lower_bound":-0.12928984935552312,"upper_bound":0.22775135725179685},"point_estimate":-0.006597102375807018,"standard_error":0.07844757682776532}}