{"mean":{"confidence_interval":{"confidence_level":0.95,"lower_bound":-0.0835220064990578,"upper_bound":-0.07151580173215964},"point_estimate":-0.07773937783243601,"standard_error":0.0031123590083289455},"median":{"confidence_interval":{"confidence_level":0.95,"lower_bound":-0.08333005521808501,"upper_bound":-0.07142000534813764},"point_estimate":-0.07258255938635438,"standard_error":0.002958939964373224}}