{"mean":{"confidence_interval":{"confidence_level":0.95,"lower_bound":-0.10515167327362841,"upper_bound":-0.051915874278974934},"point_estimate":-0.07852521409111435,"standard_error":0.013581236145918218},"median":{"confidence_interval":{"confidence_level":0.95,"lower_bound":-0.12071734100336584,"upper_bound":-0.05107029358178339},"point_estimate":-0.07508344043045445,"standard_error":0.017390303881223326}}