{"mean":{"confidence_interval":{"confidence_level":0.95,"lower_bound":121953909.50708333,"upper_bound":124413430.91666666},"point_estimate":123141563.83333334,"standard_error":609839.1037196094},"median":{"confidence_interval":{"confidence_level":0.95,"lower_bound":121568194.83333333,"upper_bound":121702251.83333333},"point_estimate":121636115.66666666,"standard_error":453061.83263386186},"median_abs_dev":{"confidence_interval":{"confidence_level":0.95,"lower_bound":51941.90167785059,"upper_bound":397936.7517351957},"point_estimate":145649.63301419475,"standard_error":423832.8596211944},"slope":null,"std_dev":{"confidence_interval":{"confidence_level":0.95,"lower_bound":1577616.1722888453,"upper_bound":3267763.6200686856},"point_estimate":2792858.0789473797,"standard_error":433933.95783319225}}