{"mean":{"confidence_interval":{"confidence_level":0.95,"lower_bound":420441.2075,"upper_bound":505901.4},"point_estimate":462758.4,"standard_error":21866.044977715428},"median":{"confidence_interval":{"confidence_level":0.95,"lower_bound":389706.0,"upper_bound":525746.0},"point_estimate":458879.0,"standard_error":34113.19424577574},"median_abs_dev":{"confidence_interval":{"confidence_level":0.95,"lower_bound":21897.26031124592,"upper_bound":118187.68080174923},"point_estimate":92388.9586597681,"standard_error":26363.639553699264},"slope":null,"std_dev":{"confidence_interval":{"confidence_level":0.95,"lower_bound":43991.34758929558,"upper_bound":88833.99442211798},"point_estimate":72834.3948941707,"standard_error":11444.567673131001}}