{"mean":{"confidence_interval":{"confidence_level":0.95,"lower_bound":-0.005569395272932268,"upper_bound":0.06039400622903008},"point_estimate":0.027087008857149097,"standard_error":0.016753532440380588},"median":{"confidence_interval":{"confidence_level":0.95,"lower_bound":-0.010295584593044544,"upper_bound":0.06298764434970461},"point_estimate":0.03096703752694885,"standard_error":0.021844020984101157}}