{"mean":{"confidence_interval":{"confidence_level":0.95,"lower_bound":37824539.17453662,"upper_bound":40968431.19120882},"point_estimate":39403983.25904438,"standard_error":802361.8552486289},"median":{"confidence_interval":{"confidence_level":0.95,"lower_bound":36197170.12815126,"upper_bound":42220167.25},"point_estimate":41123431.027777776,"standard_error":2050169.2611452588},"median_abs_dev":{"confidence_interval":{"confidence_level":0.95,"lower_bound":1179680.6450314857,"upper_bound":5820148.695121698},"point_estimate":4154716.081991319,"standard_error":1364261.067478722},"slope":{"confidence_interval":{"confidence_level":0.95,"lower_bound":35538104.102853894,"upper_bound":38505231.83295023},"point_estimate":36650596.84006969,"standard_error":763577.3510995541},"std_dev":{"confidence_interval":{"confidence_level":0.95,"lower_bound":2924805.560671768,"upper_bound":4172110.6467870325},"point_estimate":3674950.600154329,"standard_error":318307.0405916459}}