{"mean":{"confidence_interval":{"confidence_level":0.95,"lower_bound":842050220.81375,"upper_bound":875972125.06125},"point_estimate":858970373.85,"standard_error":8664448.590494405},"median":{"confidence_interval":{"confidence_level":0.95,"lower_bound":840544407.0,"upper_bound":872015916.0},"point_estimate":862437039.0,"standard_error":9893079.986196969},"median_abs_dev":{"confidence_interval":{"confidence_level":0.95,"lower_bound":16673928.652578592,"upper_bound":63904153.06537449},"point_estimate":36793329.20538783,"standard_error":12154506.784030449},"slope":null,"std_dev":{"confidence_interval":{"confidence_level":0.95,"lower_bound":27129132.44637887,"upper_bound":49283981.22420169},"point_estimate":39860693.09303789,"standard_error":5677517.480534295}}