{"mean":{"confidence_interval":{"confidence_level":0.95,"lower_bound":-0.15527926989388507,"upper_bound":0.043174319363211595},"point_estimate":-0.06166538615414319,"standard_error":0.050846165765553876},"median":{"confidence_interval":{"confidence_level":0.95,"lower_bound":-0.2056204456070473,"upper_bound":0.030785507062703443},"point_estimate":-0.0627315946091559,"standard_error":0.06984048793610913}}