{"mean":{"confidence_interval":{"confidence_level":0.95,"lower_bound":218327.2825,"upper_bound":278931.4},"point_estimate":242436.4,"standard_error":16477.465964329833},"median":{"confidence_interval":{"confidence_level":0.95,"lower_bound":211745.0,"upper_bound":250182.5},"point_estimate":223990.5,"standard_error":10447.00605724908},"median_abs_dev":{"confidence_interval":{"confidence_level":0.95,"lower_bound":2088.9833629131317,"upper_bound":40500.18348097801},"point_estimate":19199.669659137726,"standard_error":11662.687724578343},"slope":null,"std_dev":{"confidence_interval":{"confidence_level":0.95,"lower_bound":9743.365333137514,"upper_bound":82406.19565660779},"point_estimate":54703.28947086576,"standard_error":23339.980868989467}}