{"mean":{"confidence_interval":{"confidence_level":0.95,"lower_bound":93193.25,"upper_bound":97488.8},"point_estimate":95249.55,"standard_error":1101.266538404333},"median":{"confidence_interval":{"confidence_level":0.95,"lower_bound":91959.0,"upper_bound":98277.5},"point_estimate":94526.0,"standard_error":1892.755556611068},"median_abs_dev":{"confidence_interval":{"confidence_level":0.95,"lower_bound":207.56399631500244,"upper_bound":6161.685490608215},"point_estimate":3960.76582968235,"standard_error":1809.8905176146807},"slope":null,"std_dev":{"confidence_interval":{"confidence_level":0.95,"lower_bound":1972.2903437706282,"upper_bound":4375.245901610456},"point_estimate":3671.893732198081,"standard_error":597.560923587684}}