{"mean":{"confidence_interval":{"confidence_level":0.95,"lower_bound":223588.7,"upper_bound":283821.4},"point_estimate":248531.5,"standard_error":15943.493667107012},"median":{"confidence_interval":{"confidence_level":0.95,"lower_bound":214974.0,"upper_bound":258219.0},"point_estimate":236384.5,"standard_error":12645.393188513914},"median_abs_dev":{"confidence_interval":{"confidence_level":0.95,"lower_bound":6607.206782698631,"upper_bound":52636.33915051758},"point_estimate":32057.517930865288,"standard_error":12000.531840095156},"slope":null,"std_dev":{"confidence_interval":{"confidence_level":0.95,"lower_bound":14701.661961578959,"upper_bound":79054.22873893465},"point_estimate":53088.77433182608,"standard_error":20487.02280913636}}