{"mean":{"confidence_interval":{"confidence_level":0.95,"lower_bound":-0.17525409313940551,"upper_bound":-0.1418964014292264},"point_estimate":-0.1616067063239921,"standard_error":0.009028768168291538},"median":{"confidence_interval":{"confidence_level":0.95,"lower_bound":-0.18022299164575462,"upper_bound":-0.15408567349496438},"point_estimate":-0.1679195652033757,"standard_error":0.005456909131121555}}