{"mean":{"confidence_interval":{"confidence_level":0.95,"lower_bound":735901899.8,"upper_bound":845386787.5375},"point_estimate":790636555.9,"standard_error":28747178.85193086},"median":{"confidence_interval":{"confidence_level":0.95,"lower_bound":699456528.0,"upper_bound":880889873.0},"point_estimate":790593415.5,"standard_error":77553430.36270958},"median_abs_dev":{"confidence_interval":{"confidence_level":0.95,"lower_bound":463597.89226949215,"upper_bound":135594125.77762306},"point_estimate":133945426.42239332,"standard_error":55545874.66432766},"slope":null,"std_dev":{"confidence_interval":{"confidence_level":0.95,"lower_bound":75345870.6120649,"upper_bound":96596078.09718646},"point_estimate":95671208.657642,"standard_error":8268672.4983557295}}