{"mean":{"confidence_interval":{"confidence_level":0.95,"lower_bound":-0.11033290996273402,"upper_bound":0.17540713465534874},"point_estimate":0.004554825737877133,"standard_error":0.07637165385683821},"median":{"confidence_interval":{"confidence_level":0.95,"lower_bound":-0.12764956779812198,"upper_bound":0.06812318187213284},"point_estimate":-0.0901492462237834,"standard_error":0.04619090600083117}}