{"mean":{"confidence_interval":{"confidence_level":0.95,"lower_bound":0.040511494336041155,"upper_bound":0.06623551490714862},"point_estimate":0.052808712434935234,"standard_error":0.006517868345524576},"median":{"confidence_interval":{"confidence_level":0.95,"lower_bound":0.03593804833999115,"upper_bound":0.05728671053294199},"point_estimate":0.05248893089877393,"standard_error":0.005032139290111933}}