{"mean":{"confidence_interval":{"confidence_level":0.95,"lower_bound":-0.17729865535156863,"upper_bound":0.0996027247154009},"point_estimate":-0.04925597373681678,"standard_error":0.07085206371389062},"median":{"confidence_interval":{"confidence_level":0.95,"lower_bound":-0.19970877893229788,"upper_bound":0.1029612019026338},"point_estimate":0.0006975653824601302,"standard_error":0.07550100066899224}}