{"mean":{"confidence_interval":{"confidence_level":0.95,"lower_bound":0.18818612417939723,"upper_bound":0.26258878113927775},"point_estimate":0.2266000222318474,"standard_error":0.019173857165731802},"median":{"confidence_interval":{"confidence_level":0.95,"lower_bound":0.17625695446115808,"upper_bound":0.27424419359024266},"point_estimate":0.2546050728131932,"standard_error":0.024242495638064555}}