{"mean":{"confidence_interval":{"confidence_level":0.95,"lower_bound":-0.35196467711903334,"upper_bound":0.20449747546558553},"point_estimate":-0.09606679000403828,"standard_error":0.14485635753794376},"median":{"confidence_interval":{"confidence_level":0.95,"lower_bound":-0.11901807572353196,"upper_bound":0.0807985544929708},"point_estimate":-0.03566171609889379,"standard_error":0.053601819592887255}}