{"mean":{"confidence_interval":{"confidence_level":0.95,"lower_bound":0.08092067155345652,"upper_bound":0.2939237928890565},"point_estimate":0.18505637287119492,"standard_error":0.05734363358109443},"median":{"confidence_interval":{"confidence_level":0.95,"lower_bound":-0.018551293786341128,"upper_bound":0.35058904755270137},"point_estimate":0.017989017498946103,"standard_error":0.1128969635687588}}