{"mean":{"confidence_interval":{"confidence_level":0.95,"lower_bound":-0.40142947263820045,"upper_bound":-0.1403101523336069},"point_estimate":-0.28614418353125026,"standard_error":0.06703268032193561},"median":{"confidence_interval":{"confidence_level":0.95,"lower_bound":-0.4397048807460654,"upper_bound":-0.028770506085828096},"point_estimate":-0.19443562296181094,"standard_error":0.12177207903744697}}