{"mean":{"confidence_interval":{"confidence_level":0.95,"lower_bound":-0.1578318547764876,"upper_bound":-0.1039278668069927},"point_estimate":-0.13392794901949068,"standard_error":0.014584345904102984},"median":{"confidence_interval":{"confidence_level":0.95,"lower_bound":-0.16637200072163083,"upper_bound":-0.10408221888864067},"point_estimate":-0.15866702987378556,"standard_error":0.020108209886241592}}