{"mean":{"confidence_interval":{"confidence_level":0.95,"lower_bound":-0.07046508968100267,"upper_bound":-0.041105147979873},"point_estimate":-0.05728564129019964,"standard_error":0.0076031334742444655},"median":{"confidence_interval":{"confidence_level":0.95,"lower_bound":-0.07428290280350136,"upper_bound":-0.050368378212631404},"point_estimate":-0.061892899026382064,"standard_error":0.006202194808978893}}