{"mean":{"confidence_interval":{"confidence_level":0.95,"lower_bound":209926.9875,"upper_bound":262721.7375},"point_estimate":230733.9,"standard_error":14442.18697044693},"median":{"confidence_interval":{"confidence_level":0.95,"lower_bound":205967.0,"upper_bound":232726.0},"point_estimate":212607.0,"standard_error":8019.874433481269},"median_abs_dev":{"confidence_interval":{"confidence_level":0.95,"lower_bound":1416.6242748498917,"upper_bound":34647.62008488178},"point_estimate":10434.538614749908,"standard_error":9263.690947689258},"slope":null,"std_dev":{"confidence_interval":{"confidence_level":0.95,"lower_bound":5112.152294743195,"upper_bound":73043.56416519907},"point_estimate":48270.56127807092,"standard_error":21177.16060319181}}