{"mean":{"confidence_interval":{"confidence_level":0.95,"lower_bound":-0.12188907239263157,"upper_bound":0.013291917660872978},"point_estimate":-0.06132289916513978,"standard_error":0.035076384775759056},"median":{"confidence_interval":{"confidence_level":0.95,"lower_bound":-0.1351060169102708,"upper_bound":0.0452335342894894},"point_estimate":-0.11144904463863559,"standard_error":0.05051019836292559}}