{"mean":{"confidence_interval":{"confidence_level":0.95,"lower_bound":205736903.31312498,"upper_bound":215530418.358125},"point_estimate":210349639.55,"standard_error":2503086.614732999},"median":{"confidence_interval":{"confidence_level":0.95,"lower_bound":205722846.0,"upper_bound":211918151.25},"point_estimate":209505748.75,"standard_error":1535303.1302042797},"median_abs_dev":{"confidence_interval":{"confidence_level":0.95,"lower_bound":2475848.922894895,"upper_bound":15136440.233324468},"point_estimate":5941615.763515234,"standard_error":3285867.9092448535},"slope":null,"std_dev":{"confidence_interval":{"confidence_level":0.95,"lower_bound":6304569.547535185,"upper_bound":15523627.303020427},"point_estimate":11440304.133305173,"standard_error":2456915.657719772}}