{"mean":{"confidence_interval":{"confidence_level":0.95,"lower_bound":197559059.6875,"upper_bound":201013199.53062502},"point_estimate":199174175.95,"standard_error":885201.3655293202},"median":{"confidence_interval":{"confidence_level":0.95,"lower_bound":196477759.25,"upper_bound":200380613.5},"point_estimate":197997970.75,"standard_error":990341.6934618264},"median_abs_dev":{"confidence_interval":{"confidence_level":0.95,"lower_bound":1504817.8462341428,"upper_bound":5147122.026266564},"point_estimate":3393984.909644723,"standard_error":963542.8878300511},"slope":null,"std_dev":{"confidence_interval":{"confidence_level":0.95,"lower_bound":2203721.134468274,"upper_bound":5274913.236494131},"point_estimate":4075884.9108677153,"standard_error":788993.9196046196}}