{"mean":{"confidence_interval":{"confidence_level":0.95,"lower_bound":-0.11047123475011084,"upper_bound":-0.036873058287640724},"point_estimate":-0.07359477427950079,"standard_error":0.01882232576658939},"median":{"confidence_interval":{"confidence_level":0.95,"lower_bound":-0.10991330982354856,"upper_bound":0.0003738341427090841},"point_estimate":-0.08182688862328702,"standard_error":0.031156068411512965}}