{"mean":{"confidence_interval":{"confidence_level":0.95,"lower_bound":0.03390130182757118,"upper_bound":0.1731805824067157},"point_estimate":0.10778906894456619,"standard_error":0.03582336440097514},"median":{"confidence_interval":{"confidence_level":0.95,"lower_bound":0.05921669328109269,"upper_bound":0.1642829356482629},"point_estimate":0.1342854339954025,"standard_error":0.02927632331385362}}