{"mean":{"confidence_interval":{"confidence_level":0.95,"lower_bound":0.46784320571867394,"upper_bound":0.4828959463314185},"point_estimate":0.4752054989839902,"standard_error":0.003882231700618283},"median":{"confidence_interval":{"confidence_level":0.95,"lower_bound":0.46381095672183403,"upper_bound":0.4878538618014252},"point_estimate":0.4751685594768962,"standard_error":0.005840701659483742}}