{"mean":{"confidence_interval":{"confidence_level":0.95,"lower_bound":-0.02101177016585697,"upper_bound":0.22143890188933538},"point_estimate":0.09945787509774084,"standard_error":0.061935522754311224},"median":{"confidence_interval":{"confidence_level":0.95,"lower_bound":0.004239087004295206,"upper_bound":0.28101241711795444},"point_estimate":0.07066033036539454,"standard_error":0.07042579683030484}}