{"mean":{"confidence_interval":{"confidence_level":0.95,"lower_bound":94848.25,"upper_bound":102746.11875},"point_estimate":98353.4,"standard_error":2049.437399592622},"median":{"confidence_interval":{"confidence_level":0.95,"lower_bound":92597.0,"upper_bound":101306.0},"point_estimate":97028.5,"standard_error":2215.7500343917322},"median_abs_dev":{"confidence_interval":{"confidence_level":0.95,"lower_bound":638.2592886686325,"upper_bound":9770.3338265419},"point_estimate":6455.981585383415,"standard_error":2174.9552708353212},"slope":null,"std_dev":{"confidence_interval":{"confidence_level":0.95,"lower_bound":2713.025867612274,"upper_bound":9688.034998930545},"point_estimate":6843.502306730247,"standard_error":2084.3670337298054}}