{"mean":{"confidence_interval":{"confidence_level":0.95,"lower_bound":-0.001783549140384525,"upper_bound":0.15192112840924887},"point_estimate":0.07371399095388553,"standard_error":0.039367630285741306},"median":{"confidence_interval":{"confidence_level":0.95,"lower_bound":0.002168253606287797,"upper_bound":0.1392430109599918},"point_estimate":0.07285776260917753,"standard_error":0.03428721321414644}}