{"mean":{"confidence_interval":{"confidence_level":0.95,"lower_bound":-0.2983564202693679,"upper_bound":-0.2378283706569388},"point_estimate":-0.2682033497503066,"standard_error":0.015539684491748288},"median":{"confidence_interval":{"confidence_level":0.95,"lower_bound":-0.30895756796504226,"upper_bound":-0.21963123965161968},"point_estimate":-0.30447965144037703,"standard_error":0.021441227490389}}