{"mean":{"confidence_interval":{"confidence_level":0.95,"lower_bound":-0.3422027060370408,"upper_bound":-0.2151973479329724},"point_estimate":-0.28198445927684557,"standard_error":0.03310835414516619},"median":{"confidence_interval":{"confidence_level":0.95,"lower_bound":-0.3871366790622853,"upper_bound":-0.2538678494878288},"point_estimate":-0.2771350998929121,"standard_error":0.030791311630940104}}