{"mean":{"confidence_interval":{"confidence_level":0.95,"lower_bound":-0.10110730691602296,"upper_bound":-0.039039700970222836},"point_estimate":-0.06882887228071133,"standard_error":0.015888403184902998},"median":{"confidence_interval":{"confidence_level":0.95,"lower_bound":-0.09371607186635378,"upper_bound":-0.026332398967866544},"point_estimate":-0.06980665542544473,"standard_error":0.01739468237705748}}