{"mean":{"confidence_interval":{"confidence_level":0.95,"lower_bound":-0.21890913559329833,"upper_bound":-0.10749088120328743},"point_estimate":-0.165559365300065,"standard_error":0.02857445265345996},"median":{"confidence_interval":{"confidence_level":0.95,"lower_bound":-0.2554072609255512,"upper_bound":-0.08221314576072238},"point_estimate":-0.14091685381565744,"standard_error":0.037925527989268036}}