{"mean":{"confidence_interval":{"confidence_level":0.95,"lower_bound":-0.36995438310767353,"upper_bound":0.2285318516281232},"point_estimate":-0.12470814085304882,"standard_error":0.15554920297878597},"median":{"confidence_interval":{"confidence_level":0.95,"lower_bound":-0.32375054682359006,"upper_bound":0.3080816337351102},"point_estimate":0.15078024543120705,"standard_error":0.14128161567518466}}