{"mean":{"confidence_interval":{"confidence_level":0.95,"lower_bound":137697.09895090995,"upper_bound":142195.1089519112},"point_estimate":139922.9229156559,"standard_error":1150.4400603349939},"median":{"confidence_interval":{"confidence_level":0.95,"lower_bound":136670.5630168235,"upper_bound":143317.32587456665},"point_estimate":139024.66921514116,"standard_error":1900.58555593604},"median_abs_dev":{"confidence_interval":{"confidence_level":0.95,"lower_bound":2728.0877906386104,"upper_bound":8390.842140108032},"point_estimate":6148.51450792368,"standard_error":1426.7582987427215},"slope":{"confidence_interval":{"confidence_level":0.95,"lower_bound":138762.65809574572,"upper_bound":143903.42854838385},"point_estimate":141284.15082517892,"standard_error":1313.6842110756597},"std_dev":{"confidence_interval":{"confidence_level":0.95,"lower_bound":3871.6020763852866,"upper_bound":6301.185447252191},"point_estimate":5277.1118466277385,"standard_error":618.4047297707705}}