{"mean":{"confidence_interval":{"confidence_level":0.95,"lower_bound":-0.1117182051901481,"upper_bound":0.1302333177576798},"point_estimate":0.001423761581374805,"standard_error":0.0611466254329126},"median":{"confidence_interval":{"confidence_level":0.95,"lower_bound":-0.08957968043180731,"upper_bound":0.059421804442497894},"point_estimate":-0.03930395565056466,"standard_error":0.04027159730561705}}