{"mean":{"confidence_interval":{"confidence_level":0.95,"lower_bound":0.4284394184570456,"upper_bound":0.453348858715055},"point_estimate":0.44064337764484174,"standard_error":0.006388567880596182},"median":{"confidence_interval":{"confidence_level":0.95,"lower_bound":0.4220566321389039,"upper_bound":0.456215880745223},"point_estimate":0.4398858544748627,"standard_error":0.008922513716213703}}