{"mean":{"confidence_interval":{"confidence_level":0.95,"lower_bound":-0.18200766973084237,"upper_bound":0.139779776410025},"point_estimate":-0.05642307008281888,"standard_error":0.08621600747038509},"median":{"confidence_interval":{"confidence_level":0.95,"lower_bound":-0.2049068325372112,"upper_bound":-0.049009788491158335},"point_estimate":-0.11999376048044297,"standard_error":0.03883379619132042}}