{"mean":{"confidence_interval":{"confidence_level":0.95,"lower_bound":-0.1860134852749221,"upper_bound":-0.1565431183141395},"point_estimate":-0.17118524400933044,"standard_error":0.00739058309645456},"median":{"confidence_interval":{"confidence_level":0.95,"lower_bound":-0.18190694074306313,"upper_bound":-0.16242353913569885},"point_estimate":-0.17102032999527672,"standard_error":0.004931731066268754}}