{"mean":{"confidence_interval":{"confidence_level":0.95,"lower_bound":-0.08548701467367739,"upper_bound":-0.07356729789981575},"point_estimate":-0.07811105176516986,"standard_error":0.0033674986865254927},"median":{"confidence_interval":{"confidence_level":0.95,"lower_bound":-0.07766651147437176,"upper_bound":-0.07385358742118309},"point_estimate":-0.07463215387851929,"standard_error":0.0012552798390753413}}