{"mean":{"confidence_interval":{"confidence_level":0.95,"lower_bound":1648615.3,"upper_bound":1688390.2049999998},"point_estimate":1667379.9,"standard_error":10203.538773125429},"median":{"confidence_interval":{"confidence_level":0.95,"lower_bound":1645258.5,"upper_bound":1701234.0},"point_estimate":1650760.0,"standard_error":14729.216205811304},"median_abs_dev":{"confidence_interval":{"confidence_level":0.95,"lower_bound":354.34139370918274,"upper_bound":53413.62925171852},"point_estimate":23915.820175409317,"standard_error":14938.402953278686},"slope":null,"std_dev":{"confidence_interval":{"confidence_level":0.95,"lower_bound":15641.514534866643,"upper_bound":42518.51288202381},"point_estimate":33869.58392766781,"standard_error":6704.359113895374}}