{"mean":{"confidence_interval":{"confidence_level":0.95,"lower_bound":221186.8,"upper_bound":268718.5075},"point_estimate":239037.9,"standard_error":13506.03816312176},"median":{"confidence_interval":{"confidence_level":0.95,"lower_bound":217989.0,"upper_bound":235729.0},"point_estimate":224306.0,"standard_error":5175.930319706963},"median_abs_dev":{"confidence_interval":{"confidence_level":0.95,"lower_bound":1415.8829748630524,"upper_bound":21050.695726275444},"point_estimate":9709.547227621078,"standard_error":6171.644106884745},"slope":null,"std_dev":{"confidence_interval":{"confidence_level":0.95,"lower_bound":4306.339695491095,"upper_bound":68789.08358396863},"point_estimate":44905.49521792034,"standard_error":21803.14407293623}}