{"mean":{"confidence_interval":{"confidence_level":0.95,"lower_bound":-0.17750162618226392,"upper_bound":-0.14717621279125215},"point_estimate":-0.16344570029168415,"standard_error":0.007742580398314484},"median":{"confidence_interval":{"confidence_level":0.95,"lower_bound":-0.18244910620115168,"upper_bound":-0.1386098877871541},"point_estimate":-0.16771298288430048,"standard_error":0.008300989860070156}}