{"mean":{"confidence_interval":{"confidence_level":0.95,"lower_bound":-0.27520907612606105,"upper_bound":0.3804619210650705},"point_estimate":0.00606577054202595,"standard_error":0.17052096250130583},"median":{"confidence_interval":{"confidence_level":0.95,"lower_bound":-0.14054767732666418,"upper_bound":0.34671735134086523},"point_estimate":0.2097424536652963,"standard_error":0.10394640138518424}}