{"mean":{"confidence_interval":{"confidence_level":0.95,"lower_bound":259495.8,"upper_bound":351252.3175},"point_estimate":301159.8,"standard_error":23667.478246102386},"median":{"confidence_interval":{"confidence_level":0.95,"lower_bound":239891.0,"upper_bound":338222.0},"point_estimate":291790.0,"standard_error":28100.44396661387},"median_abs_dev":{"confidence_interval":{"confidence_level":0.95,"lower_bound":15506.513124704361,"upper_bound":118924.53298866749},"point_estimate":67642.88249909878,"standard_error":25468.184086930414},"slope":null,"std_dev":{"confidence_interval":{"confidence_level":0.95,"lower_bound":35189.85322330541,"upper_bound":110184.39506451598},"point_estimate":79127.94093225084,"standard_error":22075.77148009813}}