{"mean":{"confidence_interval":{"confidence_level":0.95,"lower_bound":-0.07211208212123565,"upper_bound":-0.039932460455813286},"point_estimate":-0.05752321870842081,"standard_error":0.008170479248435326},"median":{"confidence_interval":{"confidence_level":0.95,"lower_bound":-0.0817962769942876,"upper_bound":-0.04600314611015255},"point_estimate":-0.07246443217547938,"standard_error":0.010143868563296916}}