{"mean":{"confidence_interval":{"confidence_level":0.95,"lower_bound":2726.484433106576,"upper_bound":2880.601751133787},"point_estimate":2781.701337868481,"standard_error":45.68093990967531},"median":{"confidence_interval":{"confidence_level":0.95,"lower_bound":2724.1301020408164,"upper_bound":2762.657142857143},"point_estimate":2729.0059523809523,"standard_error":14.578022629942112},"median_abs_dev":{"confidence_interval":{"confidence_level":0.95,"lower_bound":1.5708499721119025,"upper_bound":46.67756528440193},"point_estimate":10.445858147882307,"standard_error":16.55951907859786},"slope":{"confidence_interval":{"confidence_level":0.95,"lower_bound":2723.814393939394,"upper_bound":2761.304192037471},"point_estimate":2740.6730983302414,"standard_error":9.77719031697023},"std_dev":{"confidence_interval":{"confidence_level":0.95,"lower_bound":8.105676788505313,"upper_bound":233.4979754652132},"point_estimate":151.92762336930926,"standard_error":79.89802080325539}}