{"mean":{"confidence_interval":{"confidence_level":0.95,"lower_bound":-0.08553013280251894,"upper_bound":0.21920918579357426},"point_estimate":0.05728155288975767,"standard_error":0.07726124561095266},"median":{"confidence_interval":{"confidence_level":0.95,"lower_bound":-0.1181266451250993,"upper_bound":0.39284373067067246},"point_estimate":0.010002329970730583,"standard_error":0.11014641955221356}}