{"mean":{"confidence_interval":{"confidence_level":0.95,"lower_bound":2907030285.7725,"upper_bound":2946547278.38625},"point_estimate":2926470039.8,"standard_error":10116877.233299742},"median":{"confidence_interval":{"confidence_level":0.95,"lower_bound":2895615408.5,"upper_bound":2944531484.5},"point_estimate":2921884617.5,"standard_error":11935546.194881389},"median_abs_dev":{"confidence_interval":{"confidence_level":0.95,"lower_bound":21046377.653852105,"upper_bound":83272311.31592095},"point_estimate":49174662.432575226,"standard_error":17235189.856571484},"slope":null,"std_dev":{"confidence_interval":{"confidence_level":0.95,"lower_bound":32960709.373143453,"upper_bound":55426136.17126815},"point_estimate":46456167.125488035,"standard_error":5716976.418299447}}