{"mean":{"confidence_interval":{"confidence_level":0.95,"lower_bound":2940467094.71,"upper_bound":3137674395.3174996},"point_estimate":3041265075.9,"standard_error":50460977.26159436},"median":{"confidence_interval":{"confidence_level":0.95,"lower_bound":2960629885.0,"upper_bound":3136493734.5},"point_estimate":3105834015.5,"standard_error":50266541.39864349},"median_abs_dev":{"confidence_interval":{"confidence_level":0.95,"lower_bound":48379069.63469982,"upper_bound":409971132.59985745},"point_estimate":176180999.10296202,"standard_error":100211768.62545033},"slope":null,"std_dev":{"confidence_interval":{"confidence_level":0.95,"lower_bound":162299105.32583836,"upper_bound":278126939.76036423},"point_estimate":231605034.87375647,"standard_error":29427464.80143509}}