{"mean":{"confidence_interval":{"confidence_level":0.95,"lower_bound":330648265.6825,"upper_bound":340498288.96999997},"point_estimate":335464810.85,"standard_error":2512038.385728893},"median":{"confidence_interval":{"confidence_level":0.95,"lower_bound":330905264.5,"upper_bound":340557537.5},"point_estimate":337716481.0,"standard_error":2810549.0180647047},"median_abs_dev":{"confidence_interval":{"confidence_level":0.95,"lower_bound":3340957.4976861477,"upper_bound":15980989.59428072},"point_estimate":8990506.255486608,"standard_error":3252218.145204088},"slope":null,"std_dev":{"confidence_interval":{"confidence_level":0.95,"lower_bound":7248900.696712724,"upper_bound":15380092.77093034},"point_estimate":11546815.361715028,"standard_error":2163410.9443044798}}