{"mean":{"confidence_interval":{"confidence_level":0.95,"lower_bound":292182.1825,"upper_bound":342485.8},"point_estimate":315929.8,"standard_error":13040.23482021112},"median":{"confidence_interval":{"confidence_level":0.95,"lower_bound":290336.0,"upper_bound":346872.0},"point_estimate":300289.0,"standard_error":15355.700393406723},"median_abs_dev":{"confidence_interval":{"confidence_level":0.95,"lower_bound":2567.863154411316,"upper_bound":69271.51857018471},"point_estimate":29277.642980217934,"standard_error":18966.968649015802},"slope":null,"std_dev":{"confidence_interval":{"confidence_level":0.95,"lower_bound":18292.004152785972,"upper_bound":57669.536113676746},"point_estimate":43557.80539262994,"standard_error":10259.29727669216}}