{"mean":{"confidence_interval":{"confidence_level":0.95,"lower_bound":-0.2746356561923589,"upper_bound":0.27930011300455837},"point_estimate":-0.0070746544197201056,"standard_error":0.15090326163528436},"median":{"confidence_interval":{"confidence_level":0.95,"lower_bound":0.035946323395470214,"upper_bound":0.2592702807607712},"point_estimate":0.1164931990894369,"standard_error":0.061137069162827115}}