{"mean":{"confidence_interval":{"confidence_level":0.95,"lower_bound":410226.1,"upper_bound":460761.21749999997},"point_estimate":433373.3,"standard_error":13000.875144962576},"median":{"confidence_interval":{"confidence_level":0.95,"lower_bound":405130.0,"upper_bound":451133.0},"point_estimate":427831.0,"standard_error":12045.567262649298},"median_abs_dev":{"confidence_interval":{"confidence_level":0.95,"lower_bound":9527.928730845451,"upper_bound":62531.61908984184},"point_estimate":31207.988145947456,"standard_error":13903.505493359013},"slope":null,"std_dev":{"confidence_interval":{"confidence_level":0.95,"lower_bound":17910.178569940625,"upper_bound":60161.83217733095},"point_estimate":43176.218317881125,"standard_error":11964.312076325934}}