{"mean":{"confidence_interval":{"confidence_level":0.95,"lower_bound":252210.5,"upper_bound":284680.52749999997},"point_estimate":267454.5,"standard_error":8340.181162745415},"median":{"confidence_interval":{"confidence_level":0.95,"lower_bound":248700.5,"upper_bound":284057.0},"point_estimate":260178.0,"standard_error":9118.863666247285},"median_abs_dev":{"confidence_interval":{"confidence_level":0.95,"lower_bound":3674.6240347623825,"upper_bound":45056.213200092316},"point_estimate":17908.325082063675,"standard_error":11100.801771056947},"slope":null,"std_dev":{"confidence_interval":{"confidence_level":0.95,"lower_bound":10913.741580635346,"upper_bound":35675.00264662326},"point_estimate":27808.493603573712,"standard_error":6165.929689487771}}