{"mean":{"confidence_interval":{"confidence_level":0.95,"lower_bound":321837544.645,"upper_bound":332452848.1675},"point_estimate":327203059.35,"standard_error":2704641.563030867},"median":{"confidence_interval":{"confidence_level":0.95,"lower_bound":317022981.5,"upper_bound":338631968.0},"point_estimate":328189005.5,"standard_error":7650911.023379343},"median_abs_dev":{"confidence_interval":{"confidence_level":0.95,"lower_bound":2743500.8428931236,"upper_bound":18496297.544825077},"point_estimate":17012974.80365932,"standard_error":4487604.210223481},"slope":null,"std_dev":{"confidence_interval":{"confidence_level":0.95,"lower_bound":10208890.273240225,"upper_bound":13566217.504134588},"point_estimate":12362519.934257338,"standard_error":855677.155069285}}