{"mean":{"confidence_interval":{"confidence_level":0.95,"lower_bound":-0.21002247459317175,"upper_bound":0.22447902687421564},"point_estimate":-0.015165980170134374,"standard_error":0.1122425985928614},"median":{"confidence_interval":{"confidence_level":0.95,"lower_bound":-0.23625291700838746,"upper_bound":0.35225096439551895},"point_estimate":0.07093545096475329,"standard_error":0.12531008420066425}}