{"mean":{"confidence_interval":{"confidence_level":0.95,"lower_bound":-0.16933457635294966,"upper_bound":-0.104250731252406},"point_estimate":-0.1400177057859352,"standard_error":0.016610365322598873},"median":{"confidence_interval":{"confidence_level":0.95,"lower_bound":-0.17539413920698665,"upper_bound":-0.11458190965002835},"point_estimate":-0.16886451605347452,"standard_error":0.015109017735278703}}