{"mean":{"confidence_interval":{"confidence_level":0.95,"lower_bound":-0.16881641615353976,"upper_bound":-0.03447089921142258},"point_estimate":-0.10928071364954806,"standard_error":0.033620245758848866},"median":{"confidence_interval":{"confidence_level":0.95,"lower_bound":-0.1813219251713868,"upper_bound":-0.012864343012812394},"point_estimate":-0.16669880577068819,"standard_error":0.04297527541421729}}