{"mean":{"confidence_interval":{"confidence_level":0.95,"lower_bound":0.36852935851426694,"upper_bound":0.40440723172306464},"point_estimate":0.38707619069830357,"standard_error":0.009409072165885185},"median":{"confidence_interval":{"confidence_level":0.95,"lower_bound":0.37260231414175604,"upper_bound":0.40360572550146023},"point_estimate":0.3932406929634875,"standard_error":0.007442012928051915}}