{"mean":{"confidence_interval":{"confidence_level":0.95,"lower_bound":461990463.71125,"upper_bound":470211189.82374996},"point_estimate":465905893.2,"standard_error":2103352.4503793265},"median":{"confidence_interval":{"confidence_level":0.95,"lower_bound":460518843.5,"upper_bound":468018942.5},"point_estimate":464789176.0,"standard_error":2238523.135932954},"median_abs_dev":{"confidence_interval":{"confidence_level":0.95,"lower_bound":3380024.0069925785,"upper_bound":12868580.812937021},"point_estimate":6418988.492140174,"standard_error":2376113.9773055436},"slope":null,"std_dev":{"confidence_interval":{"confidence_level":0.95,"lower_bound":5516116.582377559,"upper_bound":12839901.450865084},"point_estimate":9652753.911919184,"standard_error":1912938.5321021532}}