{"mean":{"confidence_interval":{"confidence_level":0.95,"lower_bound":0.24915619230692665,"upper_bound":0.2743048171901642},"point_estimate":0.2615342700349448,"standard_error":0.006366141177251265},"median":{"confidence_interval":{"confidence_level":0.95,"lower_bound":0.2510277172657436,"upper_bound":0.275715729799234},"point_estimate":0.2617157792889506,"standard_error":0.005603061540384927}}