{"mean":{"confidence_interval":{"confidence_level":0.95,"lower_bound":319222.9,"upper_bound":378933.71},"point_estimate":345814.0,"standard_error":15455.758395685138},"median":{"confidence_interval":{"confidence_level":0.95,"lower_bound":308908.0,"upper_bound":380392.0},"point_estimate":325507.0,"standard_error":15572.54244964401},"median_abs_dev":{"confidence_interval":{"confidence_level":0.95,"lower_bound":3519.69233751297,"upper_bound":66192.89972484112},"point_estimate":29435.539877414703,"standard_error":16677.396804818844},"slope":null,"std_dev":{"confidence_interval":{"confidence_level":0.95,"lower_bound":14127.549577549627,"upper_bound":68762.9154328815},"point_estimate":51307.907850544834,"standard_error":14587.333305741395}}