{"mean":{"confidence_interval":{"confidence_level":0.95,"lower_bound":237491.9925,"upper_bound":274449.9375},"point_estimate":254330.0,"standard_error":9495.987071991794},"median":{"confidence_interval":{"confidence_level":0.95,"lower_bound":231782.0,"upper_bound":278748.0},"point_estimate":238354.0,"standard_error":12418.709032959605},"median_abs_dev":{"confidence_interval":{"confidence_level":0.95,"lower_bound":1564.1429722309113,"upper_bound":46838.29836845398},"point_estimate":15556.921523809433,"standard_error":13526.302059575914},"slope":null,"std_dev":{"confidence_interval":{"confidence_level":0.95,"lower_bound":11558.993586044688,"upper_bound":41313.394908915434},"point_estimate":31667.702586564614,"standard_error":7760.753135102575}}