{"mean":{"confidence_interval":{"confidence_level":0.95,"lower_bound":-0.350874732077355,"upper_bound":0.1331187632182872},"point_estimate":-0.12431366756309592,"standard_error":0.12778779883451105},"median":{"confidence_interval":{"confidence_level":0.95,"lower_bound":-0.17917271597427753,"upper_bound":0.0745017152286247},"point_estimate":-0.01815886929483923,"standard_error":0.05736154268135604}}