{"mean":{"confidence_interval":{"confidence_level":0.95,"lower_bound":310816.2,"upper_bound":403319.14499999996},"point_estimate":353914.8,"standard_error":23767.603963651753},"median":{"confidence_interval":{"confidence_level":0.95,"lower_bound":290654.0,"upper_bound":418692.0},"point_estimate":323839.0,"standard_error":33810.35829332933},"median_abs_dev":{"confidence_interval":{"confidence_level":0.95,"lower_bound":6434.483885765076,"upper_bound":128379.81432080269},"point_estimate":49327.58372426033,"standard_error":33079.825415517735},"slope":null,"std_dev":{"confidence_interval":{"confidence_level":0.95,"lower_bound":27876.733022595177,"upper_bound":98594.213346583},"point_estimate":79278.0174909091,"standard_error":16463.56530450508}}