{"mean":{"confidence_interval":{"confidence_level":0.95,"lower_bound":128625.4,"upper_bound":130370.90749999999},"point_estimate":129415.1,"standard_error":447.5211758586994},"median":{"confidence_interval":{"confidence_level":0.95,"lower_bound":128484.0,"upper_bound":130680.0},"point_estimate":128927.5,"standard_error":431.89075416801666},"median_abs_dev":{"confidence_interval":{"confidence_level":0.95,"lower_bound":150.48389732837677,"upper_bound":2100.102862715721},"point_estimate":627.8810888528824,"standard_error":465.54536534903406},"slope":null,"std_dev":{"confidence_interval":{"confidence_level":0.95,"lower_bound":408.1775049379226,"upper_bound":1884.0186835591626},"point_estimate":1489.4287831245908,"standard_error":382.7476137476882}}