{"mean":{"confidence_interval":{"confidence_level":0.95,"lower_bound":0.004178433350467249,"upper_bound":0.027298071389066893},"point_estimate":0.013829459678234901,"standard_error":0.0065129703812205125},"median":{"confidence_interval":{"confidence_level":0.95,"lower_bound":0.0005773420520529537,"upper_bound":0.016117501700587233},"point_estimate":0.01136888857951357,"standard_error":0.005737445101178674}}