{"mean":{"confidence_interval":{"confidence_level":0.95,"lower_bound":373598.1,"upper_bound":445629.3},"point_estimate":403050.0,"standard_error":19065.88233480597},"median":{"confidence_interval":{"confidence_level":0.95,"lower_bound":380147.0,"upper_bound":402969.5},"point_estimate":390061.0,"standard_error":6462.927744235915},"median_abs_dev":{"confidence_interval":{"confidence_level":0.95,"lower_bound":1266.8816775083542,"upper_bound":51256.446290016174},"point_estimate":12644.353875517845,"standard_error":12847.54286611039},"slope":null,"std_dev":{"confidence_interval":{"confidence_level":0.95,"lower_bound":8037.510806027876,"upper_bound":95057.5152219843},"point_estimate":63304.88891248623,"standard_error":26852.014092888643}}