{"mean":{"confidence_interval":{"confidence_level":0.95,"lower_bound":67904.59875,"upper_bound":69665.4},"point_estimate":68651.1,"standard_error":463.07229356760115},"median":{"confidence_interval":{"confidence_level":0.95,"lower_bound":67725.25,"upper_bound":69223.25},"point_estimate":68152.0,"standard_error":338.2509960663111},"median_abs_dev":{"confidence_interval":{"confidence_level":0.95,"lower_bound":136.39919757843018,"upper_bound":1548.2050225138664},"point_estimate":578.5846397280693,"standard_error":398.8017302950797},"slope":null,"std_dev":{"confidence_interval":{"confidence_level":0.95,"lower_bound":334.60509061678465,"upper_bound":2225.7009813389877},"point_estimate":1547.3967170703186,"standard_error":549.410535828218}}