{"mean":{"confidence_interval":{"confidence_level":0.95,"lower_bound":-0.03786156238298048,"upper_bound":0.4028904623967566},"point_estimate":0.1615723908684823,"standard_error":0.11400326491523358},"median":{"confidence_interval":{"confidence_level":0.95,"lower_bound":-0.04302886234806125,"upper_bound":0.4425685138651523},"point_estimate":0.30824924255069464,"standard_error":0.12808433400256777}}