{"mean":{"confidence_interval":{"confidence_level":0.95,"lower_bound":128878.39749999999,"upper_bound":130744.9},"point_estimate":129722.3,"standard_error":479.56825866280013},"median":{"confidence_interval":{"confidence_level":0.95,"lower_bound":128562.0,"upper_bound":130740.5},"point_estimate":129202.5,"standard_error":509.16764568776557},"median_abs_dev":{"confidence_interval":{"confidence_level":0.95,"lower_bound":269.0918952226639,"upper_bound":2411.448857188225},"point_estimate":1011.8744820356369,"standard_error":539.7839820794951},"slope":null,"std_dev":{"confidence_interval":{"confidence_level":0.95,"lower_bound":529.5670348909606,"upper_bound":2108.1922766404555},"point_estimate":1599.3033240202503,"standard_error":415.93457588519595}}