{"mean":{"confidence_interval":{"confidence_level":0.95,"lower_bound":277118.995,"upper_bound":283539.5},"point_estimate":280279.1,"standard_error":1643.6663360844834},"median":{"confidence_interval":{"confidence_level":0.95,"lower_bound":276003.0,"upper_bound":284479.0},"point_estimate":280290.0,"standard_error":1917.116100934132},"median_abs_dev":{"confidence_interval":{"confidence_level":0.95,"lower_bound":555.2336901426315,"upper_bound":9508.65493118763},"point_estimate":6283.25868844986,"standard_error":2459.715145446641},"slope":null,"std_dev":{"confidence_interval":{"confidence_level":0.95,"lower_bound":3044.5874625818656,"upper_bound":6913.476096243721},"point_estimate":5448.459811930545,"standard_error":1001.8441678624197}}