{"mean":{"confidence_interval":{"confidence_level":0.95,"lower_bound":0.2235758422737634,"upper_bound":0.2635886676849628},"point_estimate":0.2442377732475276,"standard_error":0.01018609765638891},"median":{"confidence_interval":{"confidence_level":0.95,"lower_bound":0.22470291320099323,"upper_bound":0.2740478084128668},"point_estimate":0.25094378673731277,"standard_error":0.011600142103007872}}