{"mean":{"confidence_interval":{"confidence_level":0.95,"lower_bound":170258.0,"upper_bound":172233.9},"point_estimate":171146.1,"standard_error":507.7163680032209},"median":{"confidence_interval":{"confidence_level":0.95,"lower_bound":170270.5,"upper_bound":171624.0},"point_estimate":171009.5,"standard_error":340.04442324980045},"median_abs_dev":{"confidence_interval":{"confidence_level":0.95,"lower_bound":144.55349743366241,"upper_bound":2189.0588611364365},"point_estimate":876.9578844308853,"standard_error":464.3346832264932},"slope":null,"std_dev":{"confidence_interval":{"confidence_level":0.95,"lower_bound":475.1099914818557,"upper_bound":2455.710609204668},"point_estimate":1694.6862344792128,"standard_error":561.8396443774577}}