{"mean":{"confidence_interval":{"confidence_level":0.95,"lower_bound":-0.03101214800228523,"upper_bound":0.22477523105039698},"point_estimate":0.09789511293877329,"standard_error":0.06609067267150467},"median":{"confidence_interval":{"confidence_level":0.95,"lower_bound":-0.022983452249355163,"upper_bound":0.2954813785452639},"point_estimate":0.16991175663307612,"standard_error":0.08505840978993895}}