{"mean":{"confidence_interval":{"confidence_level":0.95,"lower_bound":-0.17885325412663472,"upper_bound":-0.15046121111985156},"point_estimate":-0.1646443451900318,"standard_error":0.007249036180687224},"median":{"confidence_interval":{"confidence_level":0.95,"lower_bound":-0.18112766579024253,"upper_bound":-0.14066709485046025},"point_estimate":-0.16681439976285206,"standard_error":0.00871687013961546}}