{"mean":{"confidence_interval":{"confidence_level":0.95,"lower_bound":-0.06424060656806845,"upper_bound":-0.0483806213845507},"point_estimate":-0.05625166424259609,"standard_error":0.004047982013714506},"median":{"confidence_interval":{"confidence_level":0.95,"lower_bound":-0.06614358520100327,"upper_bound":-0.045112593936378786},"point_estimate":-0.05256191741776084,"standard_error":0.005262580795725654}}