{"mean":{"confidence_interval":{"confidence_level":0.95,"lower_bound":-0.3142979435658388,"upper_bound":0.24184711658280797},"point_estimate":-0.04584604204359821,"standard_error":0.155909734356253},"median":{"confidence_interval":{"confidence_level":0.95,"lower_bound":-0.07035733096775987,"upper_bound":0.26841629264528866},"point_estimate":0.16588782025029425,"standard_error":0.08235689285620078}}