{"mean":{"confidence_interval":{"confidence_level":0.95,"lower_bound":-0.07057718963495989,"upper_bound":0.11562863238980291},"point_estimate":0.02516501006019012,"standard_error":0.0467688656371302},"median":{"confidence_interval":{"confidence_level":0.95,"lower_bound":-0.08862605513080712,"upper_bound":0.21382768196492696},"point_estimate":-0.0779082864038616,"standard_error":0.08425931165107041}}