{"mean":{"confidence_interval":{"confidence_level":0.95,"lower_bound":248777.5975,"upper_bound":307207.15499999997},"point_estimate":274061.0,"standard_error":15170.09735249451},"median":{"confidence_interval":{"confidence_level":0.95,"lower_bound":244125.0,"upper_bound":297036.5},"point_estimate":252354.5,"standard_error":13909.206833240365},"median_abs_dev":{"confidence_interval":{"confidence_level":0.95,"lower_bound":3596.7875361442566,"upper_bound":61326.26531124115},"point_estimate":25720.885643363,"standard_error":16554.672261190346},"slope":null,"std_dev":{"confidence_interval":{"confidence_level":0.95,"lower_bound":14653.194054638521,"upper_bound":71390.86499075679},"point_estimate":50486.441392164335,"standard_error":16175.92564584386}}