{"mean":{"confidence_interval":{"confidence_level":0.95,"lower_bound":-0.13701583396315145,"upper_bound":0.6019357138322997},"point_estimate":0.12006638932051406,"standard_error":0.21798511437379547},"median":{"confidence_interval":{"confidence_level":0.95,"lower_bound":-0.16604804829302122,"upper_bound":0.021942751749453038},"point_estimate":-0.11308243159387077,"standard_error":0.09846641283160994}}