{"mean":{"confidence_interval":{"confidence_level":0.95,"lower_bound":279476.7,"upper_bound":294311.63249999995},"point_estimate":287068.5,"standard_error":3799.39679002496},"median":{"confidence_interval":{"confidence_level":0.95,"lower_bound":275399.0,"upper_bound":297992.5},"point_estimate":287480.0,"standard_error":5154.232662145149},"median_abs_dev":{"confidence_interval":{"confidence_level":0.95,"lower_bound":2444.807356595993,"upper_bound":21284.20522212982},"point_estimate":14737.785038352013,"standard_error":4861.3286358172745},"slope":null,"std_dev":{"confidence_interval":{"confidence_level":0.95,"lower_bound":7137.647218217833,"upper_bound":15749.135106104035},"point_estimate":12589.719326586364,"standard_error":2202.633433765136}}