{"mean":{"confidence_interval":{"confidence_level":0.95,"lower_bound":2850628171.4900002,"upper_bound":2865221021.6},"point_estimate":2857686866.3,"standard_error":3725521.5209854566},"median":{"confidence_interval":{"confidence_level":0.95,"lower_bound":2847593955.0,"upper_bound":2867623447.0},"point_estimate":2855657519.0,"standard_error":6032035.375964957},"median_abs_dev":{"confidence_interval":{"confidence_level":0.95,"lower_bound":2430071.7954576015,"upper_bound":21201348.64000082},"point_estimate":13168138.655018806,"standard_error":4690995.653909897},"slope":null,"std_dev":{"confidence_interval":{"confidence_level":0.95,"lower_bound":7271220.05942544,"upper_bound":15444593.788891662},"point_estimate":12447618.818270577,"standard_error":2124528.103340271}}