{"mean":{"confidence_interval":{"confidence_level":0.95,"lower_bound":-0.056363254126305565,"upper_bound":0.10665648284380848},"point_estimate":0.020862285317875262,"standard_error":0.04178233527515764},"median":{"confidence_interval":{"confidence_level":0.95,"lower_bound":-0.08549178361520937,"upper_bound":0.15786350488958267},"point_estimate":-0.02822918025221466,"standard_error":0.07329373477451849}}