{"mean":{"confidence_interval":{"confidence_level":0.95,"lower_bound":273729.995,"upper_bound":341985.7},"point_estimate":298077.3,"standard_error":20266.90371606405},"median":{"confidence_interval":{"confidence_level":0.95,"lower_bound":271613.5,"upper_bound":287891.0},"point_estimate":275794.0,"standard_error":6496.867334807504},"median_abs_dev":{"confidence_interval":{"confidence_level":0.95,"lower_bound":1094.1587805747986,"upper_bound":18225.601476430893},"point_estimate":7019.369575381279,"standard_error":7374.889298451255},"slope":null,"std_dev":{"confidence_interval":{"confidence_level":0.95,"lower_bound":4099.522731028847,"upper_bound":103661.89269172783},"point_estimate":67428.46822959045,"standard_error":35613.66636602526}}