{"mean":{"confidence_interval":{"confidence_level":0.95,"lower_bound":0.2296828012049547,"upper_bound":0.25481211149750443},"point_estimate":0.2415464496420392,"standard_error":0.0064657142626808025},"median":{"confidence_interval":{"confidence_level":0.95,"lower_bound":0.22806747611834588,"upper_bound":0.25164861172370023},"point_estimate":0.24154954598762046,"standard_error":0.006384550812583844}}