{"mean":{"confidence_interval":{"confidence_level":0.95,"lower_bound":327628.6,"upper_bound":473229.13999999996},"point_estimate":392631.5,"standard_error":37411.35475287956},"median":{"confidence_interval":{"confidence_level":0.95,"lower_bound":309080.0,"upper_bound":493778.5},"point_estimate":337862.0,"standard_error":40025.58714492685},"median_abs_dev":{"confidence_interval":{"confidence_level":0.95,"lower_bound":9145.417937636375,"upper_bound":157325.35490691662},"point_estimate":54512.977132201195,"standard_error":39617.655284375396},"slope":null,"std_dev":{"confidence_interval":{"confidence_level":0.95,"lower_bound":30028.57467291415,"upper_bound":157308.88966916155},"point_estimate":124363.50748087015,"standard_error":33987.80302213334}}