{"mean":{"confidence_interval":{"confidence_level":0.95,"lower_bound":-0.17339069122045847,"upper_bound":-0.14292405143646572},"point_estimate":-0.15888334699463147,"standard_error":0.007877936371883623},"median":{"confidence_interval":{"confidence_level":0.95,"lower_bound":-0.1822564212221076,"upper_bound":-0.13464387774367903},"point_estimate":-0.17115812953180776,"standard_error":0.010817569801928922}}