{"mean":{"confidence_interval":{"confidence_level":0.95,"lower_bound":573733643.48625,"upper_bound":597588213.60125},"point_estimate":585270903.3,"standard_error":6078745.742986688},"median":{"confidence_interval":{"confidence_level":0.95,"lower_bound":570617182.5,"upper_bound":592900332.5},"point_estimate":587325802.5,"standard_error":5964948.685564255},"median_abs_dev":{"confidence_interval":{"confidence_level":0.95,"lower_bound":6150808.395901322,"upper_bound":48585050.214242935},"point_estimate":17889240.313902497,"standard_error":10888088.50562817},"slope":null,"std_dev":{"confidence_interval":{"confidence_level":0.95,"lower_bound":17224869.60062397,"upper_bound":35576114.705919035},"point_estimate":27957947.258778993,"standard_error":4685779.085332735}}