{"mean":{"confidence_interval":{"confidence_level":0.95,"lower_bound":-0.16746121156066254,"upper_bound":-0.08179942009803848},"point_estimate":-0.13129958634321715,"standard_error":0.021966771907081406},"median":{"confidence_interval":{"confidence_level":0.95,"lower_bound":-0.18273614068006594,"upper_bound":-0.07699774123025849},"point_estimate":-0.16148242562105697,"standard_error":0.02714049045462938}}