{"mean":{"confidence_interval":{"confidence_level":0.95,"lower_bound":295970.9,"upper_bound":310034.7},"point_estimate":302455.6,"standard_error":3610.954785663868},"median":{"confidence_interval":{"confidence_level":0.95,"lower_bound":293045.5,"upper_bound":309668.5},"point_estimate":298862.0,"standard_error":4672.863470881083},"median_abs_dev":{"confidence_interval":{"confidence_level":0.95,"lower_bound":1604.1731715202332,"upper_bound":19362.01435625553},"point_estimate":10793.327808380127,"standard_error":4394.815416831554},"slope":null,"std_dev":{"confidence_interval":{"confidence_level":0.95,"lower_bound":5402.098500653914,"upper_bound":16165.13486950487},"point_estimate":12059.174932160344,"standard_error":2986.462098952174}}