{"mean":{"confidence_interval":{"confidence_level":0.95,"lower_bound":-0.17370637265164354,"upper_bound":-0.14270019291227307},"point_estimate":-0.15987416083969597,"standard_error":0.007885281495387628},"median":{"confidence_interval":{"confidence_level":0.95,"lower_bound":-0.17855900222144905,"upper_bound":-0.14461410639301198},"point_estimate":-0.17205319345159098,"standard_error":0.007639357354212509}}