{"mean":{"confidence_interval":{"confidence_level":0.95,"lower_bound":-0.050638301399417586,"upper_bound":-0.020676585644772656},"point_estimate":-0.03600233681855103,"standard_error":0.007536804812765479},"median":{"confidence_interval":{"confidence_level":0.95,"lower_bound":-0.04697877623561397,"upper_bound":-0.028690790797582744},"point_estimate":-0.04319735035929395,"standard_error":0.004406554403564719}}