{"mean":{"confidence_interval":{"confidence_level":0.95,"lower_bound":346451.65,"upper_bound":415290.1},"point_estimate":377146.5,"standard_error":17697.12532783159},"median":{"confidence_interval":{"confidence_level":0.95,"lower_bound":338197.0,"upper_bound":404222.5},"point_estimate":350323.5,"standard_error":17250.551649316036},"median_abs_dev":{"confidence_interval":{"confidence_level":0.95,"lower_bound":3633.111235499382,"upper_bound":83471.86111807823},"point_estimate":18129.973778128624,"standard_error":20090.045847396304},"slope":null,"std_dev":{"confidence_interval":{"confidence_level":0.95,"lower_bound":8798.879501841197,"upper_bound":79330.06044414478},"point_estimate":59144.53190701571,"standard_error":17235.86736569875}}