{"mean":{"confidence_interval":{"confidence_level":0.95,"lower_bound":128727.6,"upper_bound":129604.1},"point_estimate":129134.7,"standard_error":224.4364233507348},"median":{"confidence_interval":{"confidence_level":0.95,"lower_bound":128504.5,"upper_bound":129563.0},"point_estimate":129026.0,"standard_error":322.96012750571},"median_abs_dev":{"confidence_interval":{"confidence_level":0.95,"lower_bound":102.29939818382263,"upper_bound":1333.5986763238907},"point_estimate":727.9565870761871,"standard_error":290.35267018037},"slope":null,"std_dev":{"confidence_interval":{"confidence_level":0.95,"lower_bound":391.68056748186024,"upper_bound":998.4896000214152},"point_estimate":749.3386788065565,"standard_error":173.19894993774614}}