{"mean":{"confidence_interval":{"confidence_level":0.95,"lower_bound":92138.7975,"upper_bound":93659.90749999999},"point_estimate":92819.85,"standard_error":392.5136684006954},"median":{"confidence_interval":{"confidence_level":0.95,"lower_bound":91982.0,"upper_bound":93506.5},"point_estimate":92145.0,"standard_error":418.8741575811607},"median_abs_dev":{"confidence_interval":{"confidence_level":0.95,"lower_bound":50.037749111652374,"upper_bound":1883.6432665586472},"point_estimate":362.12504357099533,"standard_error":490.6829310934896},"slope":null,"std_dev":{"confidence_interval":{"confidence_level":0.95,"lower_bound":276.25145071217815,"upper_bound":1757.137806209822},"point_estimate":1311.7845997385054,"standard_error":371.5827677563407}}