{"mean":{"confidence_interval":{"confidence_level":0.95,"lower_bound":60744244.51899999,"upper_bound":61779047.42925},"point_estimate":61263354.269999996,"standard_error":263810.2188568585},"median":{"confidence_interval":{"confidence_level":0.95,"lower_bound":60625522.8,"upper_bound":61905984.5},"point_estimate":61175443.3,"standard_error":324742.7898233991},"median_abs_dev":{"confidence_interval":{"confidence_level":0.95,"lower_bound":573996.8823695094,"upper_bound":1760928.0219572827},"point_estimate":1165430.771289469,"standard_error":292439.4597705385},"slope":null,"std_dev":{"confidence_interval":{"confidence_level":0.95,"lower_bound":802874.7900088143,"upper_bound":1519343.8873790274},"point_estimate":1211157.2538561511,"standard_error":183345.7291772982}}