{"mean":{"confidence_interval":{"confidence_level":0.95,"lower_bound":-0.4396022413679912,"upper_bound":0.0998130451733737},"point_estimate":-0.21980646395354353,"standard_error":0.14079708970516103},"median":{"confidence_interval":{"confidence_level":0.95,"lower_bound":-0.46431314804879265,"upper_bound":0.11616059570700488},"point_estimate":0.04851924583129952,"standard_error":0.10770012480446364}}