{"mean":{"confidence_interval":{"confidence_level":0.95,"lower_bound":-0.16965742779688175,"upper_bound":0.14983705827811106},"point_estimate":-0.01600874747296621,"standard_error":0.082568951216423},"median":{"confidence_interval":{"confidence_level":0.95,"lower_bound":-0.12620025897006149,"upper_bound":0.2109774470279786},"point_estimate":0.07294034212280187,"standard_error":0.08656321149256693}}