{"mean":{"confidence_interval":{"confidence_level":0.95,"lower_bound":-0.313157099135141,"upper_bound":0.041777489238757855},"point_estimate":-0.146878391200849,"standard_error":0.09192281138282894},"median":{"confidence_interval":{"confidence_level":0.95,"lower_bound":-0.2807174616213985,"upper_bound":0.05751212763349156},"point_estimate":-0.09994598375265606,"standard_error":0.0758777107720644}}