{"mean":{"confidence_interval":{"confidence_level":0.95,"lower_bound":-0.19260919065605825,"upper_bound":0.20410841155226786},"point_estimate":0.016472299544441737,"standard_error":0.10725329060198775},"median":{"confidence_interval":{"confidence_level":0.95,"lower_bound":0.028757925498143155,"upper_bound":0.1766876433641178},"point_estimate":0.09090909090909083,"standard_error":0.04149698981546945}}