{"mean":{"confidence_interval":{"confidence_level":0.95,"lower_bound":249733.0,"upper_bound":315479.1075},"point_estimate":274370.8,"standard_error":18774.415368666698},"median":{"confidence_interval":{"confidence_level":0.95,"lower_bound":244977.0,"upper_bound":271408.5},"point_estimate":256859.5,"standard_error":7244.1740026618145},"median_abs_dev":{"confidence_interval":{"confidence_level":0.95,"lower_bound":1024.476581811905,"upper_bound":23266.441386938095},"point_estimate":16232.98711180687,"standard_error":8935.771429140497},"slope":null,"std_dev":{"confidence_interval":{"confidence_level":0.95,"lower_bound":6232.412951377667,"upper_bound":95988.3914676376},"point_estimate":62594.07962738968,"standard_error":30542.83596599256}}