{"mean":{"confidence_interval":{"confidence_level":0.95,"lower_bound":77810.3,"upper_bound":78869.25},"point_estimate":78253.3,"standard_error":278.29219082624434},"median":{"confidence_interval":{"confidence_level":0.95,"lower_bound":77723.25,"upper_bound":78607.5},"point_estimate":77951.5,"standard_error":224.24059661545036},"median_abs_dev":{"confidence_interval":{"confidence_level":0.95,"lower_bound":61.52789890766144,"upper_bound":988.8941824436188},"point_estimate":339.8860439658165,"standard_error":245.30220719449255},"slope":null,"std_dev":{"confidence_interval":{"confidence_level":0.95,"lower_bound":259.56258611577886,"upper_bound":1362.342031609226},"point_estimate":926.4247945732022,"standard_error":341.87354332884246}}