{"mean":{"confidence_interval":{"confidence_level":0.95,"lower_bound":92924.2,"upper_bound":107432.3},"point_estimate":99709.7,"standard_error":3596.081586690069},"median":{"confidence_interval":{"confidence_level":0.95,"lower_bound":92333.0,"upper_bound":107102.0},"point_estimate":92908.5,"standard_error":4358.224787466789},"median_abs_dev":{"confidence_interval":{"confidence_level":0.95,"lower_bound":150.48389732837677,"upper_bound":18213.740676641464},"point_estimate":1064.5067811012268,"standard_error":4828.57738819344},"slope":null,"std_dev":{"confidence_interval":{"confidence_level":0.95,"lower_bound":700.9528020839912,"upper_bound":15140.255867131878},"point_estimate":11959.680365944383,"standard_error":3095.321210548602}}