{"mean":{"confidence_interval":{"confidence_level":0.95,"lower_bound":-0.42630951238568265,"upper_bound":-0.4045932146097535},"point_estimate":-0.41647161236215613,"standard_error":0.005600944127970806},"median":{"confidence_interval":{"confidence_level":0.95,"lower_bound":-0.4298030843629287,"upper_bound":-0.4133443124582763},"point_estimate":-0.421736887840111,"standard_error":0.004579745042540398}}