{"mean":{"confidence_interval":{"confidence_level":0.95,"lower_bound":-0.2704669452014266,"upper_bound":0.3657871545899186},"point_estimate":0.02528674277653642,"standard_error":0.17561427695325946},"median":{"confidence_interval":{"confidence_level":0.95,"lower_bound":0.0257332606472509,"upper_bound":0.46552436856682244},"point_estimate":0.1753630235334671,"standard_error":0.11442428685099687}}