{"mean":{"confidence_interval":{"confidence_level":0.95,"lower_bound":0.06460669184533792,"upper_bound":0.341755283256394},"point_estimate":0.17951192756322065,"standard_error":0.07210398797858826},"median":{"confidence_interval":{"confidence_level":0.95,"lower_bound":0.06064736169820506,"upper_bound":0.269559828704089},"point_estimate":0.12359022236154371,"standard_error":0.05974421260756764}}