{"mean":{"confidence_interval":{"confidence_level":0.95,"lower_bound":347848.055,"upper_bound":382594.27749999997},"point_estimate":364576.3,"standard_error":8923.027282916595},"median":{"confidence_interval":{"confidence_level":0.95,"lower_bound":339528.0,"upper_bound":400557.0},"point_estimate":358887.5,"standard_error":14172.004101809991},"median_abs_dev":{"confidence_interval":{"confidence_level":0.95,"lower_bound":3664.9871349334717,"upper_bound":43360.11883020401},"point_estimate":30734.297454357147,"standard_error":11518.493937620064},"slope":null,"std_dev":{"confidence_interval":{"confidence_level":0.95,"lower_bound":13254.339660231748,"upper_bound":34872.746812378},"point_estimate":29715.30449317695,"standard_error":4782.982398810489}}