{"mean":{"confidence_interval":{"confidence_level":0.95,"lower_bound":324638.4,"upper_bound":395489.1},"point_estimate":357099.2,"standard_error":18182.00849920302},"median":{"confidence_interval":{"confidence_level":0.95,"lower_bound":316012.0,"upper_bound":398933.0},"point_estimate":330461.5,"standard_error":21853.224955483733},"median_abs_dev":{"confidence_interval":{"confidence_level":0.95,"lower_bound":4123.851826786995,"upper_bound":99109.58434045315},"point_estimate":22787.56159543991,"standard_error":21541.838713051166},"slope":null,"std_dev":{"confidence_interval":{"confidence_level":0.95,"lower_bound":10718.98897595602,"upper_bound":74510.72856617758},"point_estimate":60466.065292489104,"standard_error":14888.24457280791}}