{"mean":{"confidence_interval":{"confidence_level":0.95,"lower_bound":458791.9576227655,"upper_bound":463444.69849492935},"point_estimate":460928.9593715987,"standard_error":1185.4865649216563},"median":{"confidence_interval":{"confidence_level":0.95,"lower_bound":459021.83587278106,"upper_bound":462143.7944711539},"point_estimate":460564.32825726905,"standard_error":782.7303697422692},"median_abs_dev":{"confidence_interval":{"confidence_level":0.95,"lower_bound":1506.3910192177548,"upper_bound":5401.865223328496},"point_estimate":3341.38323526069,"standard_error":1005.8012320992451},"slope":{"confidence_interval":{"confidence_level":0.95,"lower_bound":460063.6095681859,"upper_bound":462166.63607086864},"point_estimate":461078.3166376307,"standard_error":538.1437233476158},"std_dev":{"confidence_interval":{"confidence_level":0.95,"lower_bound":2459.7593456589407,"upper_bound":7943.195983350156},"point_estimate":5441.0068039688385,"standard_error":1523.36017912981}}