{"mean":{"confidence_interval":{"confidence_level":0.95,"lower_bound":-0.1784189334092998,"upper_bound":-0.16482396344266484},"point_estimate":-0.17171855555117221,"standard_error":0.003496812710665219},"median":{"confidence_interval":{"confidence_level":0.95,"lower_bound":-0.18293408929836996,"upper_bound":-0.16373860336449686},"point_estimate":-0.1716790808696652,"standard_error":0.004685530429525423}}