{"mean":{"confidence_interval":{"confidence_level":0.95,"lower_bound":0.12184385912475852,"upper_bound":0.24739591597318997},"point_estimate":0.18600804658083447,"standard_error":0.0326465925859582},"median":{"confidence_interval":{"confidence_level":0.95,"lower_bound":0.07112003419867996,"upper_bound":0.30537585940243805},"point_estimate":0.17289926368901432,"standard_error":0.06166020286017376}}