{"mean":{"confidence_interval":{"confidence_level":0.95,"lower_bound":2819.1261394557823,"upper_bound":3066.2260714285717},"point_estimate":2932.8656292517007,"standard_error":64.18788737988594},"median":{"confidence_interval":{"confidence_level":0.95,"lower_bound":2782.612244897959,"upper_bound":3139.8285714285716},"point_estimate":2796.4285714285716,"standard_error":98.57732074149334},"median_abs_dev":{"confidence_interval":{"confidence_level":0.95,"lower_bound":6.0060427505144345,"upper_bound":338.8932314834424},"point_estimate":30.640399456024284,"standard_error":97.01219782568131},"slope":{"confidence_interval":{"confidence_level":0.95,"lower_bound":2821.769165158612,"upper_bound":3157.0697142857143},"point_estimate":2973.339888682746,"standard_error":88.72176984112448},"std_dev":{"confidence_interval":{"confidence_level":0.95,"lower_bound":63.23878917395352,"upper_bound":258.2744446459331},"point_estimate":215.02273263339174,"standard_error":43.82166233382791}}