{"mean":{"confidence_interval":{"confidence_level":0.95,"lower_bound":0.1059768236014505,"upper_bound":0.3618717083474157},"point_estimate":0.21153697013856698,"standard_error":0.06409152551500497},"median":{"confidence_interval":{"confidence_level":0.95,"lower_bound":0.12496618710997898,"upper_bound":0.25697640055726767},"point_estimate":0.19557461364458373,"standard_error":0.03725967683958429}}