{"mean":{"confidence_interval":{"confidence_level":0.95,"lower_bound":-0.16109706234259985,"upper_bound":0.4949584656839615},"point_estimate":0.14348323459719903,"standard_error":0.17239070292374434},"median":{"confidence_interval":{"confidence_level":0.95,"lower_bound":0.06060373149182818,"upper_bound":0.522961216698308},"point_estimate":0.22348446371896413,"standard_error":0.09608375364210864}}