{"mean":{"confidence_interval":{"confidence_level":0.95,"lower_bound":-0.35937715938830367,"upper_bound":-0.20112544242677766},"point_estimate":-0.2908698270388944,"standard_error":0.0401810104980006},"median":{"confidence_interval":{"confidence_level":0.95,"lower_bound":-0.38379039230531886,"upper_bound":-0.13865934837130955},"point_estimate":-0.36671154557624897,"standard_error":0.06520370122996577}}