{"mean":{"confidence_interval":{"confidence_level":0.95,"lower_bound":-0.3104771610959425,"upper_bound":0.11267074866643381},"point_estimate":-0.12366550316682323,"standard_error":0.10940568971388831},"median":{"confidence_interval":{"confidence_level":0.95,"lower_bound":-0.3538006483577877,"upper_bound":0.1691584378922768},"point_estimate":-0.016106903781260673,"standard_error":0.09001184162523272}}