{"mean":{"confidence_interval":{"confidence_level":0.95,"lower_bound":366319.0175,"upper_bound":434784.2},"point_estimate":399680.0,"standard_error":17526.55326794735},"median":{"confidence_interval":{"confidence_level":0.95,"lower_bound":346097.0,"upper_bound":450600.0},"point_estimate":394335.5,"standard_error":33980.70165904571},"median_abs_dev":{"confidence_interval":{"confidence_level":0.95,"lower_bound":8928.958341479301,"upper_bound":94340.80152511597},"point_estimate":73416.86809659004,"standard_error":25059.794334075923},"slope":null,"std_dev":{"confidence_interval":{"confidence_level":0.95,"lower_bound":38014.031735126184,"upper_bound":68361.1734019871},"point_estimate":58346.05281517432,"standard_error":7831.145658651986}}