{"mean":{"confidence_interval":{"confidence_level":0.95,"lower_bound":256837753.41375002,"upper_bound":289310874.77625},"point_estimate":272781413.725,"standard_error":8316109.129586569},"median":{"confidence_interval":{"confidence_level":0.95,"lower_bound":241437874.0,"upper_bound":301671262.25},"point_estimate":267605965.0,"standard_error":17318984.392663218},"median_abs_dev":{"confidence_interval":{"confidence_level":0.95,"lower_bound":7939918.410192053,"upper_bound":63329354.615329206},"point_estimate":42584760.55676937,"standard_error":12905723.821806727},"slope":null,"std_dev":{"confidence_interval":{"confidence_level":0.95,"lower_bound":28930462.84631567,"upper_bound":44063382.68809516},"point_estimate":38180859.350367874,"standard_error":3865877.323518088}}