{"mean":{"confidence_interval":{"confidence_level":0.95,"lower_bound":0.0019328461917731458,"upper_bound":0.05313356258383176},"point_estimate":0.024919777952786548,"standard_error":0.013129659199001002},"median":{"confidence_interval":{"confidence_level":0.95,"lower_bound":0.0050300137916616805,"upper_bound":0.05023572877351157},"point_estimate":0.025567835846429965,"standard_error":0.012523704156897391}}