{"mean":{"confidence_interval":{"confidence_level":0.95,"lower_bound":220503.6,"upper_bound":294943.8524999999},"point_estimate":250029.9,"standard_error":20213.81479887748},"median":{"confidence_interval":{"confidence_level":0.95,"lower_bound":211713.0,"upper_bound":255269.5},"point_estimate":230819.0,"standard_error":13585.69356701849},"median_abs_dev":{"confidence_interval":{"confidence_level":0.95,"lower_bound":3222.431042790413,"upper_bound":51317.232888937},"point_estimate":28800.987088680267,"standard_error":14036.59829881471},"slope":null,"std_dev":{"confidence_interval":{"confidence_level":0.95,"lower_bound":14312.035932309309,"upper_bound":102167.2649136742},"point_estimate":67487.94986012111,"standard_error":28980.962100300723}}