{"mean":{"confidence_interval":{"confidence_level":0.95,"lower_bound":-0.17818624010597292,"upper_bound":-0.08687518227806651},"point_estimate":-0.1360802490334796,"standard_error":0.023976250847139287},"median":{"confidence_interval":{"confidence_level":0.95,"lower_bound":-0.18082988228262253,"upper_bound":-0.11317456849464713},"point_estimate":-0.14808939692995737,"standard_error":0.018361211804470763}}