{"mean":{"confidence_interval":{"confidence_level":0.95,"lower_bound":-0.051981873802980395,"upper_bound":-0.0031875412186947415},"point_estimate":-0.028152840332100415,"standard_error":0.012635501826720843},"median":{"confidence_interval":{"confidence_level":0.95,"lower_bound":-0.07744589403509594,"upper_bound":0.015300547301871026},"point_estimate":-0.030080024737860533,"standard_error":0.02592421376292643}}