{"mean":{"confidence_interval":{"confidence_level":0.95,"lower_bound":0.25145000085933017,"upper_bound":0.5806280521689393},"point_estimate":0.42052290484798815,"standard_error":0.08556005994277566},"median":{"confidence_interval":{"confidence_level":0.95,"lower_bound":0.17624801966675774,"upper_bound":0.6966526077429258},"point_estimate":0.4488250444641213,"standard_error":0.13533279908863147}}