{"mean":{"confidence_interval":{"confidence_level":0.95,"lower_bound":78129.9975,"upper_bound":90069.65375},"point_estimate":82716.05,"standard_error":3321.593160303042},"median":{"confidence_interval":{"confidence_level":0.95,"lower_bound":77334.5,"upper_bound":83230.25},"point_estimate":78196.25,"standard_error":1650.8609354463397},"median_abs_dev":{"confidence_interval":{"confidence_level":0.95,"lower_bound":230.91494590044022,"upper_bound":6460.800035297871},"point_estimate":1558.5832223296165,"standard_error":1927.420034702204},"slope":null,"std_dev":{"confidence_interval":{"confidence_level":0.95,"lower_bound":1288.5059004737059,"upper_bound":16845.078513885368},"point_estimate":11056.248880283845,"standard_error":5109.268783287435}}