{"mean":{"confidence_interval":{"confidence_level":0.95,"lower_bound":-0.17808276346070712,"upper_bound":-0.012408232101897902},"point_estimate":-0.09810846041825227,"standard_error":0.04268440043597303},"median":{"confidence_interval":{"confidence_level":0.95,"lower_bound":-0.2424707355366973,"upper_bound":-0.01863780721732844},"point_estimate":-0.043210560501279915,"standard_error":0.0580793959486458}}