{"mean":{"confidence_interval":{"confidence_level":0.95,"lower_bound":-0.14995696958692328,"upper_bound":-0.11418573966040613},"point_estimate":-0.1329215685591828,"standard_error":0.00907856044659172},"median":{"confidence_interval":{"confidence_level":0.95,"lower_bound":-0.15415825721478948,"upper_bound":-0.11505221085232387},"point_estimate":-0.148642238823669,"standard_error":0.009926725335214862}}