{"mean":{"confidence_interval":{"confidence_level":0.95,"lower_bound":102367412.41208333,"upper_bound":108073073.81874998},"point_estimate":104620897.61666667,"standard_error":1518786.4600230015},"median":{"confidence_interval":{"confidence_level":0.95,"lower_bound":101741397.83333334,"upper_bound":103476378.0},"point_estimate":102453171.16666666,"standard_error":542515.3369559378},"median_abs_dev":{"confidence_interval":{"confidence_level":0.95,"lower_bound":593038.7539714427,"upper_bound":3264239.6207481623},"point_estimate":1386283.8547885271,"standard_error":669090.3401124552},"slope":null,"std_dev":{"confidence_interval":{"confidence_level":0.95,"lower_bound":1453173.662660367,"upper_bound":10958582.364235785},"point_estimate":6944170.4143951805,"standard_error":2962543.499685088}}