{"mean":{"confidence_interval":{"confidence_level":0.95,"lower_bound":264044.48,"upper_bound":298806.0},"point_estimate":279136.5,"standard_error":9022.516756229586},"median":{"confidence_interval":{"confidence_level":0.95,"lower_bound":260139.0,"upper_bound":290151.5},"point_estimate":270447.5,"standard_error":7774.947390374199},"median_abs_dev":{"confidence_interval":{"confidence_level":0.95,"lower_bound":5187.617307901382,"upper_bound":36761.06634736061},"point_estimate":17646.646186709404,"standard_error":8340.058243117028},"slope":null,"std_dev":{"confidence_interval":{"confidence_level":0.95,"lower_bound":9728.91889677368,"upper_bound":43048.48408338879},"point_estimate":30028.967230733135,"standard_error":9825.510254364124}}