{"mean":{"confidence_interval":{"confidence_level":0.95,"lower_bound":-0.12767832956776246,"upper_bound":0.45514865848711905},"point_estimate":0.13027512751090087,"standard_error":0.14999099763610071},"median":{"confidence_interval":{"confidence_level":0.95,"lower_bound":-0.14633512304862717,"upper_bound":0.530937936321499},"point_estimate":0.30762437267342846,"standard_error":0.12907281241686724}}