{"mean":{"confidence_interval":{"confidence_level":0.95,"lower_bound":0.14998233811215095,"upper_bound":0.2878858093755354},"point_estimate":0.22909718160995252,"standard_error":0.03637541901803916},"median":{"confidence_interval":{"confidence_level":0.95,"lower_bound":0.19811091925176427,"upper_bound":0.3053721493380656},"point_estimate":0.2592632269446,"standard_error":0.02433335835369454}}