{"mean":{"confidence_interval":{"confidence_level":0.95,"lower_bound":229385.4,"upper_bound":283364.8},"point_estimate":251429.9,"standard_error":14426.60739552982},"median":{"confidence_interval":{"confidence_level":0.95,"lower_bound":222895.0,"upper_bound":265602.0},"point_estimate":232832.5,"standard_error":11253.987978551508},"median_abs_dev":{"confidence_interval":{"confidence_level":0.95,"lower_bound":1201.6472786664963,"upper_bound":47199.55238453935},"point_estimate":14776.332637667656,"standard_error":12207.470709904062},"slope":null,"std_dev":{"confidence_interval":{"confidence_level":0.95,"lower_bound":8076.96634538268,"upper_bound":71632.23754707094},"point_estimate":48028.35420283869,"standard_error":19135.51405642831}}