{"mean":{"confidence_interval":{"confidence_level":0.95,"lower_bound":0.4482974996677396,"upper_bound":0.47798471388739083},"point_estimate":0.46323700506357834,"standard_error":0.007402846717499329},"median":{"confidence_interval":{"confidence_level":0.95,"lower_bound":0.4530265496804846,"upper_bound":0.48181867246908716},"point_estimate":0.46246641552349144,"standard_error":0.0071495893720528005}}