{"mean":{"confidence_interval":{"confidence_level":0.95,"lower_bound":271287.2,"upper_bound":277698.21},"point_estimate":274327.0,"standard_error":1648.484931491183},"median":{"confidence_interval":{"confidence_level":0.95,"lower_bound":270007.0,"upper_bound":280610.0},"point_estimate":272061.5,"standard_error":2713.0324017829976},"median_abs_dev":{"confidence_interval":{"confidence_level":0.95,"lower_bound":942.9335832595825,"upper_bound":8493.815249204636},"point_estimate":4461.143320798874,"standard_error":2165.761590740632},"slope":null,"std_dev":{"confidence_interval":{"confidence_level":0.95,"lower_bound":2624.3745519435465,"upper_bound":6554.383117849883},"point_estimate":5477.541824983579,"standard_error":940.2741074018204}}