{"mean":{"confidence_interval":{"confidence_level":0.95,"lower_bound":-0.18949388108207435,"upper_bound":-0.019821241324554224},"point_estimate":-0.10851863988238242,"standard_error":0.04393145130217109},"median":{"confidence_interval":{"confidence_level":0.95,"lower_bound":-0.2008926027917577,"upper_bound":-0.07440850083752093},"point_estimate":-0.15588073377171385,"standard_error":0.040346941508267724}}