{"mean":{"confidence_interval":{"confidence_level":0.95,"lower_bound":-0.18173702532302563,"upper_bound":-0.15987977577767093},"point_estimate":-0.17046741643456265,"standard_error":0.005562251763285524},"median":{"confidence_interval":{"confidence_level":0.95,"lower_bound":-0.17813417091007155,"upper_bound":-0.16260349065959445},"point_estimate":-0.1659364308219664,"standard_error":0.0037309986699807364}}