{"mean":{"confidence_interval":{"confidence_level":0.95,"lower_bound":687822226.6850001,"upper_bound":709691448.51375},"point_estimate":698822641.35,"standard_error":5564789.513074869},"median":{"confidence_interval":{"confidence_level":0.95,"lower_bound":684714234.5,"upper_bound":710130791.5},"point_estimate":703179083.0,"standard_error":7252251.286767622},"median_abs_dev":{"confidence_interval":{"confidence_level":0.95,"lower_bound":8873216.28896892,"upper_bound":36359894.06828284},"point_estimate":21564406.980255246,"standard_error":7239593.578860036},"slope":null,"std_dev":{"confidence_interval":{"confidence_level":0.95,"lower_bound":16302366.812765274,"upper_bound":33000627.164049175},"point_estimate":25616390.948680837,"standard_error":4277552.9832476815}}