{"mean":{"confidence_interval":{"confidence_level":0.95,"lower_bound":-0.13696503270168495,"upper_bound":-0.04441479040506265},"point_estimate":-0.09644572501215032,"standard_error":0.025003649787291596},"median":{"confidence_interval":{"confidence_level":0.95,"lower_bound":-0.14787164461122748,"upper_bound":-0.07767521616987116},"point_estimate":-0.10155191892231152,"standard_error":0.02037344613178801}}