{"mean":{"confidence_interval":{"confidence_level":0.95,"lower_bound":-0.1638443195389288,"upper_bound":-0.03287489986292733},"point_estimate":-0.10198660157228856,"standard_error":0.03336551143056912},"median":{"confidence_interval":{"confidence_level":0.95,"lower_bound":-0.17954271345140493,"upper_bound":-0.026197601692144024},"point_estimate":-0.14545824816527253,"standard_error":0.040835735328336446}}