{"mean":{"confidence_interval":{"confidence_level":0.95,"lower_bound":99005706.16000001,"upper_bound":102411991.74874999},"point_estimate":100645140.93333334,"standard_error":866262.0065232844},"median":{"confidence_interval":{"confidence_level":0.95,"lower_bound":98589242.0,"upper_bound":102003930.83333334},"point_estimate":99644729.0,"standard_error":891989.1085609279},"median_abs_dev":{"confidence_interval":{"confidence_level":0.95,"lower_bound":1146306.7636489794,"upper_bound":5485237.638917562},"point_estimate":3335858.836376667,"standard_error":1103583.9637499184},"slope":null,"std_dev":{"confidence_interval":{"confidence_level":0.95,"lower_bound":2471902.6936824834,"upper_bound":4938654.223671826},"point_estimate":3992550.217899083,"standard_error":622248.8187835179}}