{"mean":{"confidence_interval":{"confidence_level":0.95,"lower_bound":-0.3775202283823427,"upper_bound":0.018363976163554317},"point_estimate":-0.2039412128839121,"standard_error":0.10253196672778467},"median":{"confidence_interval":{"confidence_level":0.95,"lower_bound":-0.4061922244131978,"upper_bound":0.04736900887101925},"point_estimate":-0.032127311855795204,"standard_error":0.08615324798964699}}