{"mean":{"confidence_interval":{"confidence_level":0.95,"lower_bound":222836.1,"upper_bound":281648.3},"point_estimate":245980.2,"standard_error":15985.352712288623},"median":{"confidence_interval":{"confidence_level":0.95,"lower_bound":213351.0,"upper_bound":248585.5},"point_estimate":233768.5,"standard_error":8659.496379917728},"median_abs_dev":{"confidence_interval":{"confidence_level":0.95,"lower_bound":1654.5815706253052,"upper_bound":39051.68330669403},"point_estimate":20130.00114262104,"standard_error":10263.074937822465},"slope":null,"std_dev":{"confidence_interval":{"confidence_level":0.95,"lower_bound":10959.470138896004,"upper_bound":81134.88911792373},"point_estimate":53419.086694634614,"standard_error":23492.566618088455}}