{"mean":{"confidence_interval":{"confidence_level":0.95,"lower_bound":-0.1354824189199858,"upper_bound":0.14759166970881882},"point_estimate":0.0037383533819437265,"standard_error":0.07297369558579186},"median":{"confidence_interval":{"confidence_level":0.95,"lower_bound":-0.12701014670180322,"upper_bound":0.1929386494831522},"point_estimate":0.08451197025735024,"standard_error":0.08188757749738818}}