{"mean":{"confidence_interval":{"confidence_level":0.95,"lower_bound":355022.3,"upper_bound":390326.435},"point_estimate":371731.6,"standard_error":9087.003948828447},"median":{"confidence_interval":{"confidence_level":0.95,"lower_bound":347195.0,"upper_bound":404520.0},"point_estimate":363324.5,"standard_error":14311.749579001844},"median_abs_dev":{"confidence_interval":{"confidence_level":0.95,"lower_bound":4704.2897164821625,"upper_bound":51439.54738676548},"point_estimate":26146.391835808754,"standard_error":12200.742545495366},"slope":null,"std_dev":{"confidence_interval":{"confidence_level":0.95,"lower_bound":14215.844468378567,"upper_bound":37050.03458583218},"point_estimate":30333.65428474892,"standard_error":5423.087821917581}}