{"mean":{"confidence_interval":{"confidence_level":0.95,"lower_bound":261496.9,"upper_bound":275116.0125},"point_estimate":268252.5,"standard_error":3446.9237694583435},"median":{"confidence_interval":{"confidence_level":0.95,"lower_bound":262259.0,"upper_bound":272888.0},"point_estimate":269564.0,"standard_error":3099.6728139759616},"median_abs_dev":{"confidence_interval":{"confidence_level":0.95,"lower_bound":1340.2703762054443,"upper_bound":18884.617164731026},"point_estimate":6090.520691871643,"standard_error":4225.751363600165},"slope":null,"std_dev":{"confidence_interval":{"confidence_level":0.95,"lower_bound":4248.469701048616,"upper_bound":15888.404398246608},"point_estimate":11467.702455640847,"standard_error":3027.6152541953393}}