{"mean":{"confidence_interval":{"confidence_level":0.95,"lower_bound":1412397.0591652552,"upper_bound":1566800.3346624274},"point_estimate":1488496.081464508,"standard_error":39494.263198358036},"median":{"confidence_interval":{"confidence_level":0.95,"lower_bound":1375881.274691358,"upper_bound":1574743.2518518518},"point_estimate":1463811.947222222,"standard_error":45649.12615982921},"median_abs_dev":{"confidence_interval":{"confidence_level":0.95,"lower_bound":68158.44291216804,"upper_bound":304569.9289042065},"point_estimate":230434.8203492565,"standard_error":62003.90791029678},"slope":{"confidence_interval":{"confidence_level":0.95,"lower_bound":1350929.4086391048,"upper_bound":1569190.0470681847},"point_estimate":1458045.4580139373,"standard_error":56217.415304184295},"std_dev":{"confidence_interval":{"confidence_level":0.95,"lower_bound":131379.26951613702,"upper_bound":214546.61049383902},"point_estimate":181209.26943583842,"standard_error":21093.122150842017}}