{"mean":{"confidence_interval":{"confidence_level":0.95,"lower_bound":-0.1506470488856364,"upper_bound":-0.06696271095050527},"point_estimate":-0.12144243244854958,"standard_error":0.02313633500674878},"median":{"confidence_interval":{"confidence_level":0.95,"lower_bound":-0.15422361663787476,"upper_bound":-0.13279251626105382},"point_estimate":-0.1483256154536361,"standard_error":0.005088148553326558}}