{"mean":{"confidence_interval":{"confidence_level":0.95,"lower_bound":25867.12563095238,"upper_bound":26796.89738095238},"point_estimate":26243.64238095238,"standard_error":248.22728326322104},"median":{"confidence_interval":{"confidence_level":0.95,"lower_bound":25822.77857142857,"upper_bound":26382.766666666666},"point_estimate":25909.875,"standard_error":146.52295319593892},"median_abs_dev":{"confidence_interval":{"confidence_level":0.95,"lower_bound":42.17467425125371,"upper_bound":733.6151769757256},"point_estimate":164.939247071743,"standard_error":183.76837995937802},"slope":{"confidence_interval":{"confidence_level":0.95,"lower_bound":25827.882722393013,"upper_bound":26501.212903225805},"point_estimate":26102.542857142857,"standard_error":182.39796252868211},"std_dev":{"confidence_interval":{"confidence_level":0.95,"lower_bound":114.3757627150606,"upper_bound":1233.1587831613745},"point_estimate":830.3558180799961,"standard_error":337.19888070395467}}