{"mean":{"confidence_interval":{"confidence_level":0.95,"lower_bound":0.21900126788165533,"upper_bound":0.24824948771634894},"point_estimate":0.23231490266749022,"standard_error":0.0073842020310329005},"median":{"confidence_interval":{"confidence_level":0.95,"lower_bound":0.21302256712907064,"upper_bound":0.24317631800617723},"point_estimate":0.23328286920550978,"standard_error":0.0074433618420515265}}