{"mean":{"confidence_interval":{"confidence_level":0.95,"lower_bound":-0.024536058711572252,"upper_bound":0.15781075739158693},"point_estimate":0.06556645718048681,"standard_error":0.04794330408321829},"median":{"confidence_interval":{"confidence_level":0.95,"lower_bound":-0.04950920428144724,"upper_bound":0.1401476081758164},"point_estimate":-0.0000656053184046046,"standard_error":0.05221166941295113}}