{"mean":{"confidence_interval":{"confidence_level":0.95,"lower_bound":359182.215,"upper_bound":415836.51},"point_estimate":384335.8,"standard_error":14709.593629603554},"median":{"confidence_interval":{"confidence_level":0.95,"lower_bound":351461.0,"upper_bound":408244.5},"point_estimate":370698.0,"standard_error":12310.59373808678},"median_abs_dev":{"confidence_interval":{"confidence_level":0.95,"lower_bound":6626.480582356453,"upper_bound":67651.03679895401},"point_estimate":29990.032267570496,"standard_error":15611.185858703366},"slope":null,"std_dev":{"confidence_interval":{"confidence_level":0.95,"lower_bound":14846.323988734717,"upper_bound":67478.8058459144},"point_estimate":48964.12363898014,"standard_error":14479.57201131048}}