{"mean":{"confidence_interval":{"confidence_level":0.95,"lower_bound":78003.3,"upper_bound":79926.20375},"point_estimate":78820.65,"standard_error":506.15298359753166},"median":{"confidence_interval":{"confidence_level":0.95,"lower_bound":77838.0,"upper_bound":79621.75},"point_estimate":78188.5,"standard_error":352.1004140852914},"median_abs_dev":{"confidence_interval":{"confidence_level":0.95,"lower_bound":12.972749769687653,"upper_bound":2122.3418623209},"point_estimate":293.5547947883606,"standard_error":422.1314156448542},"slope":null,"std_dev":{"confidence_interval":{"confidence_level":0.95,"lower_bound":179.24818978534324,"upper_bound":2310.8039442142144},"point_estimate":1688.8384576717547,"standard_error":588.2081144635786}}