{"mean":{"confidence_interval":{"confidence_level":0.95,"lower_bound":0.19794379861494288,"upper_bound":0.2279535494533518},"point_estimate":0.2123194998968274,"standard_error":0.007654527871840312},"median":{"confidence_interval":{"confidence_level":0.95,"lower_bound":0.1940280654267572,"upper_bound":0.222453993742169},"point_estimate":0.20889780725923002,"standard_error":0.006923444167164769}}