{"mean":{"confidence_interval":{"confidence_level":0.95,"lower_bound":2.750446952784225,"upper_bound":4.88998383818517},"point_estimate":3.7370108849483623,"standard_error":0.5498051652650215},"median":{"confidence_interval":{"confidence_level":0.95,"lower_bound":2.526225885511619,"upper_bound":5.103845570320658},"point_estimate":3.8700129475616407,"standard_error":0.8062936344725912}}