{"mean":{"confidence_interval":{"confidence_level":0.95,"lower_bound":-0.006089505380790922,"upper_bound":0.1882326507756016},"point_estimate":0.08163222340849541,"standard_error":0.04970145991376409},"median":{"confidence_interval":{"confidence_level":0.95,"lower_bound":-0.024303782091456005,"upper_bound":0.19884181705258186},"point_estimate":0.03543709658989358,"standard_error":0.0460806682873685}}