{"mean":{"confidence_interval":{"confidence_level":0.95,"lower_bound":0.07734421638163494,"upper_bound":0.26422396976856183},"point_estimate":0.16865746945936255,"standard_error":0.04736162406744607},"median":{"confidence_interval":{"confidence_level":0.95,"lower_bound":-0.01114878379884976,"upper_bound":0.27314865490674856},"point_estimate":0.2567226402245586,"standard_error":0.07159358525003798}}