{"mean":{"confidence_interval":{"confidence_level":0.95,"lower_bound":942696.5326936253,"upper_bound":987705.8437596909},"point_estimate":963184.4558962606,"standard_error":11535.801651292066},"median":{"confidence_interval":{"confidence_level":0.95,"lower_bound":926171.8643162393,"upper_bound":975884.6839574899},"point_estimate":947761.7079881657,"standard_error":13467.26262797815},"median_abs_dev":{"confidence_interval":{"confidence_level":0.95,"lower_bound":18389.448414804116,"upper_bound":65135.104695543756},"point_estimate":43321.07465493564,"standard_error":11767.857797696419},"slope":{"confidence_interval":{"confidence_level":0.95,"lower_bound":947896.911306117,"upper_bound":998948.1118511531},"point_estimate":968635.977619941,"standard_error":13209.870241874723},"std_dev":{"confidence_interval":{"confidence_level":0.95,"lower_bound":27161.449418160897,"upper_bound":72850.29588801818},"point_estimate":52744.01961069232,"standard_error":12352.224721476254}}