{"mean":{"confidence_interval":{"confidence_level":0.95,"lower_bound":211765.1,"upper_bound":245404.84499999997},"point_estimate":224927.0,"standard_error":9212.824035209278},"median":{"confidence_interval":{"confidence_level":0.95,"lower_bound":208930.5,"upper_bound":227665.0},"point_estimate":215373.5,"standard_error":5175.471166564521},"median_abs_dev":{"confidence_interval":{"confidence_level":0.95,"lower_bound":3126.803344488144,"upper_bound":21744.552513957024},"point_estimate":11176.579901576042,"standard_error":5073.215107645104},"slope":null,"std_dev":{"confidence_interval":{"confidence_level":0.95,"lower_bound":6044.225700800906,"upper_bound":46644.308383814205},"point_estimate":30665.675958634925,"standard_error":13573.887572160995}}