{"mean":{"confidence_interval":{"confidence_level":0.95,"lower_bound":313600.0975,"upper_bound":345514.4},"point_estimate":328363.4,"standard_error":8183.164193700314},"median":{"confidence_interval":{"confidence_level":0.95,"lower_bound":306092.0,"upper_bound":346720.5},"point_estimate":320705.5,"standard_error":11881.835512128175},"median_abs_dev":{"confidence_interval":{"confidence_level":0.95,"lower_bound":3513.7619376182556,"upper_bound":44409.05831158161},"point_estimate":23904.700675606728,"standard_error":11672.407435294455},"slope":null,"std_dev":{"confidence_interval":{"confidence_level":0.95,"lower_bound":13173.634908828737,"upper_bound":35612.02186528214},"point_estimate":27267.242566045355,"standard_error":6143.8907524128535}}