{"mean":{"confidence_interval":{"confidence_level":0.95,"lower_bound":-0.05475037070671863,"upper_bound":-0.04078313069570004},"point_estimate":-0.04746002252869452,"standard_error":0.003497758264746995},"median":{"confidence_interval":{"confidence_level":0.95,"lower_bound":-0.049936140985111566,"upper_bound":-0.03954916028514055},"point_estimate":-0.04692396733893911,"standard_error":0.002380461549266945}}