{"mean":{"confidence_interval":{"confidence_level":0.95,"lower_bound":124211493.3,"upper_bound":125361324.3275},"point_estimate":124781563.3,"standard_error":293185.77811747085},"median":{"confidence_interval":{"confidence_level":0.95,"lower_bound":124188238.0,"upper_bound":125607505.5},"point_estimate":124582436.5,"standard_error":360606.7716460199},"median_abs_dev":{"confidence_interval":{"confidence_level":0.95,"lower_bound":188584.492751956,"upper_bound":1741240.2803868055},"point_estimate":757730.1597476006,"standard_error":411988.22313466435},"slope":null,"std_dev":{"confidence_interval":{"confidence_level":0.95,"lower_bound":501505.5756602156,"upper_bound":1270076.0342862636},"point_estimate":975081.5894924497,"standard_error":194650.0474414141}}