{"mean":{"confidence_interval":{"confidence_level":0.95,"lower_bound":-0.06703693506973396,"upper_bound":0.1015297760252891},"point_estimate":0.01198527855953091,"standard_error":0.04500925858746243},"median":{"confidence_interval":{"confidence_level":0.95,"lower_bound":-0.039550797356682876,"upper_bound":0.11826247077481478},"point_estimate":-0.0321252227653972,"standard_error":0.0410048506661653}}