{"mean":{"confidence_interval":{"confidence_level":0.95,"lower_bound":-0.2820835036395409,"upper_bound":0.0350547042186351},"point_estimate":-0.1226561214289833,"standard_error":0.08402473305212617},"median":{"confidence_interval":{"confidence_level":0.95,"lower_bound":-0.1812618671791001,"upper_bound":0.08436157686768686},"point_estimate":-0.04624775519691349,"standard_error":0.06680201755357723}}