{"mean":{"confidence_interval":{"confidence_level":0.95,"lower_bound":71767.1,"upper_bound":73900.65},"point_estimate":72829.15,"standard_error":549.26927699647},"median":{"confidence_interval":{"confidence_level":0.95,"lower_bound":71170.75,"upper_bound":74934.5},"point_estimate":72679.0,"standard_error":1037.965105226844},"median_abs_dev":{"confidence_interval":{"confidence_level":0.95,"lower_bound":131.9513976573944,"upper_bound":3005.6007966399193},"point_estimate":2482.9843059182167,"standard_error":745.2591695866037},"slope":null,"std_dev":{"confidence_interval":{"confidence_level":0.95,"lower_bound":1207.3009590092352,"upper_bound":2113.4492692305416},"point_estimate":1828.5377893886205,"standard_error":233.29207744164904}}