{"mean":{"confidence_interval":{"confidence_level":0.95,"lower_bound":-0.14970590324911381,"upper_bound":0.22528486116813715},"point_estimate":0.033121513439748895,"standard_error":0.0973737154473596},"median":{"confidence_interval":{"confidence_level":0.95,"lower_bound":-0.11179955826156063,"upper_bound":0.3170582299308413},"point_estimate":0.2080890841005716,"standard_error":0.11205227032649334}}