{"mean":{"confidence_interval":{"confidence_level":0.95,"lower_bound":-0.29424074771795317,"upper_bound":0.027326704707593494},"point_estimate":-0.1226736425136461,"standard_error":0.08859054503228864},"median":{"confidence_interval":{"confidence_level":0.95,"lower_bound":-0.1247224473308528,"upper_bound":0.06920802321389852},"point_estimate":-0.0586204394881189,"standard_error":0.05310225768374845}}