{"mean":{"confidence_interval":{"confidence_level":0.95,"lower_bound":0.2059033695408171,"upper_bound":0.2351315869744529},"point_estimate":0.22045902709665666,"standard_error":0.007444780209970584},"median":{"confidence_interval":{"confidence_level":0.95,"lower_bound":0.20186100946759677,"upper_bound":0.23496115715669652},"point_estimate":0.22060124762199718,"standard_error":0.00818816498944471}}