{"mean":{"confidence_interval":{"confidence_level":0.95,"lower_bound":-0.5214195948380017,"upper_bound":0.3845173807687518},"point_estimate":-0.16420917615947672,"standard_error":0.26643722769035433},"median":{"confidence_interval":{"confidence_level":0.95,"lower_bound":0.01409414472793391,"upper_bound":0.46783535499798234},"point_estimate":0.10925905495570265,"standard_error":0.09257981528329298}}