{"mean":{"confidence_interval":{"confidence_level":0.95,"lower_bound":74250164.5809375,"upper_bound":75219824.90625},"point_estimate":74719735.25,"standard_error":247308.86014203992},"median":{"confidence_interval":{"confidence_level":0.95,"lower_bound":74277575.875,"upper_bound":75128041.875},"point_estimate":75109182.875,"standard_error":242891.22573064026},"median_abs_dev":{"confidence_interval":{"confidence_level":0.95,"lower_bound":22369.28307786584,"upper_bound":1609194.5523060858},"point_estimate":229811.1502200365,"standard_error":463308.019551738},"slope":null,"std_dev":{"confidence_interval":{"confidence_level":0.95,"lower_bound":691018.3409869052,"upper_bound":1533153.563449776},"point_estimate":1135166.9852438185,"standard_error":225437.30091243703}}