{"mean":{"confidence_interval":{"confidence_level":0.95,"lower_bound":-0.39249340499298024,"upper_bound":-0.33401776824754},"point_estimate":-0.36505311161638276,"standard_error":0.015102128821580138},"median":{"confidence_interval":{"confidence_level":0.95,"lower_bound":-0.4119631190626677,"upper_bound":-0.34653069721837937},"point_estimate":-0.3814443176529838,"standard_error":0.01635836556268879}}