{"mean":{"confidence_interval":{"confidence_level":0.95,"lower_bound":478709.2,"upper_bound":538159.5},"point_estimate":505568.9,"standard_error":15218.9624446383},"median":{"confidence_interval":{"confidence_level":0.95,"lower_bound":462510.0,"upper_bound":528577.5},"point_estimate":502282.0,"standard_error":17056.979255304163},"median_abs_dev":{"confidence_interval":{"confidence_level":0.95,"lower_bound":9562.028530240059,"upper_bound":75436.91056072712},"point_estimate":49008.083429932594,"standard_error":17403.614921198663},"slope":null,"std_dev":{"confidence_interval":{"confidence_level":0.95,"lower_bound":22257.699182280474,"upper_bound":70565.54380353694},"point_estimate":50846.875255133535,"standard_error":14141.201846310823}}