{"mean":{"confidence_interval":{"confidence_level":0.95,"lower_bound":0.014807475813316989,"upper_bound":0.3439991831984603},"point_estimate":0.16744960697946687,"standard_error":0.08540755810848365},"median":{"confidence_interval":{"confidence_level":0.95,"lower_bound":-0.0589133802124312,"upper_bound":0.4458220745025252},"point_estimate":0.11827685932576504,"standard_error":0.11785481662598404}}