{"mean":{"confidence_interval":{"confidence_level":0.95,"lower_bound":-0.00893365247791861,"upper_bound":0.020275808316626533},"point_estimate":0.00528286671639111,"standard_error":0.0074500381212502485},"median":{"confidence_interval":{"confidence_level":0.95,"lower_bound":-0.014883605309363612,"upper_bound":0.02345533494849361},"point_estimate":0.0036354583031483756,"standard_error":0.01011640317409978}}