{"mean":{"confidence_interval":{"confidence_level":0.95,"lower_bound":-0.4414099791315577,"upper_bound":-0.40839793136083896},"point_estimate":-0.4277196704467199,"standard_error":0.008427856463955344},"median":{"confidence_interval":{"confidence_level":0.95,"lower_bound":-0.44787097326936254,"upper_bound":-0.419365855412158},"point_estimate":-0.43132588003764116,"standard_error":0.00793325154898824}}