{"mean":{"confidence_interval":{"confidence_level":0.95,"lower_bound":996811890.34125,"upper_bound":1175865392.1975},"point_estimate":1086190192.05,"standard_error":49407120.90355316},"median":{"confidence_interval":{"confidence_level":0.95,"lower_bound":865641628.5,"upper_bound":1304749361.0},"point_estimate":1085293055.0,"standard_error":196944273.48783523},"median_abs_dev":{"confidence_interval":{"confidence_level":0.95,"lower_bound":4286786.5986943245,"upper_bound":328197404.42663133},"point_estimate":326769826.7031759,"standard_error":119517717.5407972},"slope":null,"std_dev":{"confidence_interval":{"confidence_level":0.95,"lower_bound":196079336.3117537,"upper_bound":227951166.20780838},"point_estimate":226632314.5023164,"standard_error":8534832.006999124}}