{"mean":{"confidence_interval":{"confidence_level":0.95,"lower_bound":280625.0,"upper_bound":309005.3},"point_estimate":291228.3,"standard_error":8074.291062858891},"median":{"confidence_interval":{"confidence_level":0.95,"lower_bound":277666.0,"upper_bound":287812.0},"point_estimate":284411.5,"standard_error":3067.6841973037435},"median_abs_dev":{"confidence_interval":{"confidence_level":0.95,"lower_bound":1272.0707774162292,"upper_bound":12349.316480755806},"point_estimate":6067.540392279625,"standard_error":3477.925335442161},"slope":null,"std_dev":{"confidence_interval":{"confidence_level":0.95,"lower_bound":3502.4183215062835,"upper_bound":41490.78645336594},"point_estimate":27029.253707994067,"standard_error":13372.74881711054}}