{"mean":{"confidence_interval":{"confidence_level":0.95,"lower_bound":-0.18972135927367617,"upper_bound":0.00717667206391461},"point_estimate":-0.09708865732057792,"standard_error":0.05033164278500348},"median":{"confidence_interval":{"confidence_level":0.95,"lower_bound":-0.20841529100848777,"upper_bound":0.06571650738278323},"point_estimate":-0.10829800367309927,"standard_error":0.06991925840565485}}