{"mean":{"confidence_interval":{"confidence_level":0.95,"lower_bound":-0.4660313123326696,"upper_bound":-0.08177886187742428},"point_estimate":-0.27136782469217313,"standard_error":0.11483286099811282},"median":{"confidence_interval":{"confidence_level":0.95,"lower_bound":-0.19634479596515364,"upper_bound":-0.057190287370657455},"point_estimate":-0.12208665759622583,"standard_error":0.038509460019701534}}