{"mean":{"confidence_interval":{"confidence_level":0.95,"lower_bound":-0.09566288043132927,"upper_bound":0.07253827688823941},"point_estimate":-0.005889554321590329,"standard_error":0.04504433084952754},"median":{"confidence_interval":{"confidence_level":0.95,"lower_bound":-0.1652796800383287,"upper_bound":0.14533640981687435},"point_estimate":0.025136664854920943,"standard_error":0.10151702413827626}}