{"mean":{"confidence_interval":{"confidence_level":0.95,"lower_bound":-0.04767540800466291,"upper_bound":0.1314712369917223},"point_estimate":0.033764651016860325,"standard_error":0.04555390735282057},"median":{"confidence_interval":{"confidence_level":0.95,"lower_bound":-0.03099083459912999,"upper_bound":0.07577238919998219},"point_estimate":0.012940061042356676,"standard_error":0.023503811392271635}}