{"mean":{"confidence_interval":{"confidence_level":0.95,"lower_bound":-0.27686302399874085,"upper_bound":0.2317589731851839},"point_estimate":-0.06161331589311625,"standard_error":0.13154517281054912},"median":{"confidence_interval":{"confidence_level":0.95,"lower_bound":-0.27756387135116856,"upper_bound":0.31741776409079225},"point_estimate":0.16687062453417867,"standard_error":0.12014028197655889}}