{"mean":{"confidence_interval":{"confidence_level":0.95,"lower_bound":92001.4,"upper_bound":92973.40125},"point_estimate":92403.4,"standard_error":257.57092612369365},"median":{"confidence_interval":{"confidence_level":0.95,"lower_bound":91884.5,"upper_bound":92641.0},"point_estimate":92094.75,"standard_error":195.4044963075789},"median_abs_dev":{"confidence_interval":{"confidence_level":0.95,"lower_bound":22.60964959859848,"upper_bound":837.2983351349831},"point_estimate":425.87684243917465,"standard_error":198.58235925961463},"slope":null,"std_dev":{"confidence_interval":{"confidence_level":0.95,"lower_bound":238.42061921458614,"upper_bound":1279.9090548197153},"point_estimate":860.6731796810112,"standard_error":333.70945450180494}}