{"mean":{"confidence_interval":{"confidence_level":0.95,"lower_bound":-0.019943897119845462,"upper_bound":0.22706474162874526},"point_estimate":0.09353789868606444,"standard_error":0.062250749339431415},"median":{"confidence_interval":{"confidence_level":0.95,"lower_bound":-0.08459723259197893,"upper_bound":0.2582098529708219},"point_estimate":0.040625290834691796,"standard_error":0.08868101488314516}}