{"mean":{"confidence_interval":{"confidence_level":0.95,"lower_bound":0.49709927261950054,"upper_bound":0.5326498828429018},"point_estimate":0.5161352363244749,"standard_error":0.009113816886013341},"median":{"confidence_interval":{"confidence_level":0.95,"lower_bound":0.5059924163356875,"upper_bound":0.5344156952282315},"point_estimate":0.5221483551996511,"standard_error":0.008654110016103517}}