{"mean":{"confidence_interval":{"confidence_level":0.95,"lower_bound":-0.3131565513257328,"upper_bound":0.16655164229966266},"point_estimate":-0.08133473136027403,"standard_error":0.1282449498251781},"median":{"confidence_interval":{"confidence_level":0.95,"lower_bound":-0.08201114840840795,"upper_bound":0.16105216649461762},"point_estimate":-0.019921626198132647,"standard_error":0.061149236070288666}}