{"mean":{"confidence_interval":{"confidence_level":0.95,"lower_bound":-0.028613035138895977,"upper_bound":0.2509618652892366},"point_estimate":0.111116171559964,"standard_error":0.06892563452864504},"median":{"confidence_interval":{"confidence_level":0.95,"lower_bound":-0.046245640779762565,"upper_bound":0.3511472625033323},"point_estimate":0.061325848891947476,"standard_error":0.08853954954900876}}