{"mean":{"confidence_interval":{"confidence_level":0.95,"lower_bound":-0.015365211432816108,"upper_bound":0.2351799108037679},"point_estimate":0.08395270524144682,"standard_error":0.06922656261379873},"median":{"confidence_interval":{"confidence_level":0.95,"lower_bound":-0.03389571055250007,"upper_bound":0.11405154755106128},"point_estimate":-0.006109076468252206,"standard_error":0.044978138235333566}}