{"mean":{"confidence_interval":{"confidence_level":0.95,"lower_bound":911364.9,"upper_bound":1103206.5},"point_estimate":1005960.8,"standard_error":49080.84893011675},"median":{"confidence_interval":{"confidence_level":0.95,"lower_bound":851146.5,"upper_bound":1155330.5},"point_estimate":1004641.5,"standard_error":68450.90214878898},"median_abs_dev":{"confidence_interval":{"confidence_level":0.95,"lower_bound":34477.862387895584,"upper_bound":304864.0673875809},"point_estimate":145096.87032401562,"standard_error":65705.3429840158},"slope":null,"std_dev":{"confidence_interval":{"confidence_level":0.95,"lower_bound":95228.20948090393,"upper_bound":202070.28631696998},"point_estimate":163688.69507072124,"standard_error":27404.950865432962}}