{"mean":{"confidence_interval":{"confidence_level":0.95,"lower_bound":256903.4,"upper_bound":317291.3},"point_estimate":283312.8,"standard_error":15734.620074781209},"median":{"confidence_interval":{"confidence_level":0.95,"lower_bound":251206.0,"upper_bound":313470.5},"point_estimate":267083.0,"standard_error":12180.506435162357},"median_abs_dev":{"confidence_interval":{"confidence_level":0.95,"lower_bound":3421.840739250183,"upper_bound":65488.66473734379},"point_estimate":17551.018488407135,"standard_error":14239.17667706299},"slope":null,"std_dev":{"confidence_interval":{"confidence_level":0.95,"lower_bound":10042.308326010596,"upper_bound":70715.76610794323},"point_estimate":52449.58606509684,"standard_error":16506.43240040158}}