{"mean":{"confidence_interval":{"confidence_level":0.95,"lower_bound":-0.1814298317592603,"upper_bound":-0.09753345055478951},"point_estimate":-0.1488289020514837,"standard_error":0.02248637949873834},"median":{"confidence_interval":{"confidence_level":0.95,"lower_bound":-0.18039411766567404,"upper_bound":-0.15367800706809054},"point_estimate":-0.1682828263374644,"standard_error":0.004995562548627016}}