{"mean":{"confidence_interval":{"confidence_level":0.95,"lower_bound":274029.3975,"upper_bound":369744.25749999995},"point_estimate":316668.7,"standard_error":24818.01256446664},"median":{"confidence_interval":{"confidence_level":0.95,"lower_bound":256273.0,"upper_bound":365000.5},"point_estimate":295096.5,"standard_error":21083.069613037416},"median_abs_dev":{"confidence_interval":{"confidence_level":0.95,"lower_bound":5054.924610257149,"upper_bound":99380.15883564949},"point_estimate":42884.94553864002,"standard_error":25633.669555778957},"slope":null,"std_dev":{"confidence_interval":{"confidence_level":0.95,"lower_bound":21527.115862196784,"upper_bound":109744.21955760058},"point_estimate":82519.80655717349,"standard_error":23710.45644791238}}