{"mean":{"confidence_interval":{"confidence_level":0.95,"lower_bound":221724.38749999998,"upper_bound":275915.83249999996},"point_estimate":242978.4,"standard_error":14854.479933695984},"median":{"confidence_interval":{"confidence_level":0.95,"lower_bound":217238.0,"upper_bound":241938.5},"point_estimate":232078.0,"standard_error":7578.230042130619},"median_abs_dev":{"confidence_interval":{"confidence_level":0.95,"lower_bound":4556.771019101143,"upper_bound":32757.30511844158},"point_estimate":16960.202398896217,"standard_error":7518.333066935376},"slope":null,"std_dev":{"confidence_interval":{"confidence_level":0.95,"lower_bound":9406.939972392314,"upper_bound":75541.62148612269},"point_estimate":49548.92170639707,"standard_error":22346.09011643378}}