{"mean":{"confidence_interval":{"confidence_level":0.95,"lower_bound":-0.1543179831816102,"upper_bound":-0.12796695228847949},"point_estimate":-0.1411482406401433,"standard_error":0.006747600638537718},"median":{"confidence_interval":{"confidence_level":0.95,"lower_bound":-0.15486872482217795,"upper_bound":-0.1230388443415329},"point_estimate":-0.1420865835508014,"standard_error":0.008439390439707083}}