{"mean":{"confidence_interval":{"confidence_level":0.95,"lower_bound":-0.09394895909508783,"upper_bound":-0.04889398803406906},"point_estimate":-0.07219893357660156,"standard_error":0.011575481119395973},"median":{"confidence_interval":{"confidence_level":0.95,"lower_bound":-0.0879293015263154,"upper_bound":-0.0739214492773902},"point_estimate":-0.08243986054796937,"standard_error":0.006036045566093266}}