{"mean":{"confidence_interval":{"confidence_level":0.95,"lower_bound":318469.3,"upper_bound":410996.915},"point_estimate":356711.3,"standard_error":24616.134099717074},"median":{"confidence_interval":{"confidence_level":0.95,"lower_bound":307288.0,"upper_bound":380936.0},"point_estimate":321041.5,"standard_error":20047.485623858374},"median_abs_dev":{"confidence_interval":{"confidence_level":0.95,"lower_bound":4378.117722272873,"upper_bound":86712.82466053963},"point_estimate":24769.056460261345,"standard_error":21695.093312577956},"slope":null,"std_dev":{"confidence_interval":{"confidence_level":0.95,"lower_bound":17165.055169992575,"upper_bound":121583.75645726133},"point_estimate":82003.63025575284,"standard_error":31632.593473813024}}