{"mean":{"confidence_interval":{"confidence_level":0.95,"lower_bound":-0.5075336653379838,"upper_bound":0.14956078875184214},"point_estimate":-0.2229439940499286,"standard_error":0.18842708891204726},"median":{"confidence_interval":{"confidence_level":0.95,"lower_bound":-0.12925443244524448,"upper_bound":0.08479828458204786},"point_estimate":-0.030201415493633754,"standard_error":0.06332709957635876}}