{"mean":{"confidence_interval":{"confidence_level":0.95,"lower_bound":-0.08969095649920683,"upper_bound":0.0637846184878656},"point_estimate":-0.011092833404529934,"standard_error":0.039111189007405574},"median":{"confidence_interval":{"confidence_level":0.95,"lower_bound":-0.15618019044132359,"upper_bound":0.09327150261526307},"point_estimate":0.052520923326133895,"standard_error":0.08303622571747804}}