{"mean":{"confidence_interval":{"confidence_level":0.95,"lower_bound":-0.17729151665887985,"upper_bound":-0.12497488830770759},"point_estimate":-0.15502922914164774,"standard_error":0.01398531517571109},"median":{"confidence_interval":{"confidence_level":0.95,"lower_bound":-0.18361085072044991,"upper_bound":-0.14760921683537565},"point_estimate":-0.1640457110060347,"standard_error":0.010973231145639306}}