{"mean":{"confidence_interval":{"confidence_level":0.95,"lower_bound":6869507900.0,"upper_bound":7030112574.08125},"point_estimate":6948870465.9,"standard_error":41191719.64572967},"median":{"confidence_interval":{"confidence_level":0.95,"lower_bound":6804241576.0,"upper_bound":7066232179.5},"point_estimate":6925458035.5,"standard_error":75226844.53874634},"median_abs_dev":{"confidence_interval":{"confidence_level":0.95,"lower_bound":58655810.6864512,"upper_bound":291615300.4981935},"point_estimate":212038853.68555784,"standard_error":64173138.93603414},"slope":null,"std_dev":{"confidence_interval":{"confidence_level":0.95,"lower_bound":138027357.27125874,"upper_bound":227031398.2520466},"point_estimate":189380485.2057966,"standard_error":22704769.490150593}}