{"mean":{"confidence_interval":{"confidence_level":0.95,"lower_bound":67728.65,"upper_bound":68794.4525},"point_estimate":68133.15,"standard_error":300.2677580545863},"median":{"confidence_interval":{"confidence_level":0.95,"lower_bound":67656.5,"upper_bound":68071.25},"point_estimate":67869.5,"standard_error":133.64810437543306},"median_abs_dev":{"confidence_interval":{"confidence_level":0.95,"lower_bound":17.049899697303772,"upper_bound":523.3577907085419},"point_estimate":306.8981945514679,"standard_error":143.33160122596493},"slope":null,"std_dev":{"confidence_interval":{"confidence_level":0.95,"lower_bound":142.09962272215145,"upper_bound":1535.341808668169},"point_estimate":1002.9932992464774,"standard_error":478.781075288295}}