{"mean":{"confidence_interval":{"confidence_level":0.95,"lower_bound":23575693314.53125,"upper_bound":24099438791.56625},"point_estimate":23819569440.0,"standard_error":134686214.75895858},"median":{"confidence_interval":{"confidence_level":0.95,"lower_bound":23410426693.5,"upper_bound":23955584630.5},"point_estimate":23472709508.0,"standard_error":143482424.2490733},"median_abs_dev":{"confidence_interval":{"confidence_level":0.95,"lower_bound":76365356.9183439,"upper_bound":774275429.8570633},"point_estimate":181256275.36305785,"standard_error":185173445.78331712},"slope":null,"std_dev":{"confidence_interval":{"confidence_level":0.95,"lower_bound":338096496.888898,"upper_bound":775566690.9338528},"point_estimate":617665901.1915818,"standard_error":111016336.2652313}}