{"mean":{"confidence_interval":{"confidence_level":0.95,"lower_bound":660815.8,"upper_bound":876762.7649999999},"point_estimate":766128.7,"standard_error":55477.1158691757},"median":{"confidence_interval":{"confidence_level":0.95,"lower_bound":626036.5,"upper_bound":902908.5},"point_estimate":766120.0,"standard_error":55671.45628692113},"median_abs_dev":{"confidence_interval":{"confidence_level":0.95,"lower_bound":25589.675545692444,"upper_bound":357370.3454554081},"point_estimate":119427.87567973137,"standard_error":94511.20776180802},"slope":null,"std_dev":{"confidence_interval":{"confidence_level":0.95,"lower_bound":92515.59712894943,"upper_bound":238641.48603177568},"point_estimate":185004.21852310406,"standard_error":37399.924808411226}}