{"mean":{"confidence_interval":{"confidence_level":0.95,"lower_bound":-0.42394183517973094,"upper_bound":-0.00357451710670395},"point_estimate":-0.253750549088513,"standard_error":0.10645660719248679},"median":{"confidence_interval":{"confidence_level":0.95,"lower_bound":-0.414564391056494,"upper_bound":0.058752608733094736},"point_estimate":-0.004078693498826391,"standard_error":0.12598634553220647}}