{"mean":{"confidence_interval":{"confidence_level":0.95,"lower_bound":-0.6630966517641524,"upper_bound":-0.2618230231408646},"point_estimate":-0.4886924237113588,"standard_error":0.1138403250659926},"median":{"confidence_interval":{"confidence_level":0.95,"lower_bound":-0.4829466496877487,"upper_bound":-0.19813261730900422},"point_estimate":-0.28627410778180384,"standard_error":0.05815048991838805}}