{"mean":{"confidence_interval":{"confidence_level":0.95,"lower_bound":199927.49,"upper_bound":244920.20500000002},"point_estimate":216287.8,"standard_error":13104.879878494532},"median":{"confidence_interval":{"confidence_level":0.95,"lower_bound":199251.0,"upper_bound":211150.0},"point_estimate":201750.0,"standard_error":4478.90740223933},"median_abs_dev":{"confidence_interval":{"confidence_level":0.95,"lower_bound":271.31579518318176,"upper_bound":15516.150024533272},"point_estimate":4594.577318429947,"standard_error":5205.566315352818},"slope":null,"std_dev":{"confidence_interval":{"confidence_level":0.95,"lower_bound":3025.740688015269,"upper_bound":67003.38874619734},"point_estimate":43650.737860124806,"standard_error":22347.67447769226}}