{"mean":{"confidence_interval":{"confidence_level":0.95,"lower_bound":0.1425004103196721,"upper_bound":0.25723470591134834},"point_estimate":0.20464365418853214,"standard_error":0.029576181938550227},"median":{"confidence_interval":{"confidence_level":0.95,"lower_bound":0.16397519731332433,"upper_bound":0.24828808143082504},"point_estimate":0.23728623266508597,"standard_error":0.023836203359676667}}