{"mean":{"confidence_interval":{"confidence_level":0.95,"lower_bound":207519.79249999998,"upper_bound":215599.6},"point_estimate":211747.7,"standard_error":2051.0182325317937},"median":{"confidence_interval":{"confidence_level":0.95,"lower_bound":209847.0,"upper_bound":215292.0},"point_estimate":210932.5,"standard_error":1631.0285951516776},"median_abs_dev":{"confidence_interval":{"confidence_level":0.95,"lower_bound":340.99799394607544,"upper_bound":10072.784221172333},"point_estimate":2508.5591554641724,"standard_error":2672.237656098073},"slope":null,"std_dev":{"confidence_interval":{"confidence_level":0.95,"lower_bound":2248.370165253044,"upper_bound":9787.92400289971},"point_estimate":6809.5601269261315,"standard_error":1952.0291214669076}}