{"mean":{"confidence_interval":{"confidence_level":0.95,"lower_bound":128926.9,"upper_bound":131210.0},"point_estimate":129966.8,"standard_error":583.7749078934503},"median":{"confidence_interval":{"confidence_level":0.95,"lower_bound":128644.5,"upper_bound":131847.0},"point_estimate":129014.0,"standard_error":779.0828145842931},"median_abs_dev":{"confidence_interval":{"confidence_level":0.95,"lower_bound":120.0905978679657,"upper_bound":3080.8427453041077},"point_estimate":591.557389497757,"standard_error":745.7494895055665},"slope":null,"std_dev":{"confidence_interval":{"confidence_level":0.95,"lower_bound":355.04661665758766,"upper_bound":2521.6822614584607},"point_estimate":1943.7226482534315,"standard_error":475.736447068707}}