{"mean":{"confidence_interval":{"confidence_level":0.95,"lower_bound":-0.2957230542989908,"upper_bound":0.13345902651462555},"point_estimate":-0.08286875034158803,"standard_error":0.11505114553929288},"median":{"confidence_interval":{"confidence_level":0.95,"lower_bound":-0.10682261326799503,"upper_bound":0.14924090705644444},"point_estimate":-0.014015139313899194,"standard_error":0.06510291573282835}}