{"mean":{"confidence_interval":{"confidence_level":0.95,"lower_bound":-0.27787567174635147,"upper_bound":0.32051321064058186},"point_estimate":-0.01921495030146858,"standard_error":0.15410908067136192},"median":{"confidence_interval":{"confidence_level":0.95,"lower_bound":-0.31885596817341266,"upper_bound":0.26714247491207543},"point_estimate":0.08400456237898224,"standard_error":0.14927808442044285}}