{"mean":{"confidence_interval":{"confidence_level":0.95,"lower_bound":77881.45,"upper_bound":78955.60250000001},"point_estimate":78337.45,"standard_error":282.6048488566127},"median":{"confidence_interval":{"confidence_level":0.95,"lower_bound":77868.25,"upper_bound":78700.75},"point_estimate":77926.75,"standard_error":192.93253047449147},"median_abs_dev":{"confidence_interval":{"confidence_level":0.95,"lower_bound":24.833549559116364,"upper_bound":1057.8350812196732},"point_estimate":175.68809688091278,"standard_error":264.8435674052193},"slope":null,"std_dev":{"confidence_interval":{"confidence_level":0.95,"lower_bound":144.62743322484576,"upper_bound":1339.0909852084983},"point_estimate":944.2693662886195,"standard_error":332.7822990728869}}