{"mean":{"confidence_interval":{"confidence_level":0.95,"lower_bound":76844411.1159375,"upper_bound":78082993.9734375},"point_estimate":77470229.6,"standard_error":316398.14859631076},"median":{"confidence_interval":{"confidence_level":0.95,"lower_bound":76670378.875,"upper_bound":78291465.25},"point_estimate":77696102.0,"standard_error":377258.49762911274},"median_abs_dev":{"confidence_interval":{"confidence_level":0.95,"lower_bound":593588.3661366999,"upper_bound":2295997.499962896},"point_estimate":1386718.009480834,"standard_error":462238.7094521922},"slope":null,"std_dev":{"confidence_interval":{"confidence_level":0.95,"lower_bound":1012634.1125927124,"upper_bound":1757411.7698025417},"point_estimate":1450801.6388289384,"standard_error":189683.25297194748}}