{"mean":{"confidence_interval":{"confidence_level":0.95,"lower_bound":183749.75999999998,"upper_bound":236813.76999999996},"point_estimate":206745.7,"standard_error":13818.295892032971},"median":{"confidence_interval":{"confidence_level":0.95,"lower_bound":179674.0,"upper_bound":229308.0},"point_estimate":192922.0,"standard_error":9823.819970648181},"median_abs_dev":{"confidence_interval":{"confidence_level":0.95,"lower_bound":1332.116076350212,"upper_bound":53535.943749547005},"point_estimate":13427.16666162014,"standard_error":12994.51651237471},"slope":null,"std_dev":{"confidence_interval":{"confidence_level":0.95,"lower_bound":9005.194512284928,"upper_bound":63614.51798135391},"point_estimate":46063.85464656644,"standard_error":14858.07627167512}}