{"mean":{"confidence_interval":{"confidence_level":0.95,"lower_bound":74706620.48725,"upper_bound":75125589.78825},"point_estimate":74907351.64,"standard_error":107534.48991596367},"median":{"confidence_interval":{"confidence_level":0.95,"lower_bound":74517226.5,"upper_bound":74810682.0},"point_estimate":74638362.0,"standard_error":86046.72470291216},"median_abs_dev":{"confidence_interval":{"confidence_level":0.95,"lower_bound":516116.0311371088,"upper_bound":968474.3330061436},"point_estimate":731094.5099204779,"standard_error":116543.14791897325},"slope":null,"std_dev":{"confidence_interval":{"confidence_level":0.95,"lower_bound":841532.2011614091,"upper_bound":1284032.1948530679},"point_estimate":1080894.1783543162,"standard_error":113440.66191222088}}