{"mean":{"confidence_interval":{"confidence_level":0.95,"lower_bound":-0.0026873038923780597,"upper_bound":0.005574999567302296},"point_estimate":0.0007776670913461903,"standard_error":0.002098950755012332},"median":{"confidence_interval":{"confidence_level":0.95,"lower_bound":-0.003697938216826291,"upper_bound":0.006180260015792527},"point_estimate":-0.0004565328618516551,"standard_error":0.002455901666815125}}