{"mean":{"confidence_interval":{"confidence_level":0.95,"lower_bound":351219580.8775,"upper_bound":365266394.8925},"point_estimate":357758645.0,"standard_error":3599145.884604056},"median":{"confidence_interval":{"confidence_level":0.95,"lower_bound":347207692.0,"upper_bound":355555256.5},"point_estimate":352517170.5,"standard_error":2830354.800508728},"median_abs_dev":{"confidence_interval":{"confidence_level":0.95,"lower_bound":3748269.223254919,"upper_bound":18786787.064167857},"point_estimate":9423120.773506165,"standard_error":4053097.121635009},"slope":null,"std_dev":{"confidence_interval":{"confidence_level":0.95,"lower_bound":9206109.988540288,"upper_bound":20583147.030452143},"point_estimate":16485918.561019637,"standard_error":2865671.530188094}}