{"mean":{"confidence_interval":{"confidence_level":0.95,"lower_bound":-0.17369729208297072,"upper_bound":0.2708449008462162},"point_estimate":0.05046715003189983,"standard_error":0.117753747240164},"median":{"confidence_interval":{"confidence_level":0.95,"lower_bound":-0.012752887761233844,"upper_bound":0.38702377596685866},"point_estimate":0.21461178523277025,"standard_error":0.10691892414017921}}