{"mean":{"confidence_interval":{"confidence_level":0.95,"lower_bound":315598.9,"upper_bound":362855.7},"point_estimate":334119.4,"standard_error":12944.441281857708},"median":{"confidence_interval":{"confidence_level":0.95,"lower_bound":309609.0,"upper_bound":333493.0},"point_estimate":325281.5,"standard_error":6027.931629247231},"median_abs_dev":{"confidence_interval":{"confidence_level":0.95,"lower_bound":1325.4443764686584,"upper_bound":28086.373901367188},"point_estimate":15625.121122598648,"standard_error":7667.39310688316},"slope":null,"std_dev":{"confidence_interval":{"confidence_level":0.95,"lower_bound":7968.868240974187,"upper_bound":65962.4301149273},"point_estimate":43261.04005324986,"standard_error":19510.32789411811}}