{"mean":{"confidence_interval":{"confidence_level":0.95,"lower_bound":0.2553508573915865,"upper_bound":0.29878468695417115},"point_estimate":0.27645940421336257,"standard_error":0.011269227462351398},"median":{"confidence_interval":{"confidence_level":0.95,"lower_bound":0.24984825375765207,"upper_bound":0.2941854167167455},"point_estimate":0.2586821660340477,"standard_error":0.011765355591784989}}