{"mean":{"confidence_interval":{"confidence_level":0.95,"lower_bound":-0.10305922034586013,"upper_bound":-0.08267076497756642},"point_estimate":-0.09291010804609301,"standard_error":0.005143357558202938},"median":{"confidence_interval":{"confidence_level":0.95,"lower_bound":-0.10009410171401567,"upper_bound":-0.08870418049574036},"point_estimate":-0.09070710193876996,"standard_error":0.0025329455246821822}}