{"mean":{"confidence_interval":{"confidence_level":0.95,"lower_bound":239975.6975,"upper_bound":272164.0},"point_estimate":255116.9,"standard_error":8243.24723768902},"median":{"confidence_interval":{"confidence_level":0.95,"lower_bound":234219.0,"upper_bound":276972.5},"point_estimate":245138.0,"standard_error":11723.306339666846},"median_abs_dev":{"confidence_interval":{"confidence_level":0.95,"lower_bound":5197.254207730293,"upper_bound":45681.12908899784},"point_estimate":27620.09620964527,"standard_error":10639.717892397239},"slope":null,"std_dev":{"confidence_interval":{"confidence_level":0.95,"lower_bound":13733.667307383244,"upper_bound":34815.0666456275},"point_estimate":27365.166493392855,"standard_error":5495.912162794271}}