{"mean":{"confidence_interval":{"confidence_level":0.95,"lower_bound":229854.1,"upper_bound":286470.2},"point_estimate":253233.6,"standard_error":15027.7244809206},"median":{"confidence_interval":{"confidence_level":0.95,"lower_bound":225730.0,"upper_bound":266366.5},"point_estimate":234071.5,"standard_error":9880.306506511486},"median_abs_dev":{"confidence_interval":{"confidence_level":0.95,"lower_bound":3614.5787358283997,"upper_bound":47394.27335858345},"point_estimate":14399.752244353294,"standard_error":11622.79255658923},"slope":null,"std_dev":{"confidence_interval":{"confidence_level":0.95,"lower_bound":8526.211533331267,"upper_bound":73557.8907036279},"point_estimate":50063.74876361804,"standard_error":19373.531780770067}}