{"mean":{"confidence_interval":{"confidence_level":0.95,"lower_bound":97723.4,"upper_bound":109789.7},"point_estimate":103652.4,"standard_error":3094.098945974982},"median":{"confidence_interval":{"confidence_level":0.95,"lower_bound":93487.5,"upper_bound":113750.0},"point_estimate":102361.0,"standard_error":5996.882166946597},"median_abs_dev":{"confidence_interval":{"confidence_level":0.95,"lower_bound":629.363688826561,"upper_bound":16244.847911596298},"point_estimate":13177.348566055298,"standard_error":4862.852916978748},"slope":null,"std_dev":{"confidence_interval":{"confidence_level":0.95,"lower_bound":6514.943203470346,"upper_bound":11817.736916272177},"point_estimate":10289.051075995514,"standard_error":1353.5380266183183}}