{"mean":{"confidence_interval":{"confidence_level":0.95,"lower_bound":0.2154629504892472,"upper_bound":0.34328614504317795},"point_estimate":0.2665804318924938,"standard_error":0.03315499548011199},"median":{"confidence_interval":{"confidence_level":0.95,"lower_bound":0.20031823092535594,"upper_bound":0.32009512700178133},"point_estimate":0.24629519053305837,"standard_error":0.03213238451735373}}