{"mean":{"confidence_interval":{"confidence_level":0.95,"lower_bound":339495.79,"upper_bound":374142.4},"point_estimate":356491.7,"standard_error":8852.635054269922},"median":{"confidence_interval":{"confidence_level":0.95,"lower_bound":331945.0,"upper_bound":380941.5},"point_estimate":351039.0,"standard_error":11597.183825950537},"median_abs_dev":{"confidence_interval":{"confidence_level":0.95,"lower_bound":5460.415703058243,"upper_bound":53366.186052560806},"point_estimate":30806.944853067398,"standard_error":12346.655970646942},"slope":null,"std_dev":{"confidence_interval":{"confidence_level":0.95,"lower_bound":16559.131944315028,"upper_bound":36438.5679815281},"point_estimate":29345.682813471707,"standard_error":5071.645913629518}}