{"mean":{"confidence_interval":{"confidence_level":0.95,"lower_bound":-0.066955786355652,"upper_bound":-0.056664167679407566},"point_estimate":-0.061532543530101624,"standard_error":0.0026363453116874775},"median":{"confidence_interval":{"confidence_level":0.95,"lower_bound":-0.06751400523894124,"upper_bound":-0.05313194442644753},"point_estimate":-0.05676283008828653,"standard_error":0.003674360431909549}}