{"mean":{"confidence_interval":{"confidence_level":0.95,"lower_bound":-0.1689422328156803,"upper_bound":-0.14407829121584073},"point_estimate":-0.1574172239176278,"standard_error":0.0065296082275143105},"median":{"confidence_interval":{"confidence_level":0.95,"lower_bound":-0.17051937907659512,"upper_bound":-0.14781877681435773},"point_estimate":-0.165040914843667,"standard_error":0.006197582845789655}}