{"mean":{"confidence_interval":{"confidence_level":0.95,"lower_bound":361464.9,"upper_bound":420787.9},"point_estimate":388334.2,"standard_error":15242.117781624016},"median":{"confidence_interval":{"confidence_level":0.95,"lower_bound":350877.0,"upper_bound":412027.0},"point_estimate":376690.5,"standard_error":16695.927079335866},"median_abs_dev":{"confidence_interval":{"confidence_level":0.95,"lower_bound":7524.936166405678,"upper_bound":75324.97426271439},"point_estimate":46452.08107531071,"standard_error":16571.665197022587},"slope":null,"std_dev":{"confidence_interval":{"confidence_level":0.95,"lower_bound":22014.82407217424,"upper_bound":70557.71811282512},"point_estimate":50784.925477284436,"standard_error":14191.859563933194}}