{"mean":{"confidence_interval":{"confidence_level":0.95,"lower_bound":-0.1727313280281068,"upper_bound":-0.08447329297553094},"point_estimate":-0.14151461241576158,"standard_error":0.02641143384783389},"median":{"confidence_interval":{"confidence_level":0.95,"lower_bound":-0.1773659414960711,"upper_bound":-0.15603333757938598},"point_estimate":-0.16977758610620697,"standard_error":0.009383317982545963}}