{"mean":{"confidence_interval":{"confidence_level":0.95,"lower_bound":-0.17622191468655138,"upper_bound":-0.15694951462649637},"point_estimate":-0.16630296270671063,"standard_error":0.004911264096521913},"median":{"confidence_interval":{"confidence_level":0.95,"lower_bound":-0.17755816801371538,"upper_bound":-0.1551987673191414},"point_estimate":-0.16810511376416692,"standard_error":0.005511021701377769}}