{"mean":{"confidence_interval":{"confidence_level":0.95,"lower_bound":736511596.28375,"upper_bound":785928732.2900001},"point_estimate":758336750.3,"standard_error":12726705.054456035},"median":{"confidence_interval":{"confidence_level":0.95,"lower_bound":724515180.0,"upper_bound":752852892.0},"point_estimate":729945629.0,"standard_error":8880731.856133927},"median_abs_dev":{"confidence_interval":{"confidence_level":0.95,"lower_bound":3069888.5553985834,"upper_bound":44796692.97029972},"point_estimate":11132540.010657907,"standard_error":12151273.31458094},"slope":null,"std_dev":{"confidence_interval":{"confidence_level":0.95,"lower_bound":22737360.89781864,"upper_bound":81767756.24602023},"point_estimate":58348254.461111434,"standard_error":15656274.475137776}}