{"mean":{"confidence_interval":{"confidence_level":0.95,"lower_bound":-0.04208969924828563,"upper_bound":0.10782269173715707},"point_estimate":0.030601930940143962,"standard_error":0.03812502943044703},"median":{"confidence_interval":{"confidence_level":0.95,"lower_bound":-0.07766071311657718,"upper_bound":0.14515282487025005},"point_estimate":0.01698734376469746,"standard_error":0.08103145467648608}}