{"mean":{"confidence_interval":{"confidence_level":0.95,"lower_bound":38796.13333333333,"upper_bound":41824.83333333333},"point_estimate":39914.366666666676,"standard_error":872.1409417084342},"median":{"confidence_interval":{"confidence_level":0.95,"lower_bound":38695.333333333336,"upper_bound":39700.5},"point_estimate":38879.5,"standard_error":304.0053582253501},"median_abs_dev":{"confidence_interval":{"confidence_level":0.95,"lower_bound":67.7053987979853,"upper_bound":1164.5822793245316},"point_estimate":295.2844947576487,"standard_error":335.793293624215},"slope":null,"std_dev":{"confidence_interval":{"confidence_level":0.95,"lower_bound":164.3534849211906,"upper_bound":4460.605962316978},"point_estimate":2909.153694975165,"standard_error":1454.0212220751678}}