{"mean":{"confidence_interval":{"confidence_level":0.95,"lower_bound":752586659.0187501,"upper_bound":815533531.5720834},"point_estimate":783724749.8166668,"standard_error":16069955.77710967},"median":{"confidence_interval":{"confidence_level":0.95,"lower_bound":747143106.0,"upper_bound":830649776.8333333},"point_estimate":767165313.1666667,"standard_error":33797384.70113936},"median_abs_dev":{"confidence_interval":{"confidence_level":0.95,"lower_bound":14098316.195204794,"upper_bound":123342522.51913244},"point_estimate":94122064.16119918,"standard_error":28498638.45080484},"slope":null,"std_dev":{"confidence_interval":{"confidence_level":0.95,"lower_bound":53322828.6184118,"upper_bound":88922494.07711297},"point_estimate":73887187.66102454,"standard_error":9127885.289204996}}