{"mean":{"confidence_interval":{"confidence_level":0.95,"lower_bound":-0.1129209303556942,"upper_bound":0.10538255896284661},"point_estimate":-0.012333255635651352,"standard_error":0.055216176060183204},"median":{"confidence_interval":{"confidence_level":0.95,"lower_bound":-0.12162738895999858,"upper_bound":0.1518343622215408},"point_estimate":-0.07277078739369325,"standard_error":0.06464451042383164}}