{"mean":{"confidence_interval":{"confidence_level":0.95,"lower_bound":-0.029709134936251765,"upper_bound":0.025974071602400933},"point_estimate":-0.004305342559236758,"standard_error":0.014170816344484182},"median":{"confidence_interval":{"confidence_level":0.95,"lower_bound":-0.0448245801946171,"upper_bound":-0.012280850989920267},"point_estimate":-0.0393040975925566,"standard_error":0.010257157165308341}}