{"mean":{"confidence_interval":{"confidence_level":0.95,"lower_bound":0.0064726501989305005,"upper_bound":0.10130187101915153},"point_estimate":0.051104766080075414,"standard_error":0.02448624520980546},"median":{"confidence_interval":{"confidence_level":0.95,"lower_bound":-0.00855754450613544,"upper_bound":0.12175154295992363},"point_estimate":0.04976564391161409,"standard_error":0.032801052470908}}