{"mean":{"confidence_interval":{"confidence_level":0.95,"lower_bound":231166.3,"upper_bound":291006.17749999993},"point_estimate":253067.9,"standard_error":17345.76031577221},"median":{"confidence_interval":{"confidence_level":0.95,"lower_bound":229453.0,"upper_bound":247493.0},"point_estimate":233978.5,"standard_error":5471.970553938137},"median_abs_dev":{"confidence_interval":{"confidence_level":0.95,"lower_bound":2140.8743619918823,"upper_bound":19331.62105679512},"point_estimate":6534.55938398838,"standard_error":6312.581837654644},"slope":null,"std_dev":{"confidence_interval":{"confidence_level":0.95,"lower_bound":3830.598435793335,"upper_bound":88790.94235691521},"point_estimate":57845.733359322,"standard_error":29368.771130189976}}