{"mean":{"confidence_interval":{"confidence_level":0.95,"lower_bound":-0.4539361337386058,"upper_bound":-0.44204988937945927},"point_estimate":-0.4486082181586629,"standard_error":0.0030681682309487085},"median":{"confidence_interval":{"confidence_level":0.95,"lower_bound":-0.45671166457290924,"upper_bound":-0.44490295594177},"point_estimate":-0.45210422427790586,"standard_error":0.002964110700289687}}