{"mean":{"confidence_interval":{"confidence_level":0.95,"lower_bound":-0.5216721367336683,"upper_bound":-0.018814073038880833},"point_estimate":-0.2943776046373392,"standard_error":0.13742510907810745},"median":{"confidence_interval":{"confidence_level":0.95,"lower_bound":-0.3115665274137178,"upper_bound":-0.1035659711187249},"point_estimate":-0.1481429093189155,"standard_error":0.05397613045075305}}