{"mean":{"confidence_interval":{"confidence_level":0.95,"lower_bound":95997652.4,"upper_bound":96792643.415},"point_estimate":96408107.9,"standard_error":204571.81598966868},"median":{"confidence_interval":{"confidence_level":0.95,"lower_bound":95609720.0,"upper_bound":97026933.0},"point_estimate":96600548.0,"standard_error":367368.8356168022},"median_abs_dev":{"confidence_interval":{"confidence_level":0.95,"lower_bound":86957.4536561966,"upper_bound":1102258.2242310047},"point_estimate":647211.9686096907,"standard_error":305959.3703559287},"slope":null,"std_dev":{"confidence_interval":{"confidence_level":0.95,"lower_bound":362233.4800518859,"upper_bound":792545.9214314687},"point_estimate":683049.738681753,"standard_error":101142.08571304276}}