{"mean":{"confidence_interval":{"confidence_level":0.95,"lower_bound":351613.1,"upper_bound":415701.6774999999},"point_estimate":377760.9,"standard_error":17184.871968232554},"median":{"confidence_interval":{"confidence_level":0.95,"lower_bound":345928.0,"upper_bound":389042.0},"point_estimate":356687.5,"standard_error":11008.728411043405},"median_abs_dev":{"confidence_interval":{"confidence_level":0.95,"lower_bound":3479.662138223648,"upper_bound":50448.42930436134},"point_estimate":18246.357876062393,"standard_error":12551.59731846742},"slope":null,"std_dev":{"confidence_interval":{"confidence_level":0.95,"lower_bound":10069.864533799164,"upper_bound":84867.80375279086},"point_estimate":57136.56704082868,"standard_error":22865.819148912964}}