{"mean":{"confidence_interval":{"confidence_level":0.95,"lower_bound":0.34155856162891035,"upper_bound":1.3752059464706174},"point_estimate":0.8007771690100556,"standard_error":0.27142829049406453},"median":{"confidence_interval":{"confidence_level":0.95,"lower_bound":0.2523037022405812,"upper_bound":0.8967001128622418},"point_estimate":0.48555795958460135,"standard_error":0.17394465708368653}}