{"mean":{"confidence_interval":{"confidence_level":0.95,"lower_bound":-0.5063390930970671,"upper_bound":-0.05479168554956378},"point_estimate":-0.3190662910628912,"standard_error":0.11634704858897431},"median":{"confidence_interval":{"confidence_level":0.95,"lower_bound":-0.515765085008197,"upper_bound":-0.001756999090894662},"point_estimate":-0.06926282323850141,"standard_error":0.10042648701796}}