{"mean":{"confidence_interval":{"confidence_level":0.95,"lower_bound":246645.3,"upper_bound":308638.3475},"point_estimate":275680.7,"standard_error":15960.05623895412},"median":{"confidence_interval":{"confidence_level":0.95,"lower_bound":234026.0,"upper_bound":326904.0},"point_estimate":256004.0,"standard_error":22886.464916709938},"median_abs_dev":{"confidence_interval":{"confidence_level":0.95,"lower_bound":8077.945956587791,"upper_bound":80359.14247334003},"point_estimate":34494.17098760605,"standard_error":20036.110147562846},"slope":null,"std_dev":{"confidence_interval":{"confidence_level":0.95,"lower_bound":19591.585955030117,"upper_bound":66283.36127999607},"point_estimate":53010.921413631564,"standard_error":10848.14890566045}}