{"mean":{"confidence_interval":{"confidence_level":0.95,"lower_bound":565725.1,"upper_bound":646888.5275},"point_estimate":602382.0,"standard_error":20921.615328362153},"median":{"confidence_interval":{"confidence_level":0.95,"lower_bound":553114.0,"upper_bound":644302.5},"point_estimate":580300.0,"standard_error":21169.550417867653},"median_abs_dev":{"confidence_interval":{"confidence_level":0.95,"lower_bound":8920.80404162407,"upper_bound":104040.71185290813},"point_estimate":52008.12447667122,"standard_error":23811.965010842283},"slope":null,"std_dev":{"confidence_interval":{"confidence_level":0.95,"lower_bound":25764.156727472717,"upper_bound":93746.35561769854},"point_estimate":69572.30632466724,"standard_error":18455.723402938842}}