{"mean":{"confidence_interval":{"confidence_level":0.95,"lower_bound":1038333655.38,"upper_bound":1157538202.6100001},"point_estimate":1096675632.6,"standard_error":30537760.118617978},"median":{"confidence_interval":{"confidence_level":0.95,"lower_bound":980686900.0,"upper_bound":1223892930.0},"point_estimate":1032079251.5,"standard_error":68535117.5397797},"median_abs_dev":{"confidence_interval":{"confidence_level":0.95,"lower_bound":36822444.50367093,"upper_bound":219955795.21540403},"point_estimate":113842479.76409197,"standard_error":51872650.262861684},"slope":null,"std_dev":{"confidence_interval":{"confidence_level":0.95,"lower_bound":109656497.6496843,"upper_bound":154411053.81058177},"point_estimate":140385321.11383677,"standard_error":11466720.401752377}}