{"mean":{"confidence_interval":{"confidence_level":0.95,"lower_bound":-0.1663761847442581,"upper_bound":-0.09268582706092701},"point_estimate":-0.12484974181249597,"standard_error":0.018975806957497038},"median":{"confidence_interval":{"confidence_level":0.95,"lower_bound":-0.12767852606277796,"upper_bound":-0.09788187077235555},"point_estimate":-0.11389453089487689,"standard_error":0.008543861015382783}}