{"mean":{"confidence_interval":{"confidence_level":0.95,"lower_bound":0.2265893287585444,"upper_bound":0.2593652918676063},"point_estimate":0.24048826529989387,"standard_error":0.008690212936664894},"median":{"confidence_interval":{"confidence_level":0.95,"lower_bound":0.2236668629358456,"upper_bound":0.24287933713102028},"point_estimate":0.23122504227942353,"standard_error":0.004414485588090342}}