{"mean":{"confidence_interval":{"confidence_level":0.95,"lower_bound":-0.05598299866841542,"upper_bound":-0.0046683733948763685},"point_estimate":-0.03591803184176834,"standard_error":0.013937051983361393},"median":{"confidence_interval":{"confidence_level":0.95,"lower_bound":-0.060536559387730504,"upper_bound":-0.03484148157725275},"point_estimate":-0.05218904030153648,"standard_error":0.00941654978014842}}