{"mean":{"confidence_interval":{"confidence_level":0.95,"lower_bound":-0.4587897281248045,"upper_bound":-0.014690662496618816},"point_estimate":-0.27168302740073813,"standard_error":0.116419697265236},"median":{"confidence_interval":{"confidence_level":0.95,"lower_bound":-0.46343009088533693,"upper_bound":-0.008546659735975015},"point_estimate":-0.07864873020274343,"standard_error":0.08241064586370662}}