{"mean":{"confidence_interval":{"confidence_level":0.95,"lower_bound":128760.79250000001,"upper_bound":133134.4025},"point_estimate":130518.9,"standard_error":1196.6429245453157},"median":{"confidence_interval":{"confidence_level":0.95,"lower_bound":128638.5,"upper_bound":131157.0},"point_estimate":129006.5,"standard_error":600.185855659694},"median_abs_dev":{"confidence_interval":{"confidence_level":0.95,"lower_bound":68.19959878921509,"upper_bound":3123.8381445407867},"point_estimate":610.0898891687393,"standard_error":767.049072022552},"slope":null,"std_dev":{"confidence_interval":{"confidence_level":0.95,"lower_bound":394.5737644035087,"upper_bound":5945.168357280182},"point_estimate":3987.264098211817,"standard_error":1684.1059147334884}}