{"mean":{"confidence_interval":{"confidence_level":0.95,"lower_bound":-0.19955671167921613,"upper_bound":-0.1365791352074247},"point_estimate":-0.16748127151776093,"standard_error":0.016157586721473518},"median":{"confidence_interval":{"confidence_level":0.95,"lower_bound":-0.20169077937951296,"upper_bound":-0.11606241436503928},"point_estimate":-0.15058768556126667,"standard_error":0.0223775320860613}}