{"mean":{"confidence_interval":{"confidence_level":0.95,"lower_bound":68790.25,"upper_bound":75553.65375},"point_estimate":71811.25,"standard_error":1743.3728884066552},"median":{"confidence_interval":{"confidence_level":0.95,"lower_bound":67900.5,"upper_bound":74951.25},"point_estimate":68747.75,"standard_error":2021.1082942757644},"median_abs_dev":{"confidence_interval":{"confidence_level":0.95,"lower_bound":129.72749769687653,"upper_bound":8727.695395052433},"point_estimate":1558.5832223296165,"standard_error":2395.098352800817},"slope":null,"std_dev":{"confidence_interval":{"confidence_level":0.95,"lower_bound":1702.6111432848127,"upper_bound":7919.6491850738275},"point_estimate":5828.979752781213,"standard_error":1644.493486288801}}