{"mean":{"confidence_interval":{"confidence_level":0.95,"lower_bound":91940.1425,"upper_bound":93885.85},"point_estimate":92839.75,"standard_error":499.32336512743524},"median":{"confidence_interval":{"confidence_level":0.95,"lower_bound":91840.0,"upper_bound":94072.5},"point_estimate":91920.25,"standard_error":642.0142079101043},"median_abs_dev":{"confidence_interval":{"confidence_level":0.95,"lower_bound":26.6867995262146,"upper_bound":2583.8011041283607},"point_estimate":424.39424246549606,"standard_error":697.9919584520281},"slope":null,"std_dev":{"confidence_interval":{"confidence_level":0.95,"lower_bound":384.38969450624074,"upper_bound":2045.801117208811},"point_estimate":1663.8911764962943,"standard_error":376.73660926640446}}