{"mean":{"confidence_interval":{"confidence_level":0.95,"lower_bound":-0.16904347679351042,"upper_bound":-0.15679637298196478},"point_estimate":-0.16331087395509714,"standard_error":0.0031422936031886696},"median":{"confidence_interval":{"confidence_level":0.95,"lower_bound":-0.16998977752409694,"upper_bound":-0.15657549244736413},"point_estimate":-0.16338484626978633,"standard_error":0.0028723839921733756}}