{"mean":{"confidence_interval":{"confidence_level":0.95,"lower_bound":37998.86666666666,"upper_bound":38866.534999999996},"point_estimate":38371.96666666667,"standard_error":225.96188243444078},"median":{"confidence_interval":{"confidence_level":0.95,"lower_bound":37880.666666666664,"upper_bound":38769.666666666664},"point_estimate":38103.66666666667,"standard_error":208.33062549187116},"median_abs_dev":{"confidence_interval":{"confidence_level":0.95,"lower_bound":75.11839866638364,"upper_bound":987.4115824699348},"point_estimate":331.1139941215605,"standard_error":228.61090281811423},"slope":null,"std_dev":{"confidence_interval":{"confidence_level":0.95,"lower_bound":176.57800129984972,"upper_bound":1077.4230279159317},"point_estimate":752.4832215839974,"standard_error":250.55223931918317}}