{"mean":{"confidence_interval":{"confidence_level":0.95,"lower_bound":0.21321726310735678,"upper_bound":0.28592902538850384},"point_estimate":0.24849609421786445,"standard_error":0.018249654483900608},"median":{"confidence_interval":{"confidence_level":0.95,"lower_bound":0.2242164820964767,"upper_bound":0.278757805866519},"point_estimate":0.25583340837470625,"standard_error":0.013571314542267083}}