{"mean":{"confidence_interval":{"confidence_level":0.95,"lower_bound":0.23384235368644632,"upper_bound":0.2686534249515561},"point_estimate":0.25291163093060187,"standard_error":0.009004403861631916},"median":{"confidence_interval":{"confidence_level":0.95,"lower_bound":0.24693967093235836,"upper_bound":0.2686632426944142},"point_estimate":0.2608112242829075,"standard_error":0.005752336677057347}}