{"mean":{"confidence_interval":{"confidence_level":0.95,"lower_bound":211677.58250000002,"upper_bound":286067.66},"point_estimate":240633.8,"standard_error":20463.399651211985},"median":{"confidence_interval":{"confidence_level":0.95,"lower_bound":204925.0,"upper_bound":245244.0},"point_estimate":218818.0,"standard_error":10981.98966480219},"median_abs_dev":{"confidence_interval":{"confidence_level":0.95,"lower_bound":3795.4559326171875,"upper_bound":43250.406432151794},"point_estimate":21537.72981762886,"standard_error":11669.951800081868},"slope":null,"std_dev":{"confidence_interval":{"confidence_level":0.95,"lower_bound":11005.33768236359,"upper_bound":104130.98483379267},"point_estimate":68509.77482049956,"standard_error":30743.862771574615}}