{"mean":{"confidence_interval":{"confidence_level":0.95,"lower_bound":-0.10790508269653527,"upper_bound":1.219636835013893},"point_estimate":0.37895043973848996,"standard_error":0.33953255731193677},"median":{"confidence_interval":{"confidence_level":0.95,"lower_bound":0.07892354482912944,"upper_bound":0.3591677019916095},"point_estimate":0.20025197978138332,"standard_error":0.07746759585251443}}