{"mean":{"confidence_interval":{"confidence_level":0.95,"lower_bound":-0.0977071961521682,"upper_bound":0.13852103514689168},"point_estimate":0.008932207186052699,"standard_error":0.05988852425694944},"median":{"confidence_interval":{"confidence_level":0.95,"lower_bound":-0.1485718284198564,"upper_bound":0.12787924024901542},"point_estimate":0.033624146897068385,"standard_error":0.0747255803688438}}