{"mean":{"confidence_interval":{"confidence_level":0.95,"lower_bound":0.2737685285303587,"upper_bound":0.7444701946524277},"point_estimate":0.510257086999903,"standard_error":0.12143564523464731},"median":{"confidence_interval":{"confidence_level":0.95,"lower_bound":0.38328796233228046,"upper_bound":0.8403208491362919},"point_estimate":0.6501480735653782,"standard_error":0.12116957649219821}}