{"mean":{"confidence_interval":{"confidence_level":0.95,"lower_bound":252667.395,"upper_bound":271320.6},"point_estimate":261518.8,"standard_error":4789.220325760612},"median":{"confidence_interval":{"confidence_level":0.95,"lower_bound":249149.0,"upper_bound":271992.5},"point_estimate":258709.0,"standard_error":6028.969950211697},"median_abs_dev":{"confidence_interval":{"confidence_level":0.95,"lower_bound":4289.161723852158,"upper_bound":26502.215829491615},"point_estimate":16821.57930135727,"standard_error":5796.007621936551},"slope":null,"std_dev":{"confidence_interval":{"confidence_level":0.95,"lower_bound":7957.089015462878,"upper_bound":20390.358135648326},"point_estimate":16006.322263405795,"standard_error":3189.593556549799}}