{"mean":{"confidence_interval":{"confidence_level":0.95,"lower_bound":-0.14842779102391995,"upper_bound":0.30603351821349606},"point_estimate":0.08611674600894936,"standard_error":0.1221048839068574},"median":{"confidence_interval":{"confidence_level":0.95,"lower_bound":0.04306541069744463,"upper_bound":0.34749565636664426},"point_estimate":0.2100056855961685,"standard_error":0.07726241232313664}}