{"mean":{"confidence_interval":{"confidence_level":0.95,"lower_bound":299709.3,"upper_bound":346279.8},"point_estimate":316288.2,"standard_error":13835.560990202473},"median":{"confidence_interval":{"confidence_level":0.95,"lower_bound":298310.0,"upper_bound":308138.0},"point_estimate":301289.0,"standard_error":4281.920955424217},"median_abs_dev":{"confidence_interval":{"confidence_level":0.95,"lower_bound":1358.8028758764267,"upper_bound":11821.510890126228},"point_estimate":5839.961296319962,"standard_error":4650.700442628511},"slope":null,"std_dev":{"confidence_interval":{"confidence_level":0.95,"lower_bound":3289.183546109885,"upper_bound":70867.86571139905},"point_estimate":46112.44346835485,"standard_error":24489.396393803167}}