{"mean":{"confidence_interval":{"confidence_level":0.95,"lower_bound":245035.52750000003,"upper_bound":285686.0225},"point_estimate":264996.6,"standard_error":10387.559660427005},"median":{"confidence_interval":{"confidence_level":0.95,"lower_bound":233385.0,"upper_bound":296089.0},"point_estimate":260774.5,"standard_error":20881.99047326208},"median_abs_dev":{"confidence_interval":{"confidence_level":0.95,"lower_bound":4037.1197283267975,"upper_bound":59223.93854856491},"point_estimate":43834.55082178116,"standard_error":15880.407716733582},"slope":null,"std_dev":{"confidence_interval":{"confidence_level":0.95,"lower_bound":22723.276276501325,"upper_bound":41042.27638600416},"point_estimate":34599.46737290747,"standard_error":4820.512092454629}}