{"mean":{"confidence_interval":{"confidence_level":0.95,"lower_bound":-0.08625907151723208,"upper_bound":0.08680536134225333},"point_estimate":0.00043133393777816664,"standard_error":0.04423815868089536},"median":{"confidence_interval":{"confidence_level":0.95,"lower_bound":-0.1211767015077273,"upper_bound":0.028949091668750704},"point_estimate":-0.006207000640748417,"standard_error":0.03623037376467645}}