{"mean":{"confidence_interval":{"confidence_level":0.95,"lower_bound":396509.17000000004,"upper_bound":452247.47000000003},"point_estimate":423045.8,"standard_error":14196.74233284413},"median":{"confidence_interval":{"confidence_level":0.95,"lower_bound":375550.0,"upper_bound":448280.5},"point_estimate":429077.0,"standard_error":23231.292540087365},"median_abs_dev":{"confidence_interval":{"confidence_level":0.95,"lower_bound":2723.5361516475677,"upper_bound":97741.14456474781},"point_estimate":49674.51211810112,"standard_error":23805.2301914497},"slope":null,"std_dev":{"confidence_interval":{"confidence_level":0.95,"lower_bound":27219.90984793073,"upper_bound":62110.62783775414},"point_estimate":47400.903654771064,"standard_error":9975.29207208736}}