{"mean":{"confidence_interval":{"confidence_level":0.95,"lower_bound":-0.009793152944437644,"upper_bound":0.15819360944871919},"point_estimate":0.055176077695088255,"standard_error":0.04491090487532374},"median":{"confidence_interval":{"confidence_level":0.95,"lower_bound":-0.025282051209757572,"upper_bound":0.06434749280241014},"point_estimate":0.0233212089340753,"standard_error":0.022801508845562098}}