{"mean":{"confidence_interval":{"confidence_level":0.95,"lower_bound":154049974.00625,"upper_bound":159056958.84},"point_estimate":156290439.25,"standard_error":1287983.6320912708},"median":{"confidence_interval":{"confidence_level":0.95,"lower_bound":152872068.75,"upper_bound":156446284.25},"point_estimate":153890208.25,"standard_error":899094.1504948168},"median_abs_dev":{"confidence_interval":{"confidence_level":0.95,"lower_bound":826343.403929472,"upper_bound":5064890.647280216},"point_estimate":2278142.363154888,"standard_error":1108406.8335781575},"slope":null,"std_dev":{"confidence_interval":{"confidence_level":0.95,"lower_bound":2160511.712501653,"upper_bound":8134902.973942557},"point_estimate":5938166.659940468,"standard_error":1564844.1669873616}}