{"mean":{"confidence_interval":{"confidence_level":0.95,"lower_bound":0.17348647746458654,"upper_bound":0.31909037117992717},"point_estimate":0.2359045088331453,"standard_error":0.037920520949665096},"median":{"confidence_interval":{"confidence_level":0.95,"lower_bound":0.17502752535552935,"upper_bound":0.25247755961177965},"point_estimate":0.2236253365398435,"standard_error":0.020663542236769406}}