{"mean":{"confidence_interval":{"confidence_level":0.95,"lower_bound":-0.3152950343069793,"upper_bound":0.22578006020575456},"point_estimate":-0.04888684953053357,"standard_error":0.1452476345980379},"median":{"confidence_interval":{"confidence_level":0.95,"lower_bound":-0.01845556309063523,"upper_bound":0.18361490024465343},"point_estimate":0.03670482525858354,"standard_error":0.054671800659431065}}