{"mean":{"confidence_interval":{"confidence_level":0.95,"lower_bound":92023.3,"upper_bound":94027.00375},"point_estimate":92960.4,"standard_error":514.3985720436896},"median":{"confidence_interval":{"confidence_level":0.95,"lower_bound":91651.0,"upper_bound":94277.0},"point_estimate":92471.5,"standard_error":635.3806871669146},"median_abs_dev":{"confidence_interval":{"confidence_level":0.95,"lower_bound":174.57614690065384,"upper_bound":2780.6162506341934},"point_estimate":1273.1827273964882,"standard_error":667.9594246742716},"slope":null,"std_dev":{"confidence_interval":{"confidence_level":0.95,"lower_bound":634.6224517081369,"upper_bound":2145.3542824926108},"point_estimate":1716.6578931814638,"standard_error":357.3130198741811}}