{"mean":{"confidence_interval":{"confidence_level":0.95,"lower_bound":905447817.215,"upper_bound":1081998107.85},"point_estimate":993290026.3,"standard_error":45049467.112338856},"median":{"confidence_interval":{"confidence_level":0.95,"lower_bound":860006097.0,"upper_bound":1085887954.0},"point_estimate":861491769.0,"standard_error":66987716.4678713},"median_abs_dev":{"confidence_interval":{"confidence_level":0.95,"lower_bound":2136945.472061634,"upper_bound":323589348.0505407},"point_estimate":7058471.667087078,"standard_error":55490710.260622755},"slope":null,"std_dev":{"confidence_interval":{"confidence_level":0.95,"lower_bound":135936278.3588515,"upper_bound":226132949.16590035},"point_estimate":207225066.01321718,"standard_error":23347933.507049523}}