{"mean":{"confidence_interval":{"confidence_level":0.95,"lower_bound":340849.5,"upper_bound":404663.2075},"point_estimate":366734.4,"standard_error":17166.787111971964},"median":{"confidence_interval":{"confidence_level":0.95,"lower_bound":335745.5,"upper_bound":376536.5},"point_estimate":348064.5,"standard_error":10290.646109847503},"median_abs_dev":{"confidence_interval":{"confidence_level":0.95,"lower_bound":2467.787656188011,"upper_bound":48115.558245778084},"point_estimate":18511.74327135086,"standard_error":11994.555590946695},"slope":null,"std_dev":{"confidence_interval":{"confidence_level":0.95,"lower_bound":9842.735960774367,"upper_bound":85566.48713322508},"point_estimate":57327.23231530834,"standard_error":23368.573337177597}}