{"mean":{"confidence_interval":{"confidence_level":0.95,"lower_bound":35145.00000000001,"upper_bound":38486.435},"point_estimate":36476.333333333336,"standard_error":897.1427424001847},"median":{"confidence_interval":{"confidence_level":0.95,"lower_bound":34992.333333333336,"upper_bound":36766.5},"point_estimate":35176.666666666664,"standard_error":535.1101993143418},"median_abs_dev":{"confidence_interval":{"confidence_level":0.95,"lower_bound":68.69379878044488,"upper_bound":2381.0555577278137},"point_estimate":304.4271945953297,"standard_error":668.5976777094517},"slope":null,"std_dev":{"confidence_interval":{"confidence_level":0.95,"lower_bound":171.73085459448708,"upper_bound":4431.4455417689},"point_estimate":2966.561254889632,"standard_error":1251.056335277148}}