{"mean":{"confidence_interval":{"confidence_level":0.95,"lower_bound":-0.12656019285227818,"upper_bound":0.0252224400323545},"point_estimate":-0.05918577876024689,"standard_error":0.03839390008565886},"median":{"confidence_interval":{"confidence_level":0.95,"lower_bound":-0.14295848455585203,"upper_bound":0.02928827729071881},"point_estimate":-0.13006326627754905,"standard_error":0.048832944087826034}}