{"mean":{"confidence_interval":{"confidence_level":0.95,"lower_bound":-0.17356391819753217,"upper_bound":-0.15546137020123607},"point_estimate":-0.16441539938954286,"standard_error":0.004591972161835222},"median":{"confidence_interval":{"confidence_level":0.95,"lower_bound":-0.17092963741177736,"upper_bound":-0.157565130260521},"point_estimate":-0.1644037460225629,"standard_error":0.003276577709965418}}