{"mean":{"confidence_interval":{"confidence_level":0.95,"lower_bound":166592931.86499998,"upper_bound":168596306.745},"point_estimate":167480861.9,"standard_error":513814.67462374363},"median":{"confidence_interval":{"confidence_level":0.95,"lower_bound":166583244.5,"upper_bound":167846281.0},"point_estimate":167354704.5,"standard_error":341345.0532556588},"median_abs_dev":{"confidence_interval":{"confidence_level":0.95,"lower_bound":147235.52078604698,"upper_bound":2065524.1835296154},"point_estimate":746996.8772381544,"standard_error":463979.75841267384},"slope":null,"std_dev":{"confidence_interval":{"confidence_level":0.95,"lower_bound":456770.8566078109,"upper_bound":2499789.010254852},"point_estimate":1717508.7819061556,"standard_error":589306.8759586231}}