{"mean":{"confidence_interval":{"confidence_level":0.95,"lower_bound":-0.1542284914335713,"upper_bound":-0.08384328787552063},"point_estimate":-0.11727786485089764,"standard_error":0.018260126433268492},"median":{"confidence_interval":{"confidence_level":0.95,"lower_bound":-0.1712073475459429,"upper_bound":-0.06646337334303931},"point_estimate":-0.1165592104434432,"standard_error":0.026626223373331186}}