{"mean":{"confidence_interval":{"confidence_level":0.95,"lower_bound":578520846.2700001,"upper_bound":598715550.8249999},"point_estimate":588277389.4,"standard_error":5164615.469871859},"median":{"confidence_interval":{"confidence_level":0.95,"lower_bound":574461808.5,"upper_bound":601892134.0},"point_estimate":577860298.5,"standard_error":8082445.568090855},"median_abs_dev":{"confidence_interval":{"confidence_level":0.95,"lower_bound":4260464.518761635,"upper_bound":35261220.029488206},"point_estimate":21930566.17835462,"standard_error":9426421.981128551},"slope":null,"std_dev":{"confidence_interval":{"confidence_level":0.95,"lower_bound":15990310.621370574,"upper_bound":29097925.81106772},"point_estimate":23637832.05742782,"standard_error":3361114.0738533903}}