{"mean":{"confidence_interval":{"confidence_level":0.95,"lower_bound":223157.15250000003,"upper_bound":246517.35749999995},"point_estimate":232938.2,"standard_error":6159.026027879699},"median":{"confidence_interval":{"confidence_level":0.95,"lower_bound":220497.0,"upper_bound":239090.0},"point_estimate":225948.5,"standard_error":4142.513880114804},"median_abs_dev":{"confidence_interval":{"confidence_level":0.95,"lower_bound":2251.328060030937,"upper_bound":21475.46061873436},"point_estimate":7978.611758351326,"standard_error":4969.683162107051},"slope":null,"std_dev":{"confidence_interval":{"confidence_level":0.95,"lower_bound":4089.7353969819824,"upper_bound":29997.67461262728},"point_estimate":20622.809760069067,"standard_error":7636.8869650132465}}