{"mean":{"confidence_interval":{"confidence_level":0.95,"lower_bound":117639880.75083335,"upper_bound":127660461.82083334},"point_estimate":122224088.45,"standard_error":2575123.072590369},"median":{"confidence_interval":{"confidence_level":0.95,"lower_bound":114352438.16666667,"upper_bound":124094824.16666667},"point_estimate":116133920.5,"standard_error":2664582.2072115126},"median_abs_dev":{"confidence_interval":{"confidence_level":0.95,"lower_bound":966145.4155474975,"upper_bound":14769928.052881356},"point_estimate":3540581.1827421226,"standard_error":3530900.518042075},"slope":null,"std_dev":{"confidence_interval":{"confidence_level":0.95,"lower_bound":6261568.247587233,"upper_bound":15547163.821596788},"point_estimate":11823393.84878854,"standard_error":2425171.468030343}}