{"mean":{"confidence_interval":{"confidence_level":0.95,"lower_bound":-0.1723437307534379,"upper_bound":0.07280708363497418},"point_estimate":-0.0668895323301617,"standard_error":0.06243141734255385},"median":{"confidence_interval":{"confidence_level":0.95,"lower_bound":-0.20735613535652964,"upper_bound":-0.020693666995938997},"point_estimate":-0.06909895699272472,"standard_error":0.04508508869396951}}