{"mean":{"confidence_interval":{"confidence_level":0.95,"lower_bound":358358.225,"upper_bound":452236.1},"point_estimate":400869.4,"standard_error":24092.5394711685},"median":{"confidence_interval":{"confidence_level":0.95,"lower_bound":346175.0,"upper_bound":445541.0},"point_estimate":370594.0,"standard_error":27927.99948445247},"median_abs_dev":{"confidence_interval":{"confidence_level":0.95,"lower_bound":4091.9759273529053,"upper_bound":122854.90551888943},"point_estimate":36850.022345781326,"standard_error":30487.54497958011},"slope":null,"std_dev":{"confidence_interval":{"confidence_level":0.95,"lower_bound":23427.568829856606,"upper_bound":105694.96953807952},"point_estimate":80246.26207867879,"standard_error":20432.91420849939}}