{"mean":{"confidence_interval":{"confidence_level":0.95,"lower_bound":-0.37855787850518424,"upper_bound":0.10157505577400554},"point_estimate":-0.1734667085214563,"standard_error":0.12406006527994876},"median":{"confidence_interval":{"confidence_level":0.95,"lower_bound":-0.4135463135244811,"upper_bound":0.08634263647884088},"point_estimate":-0.00997318120571522,"standard_error":0.09472234485905176}}