{"mean":{"confidence_interval":{"confidence_level":0.95,"lower_bound":-0.1904981265563391,"upper_bound":-0.1552517558778935},"point_estimate":-0.170658308170209,"standard_error":0.009117722615760512},"median":{"confidence_interval":{"confidence_level":0.95,"lower_bound":-0.1795065121813103,"upper_bound":-0.14868894037469915},"point_estimate":-0.16731585316659947,"standard_error":0.006773663784661202}}