{"mean":{"confidence_interval":{"confidence_level":0.95,"lower_bound":128453.0,"upper_bound":130804.41249999999},"point_estimate":129504.4,"standard_error":608.4965450092508},"median":{"confidence_interval":{"confidence_level":0.95,"lower_bound":128287.0,"upper_bound":130645.0},"point_estimate":128761.0,"standard_error":617.7583863773666},"median_abs_dev":{"confidence_interval":{"confidence_level":0.95,"lower_bound":199.4096964597702,"upper_bound":2874.761348962784},"point_estimate":792.4496859312057,"standard_error":738.7879348893805},"slope":null,"std_dev":{"confidence_interval":{"confidence_level":0.95,"lower_bound":667.1564286575427,"upper_bound":2797.7029131314966},"point_estimate":2030.4616442791746,"standard_error":584.6577038305784}}