{"mean":{"confidence_interval":{"confidence_level":0.95,"lower_bound":323436.9875,"upper_bound":384514.33749999997},"point_estimate":349108.2,"standard_error":15955.4891946404},"median":{"confidence_interval":{"confidence_level":0.95,"lower_bound":313454.0,"upper_bound":365560.0},"point_estimate":340082.5,"standard_error":13476.978664841028},"median_abs_dev":{"confidence_interval":{"confidence_level":0.95,"lower_bound":5946.70849442482,"upper_bound":58169.75436977215},"point_estimate":38626.177114248276,"standard_error":13200.542264659423},"slope":null,"std_dev":{"confidence_interval":{"confidence_level":0.95,"lower_bound":16641.668930052696,"upper_bound":78556.59343739957},"point_estimate":53320.99362206639,"standard_error":19568.218420574794}}