{"mean":{"confidence_interval":{"confidence_level":0.95,"lower_bound":-0.07091310173369227,"upper_bound":-0.04794196481297627},"point_estimate":-0.05950803400575311,"standard_error":0.005891871830868088},"median":{"confidence_interval":{"confidence_level":0.95,"lower_bound":-0.07562316188308715,"upper_bound":-0.05376150165959537},"point_estimate":-0.07138442140442047,"standard_error":0.005668274100898982}}