{"mean":{"confidence_interval":{"confidence_level":0.95,"lower_bound":0.07291175830431054,"upper_bound":0.2571203643180071},"point_estimate":0.16533571961549254,"standard_error":0.047320058463474104},"median":{"confidence_interval":{"confidence_level":0.95,"lower_bound":0.06911985288473077,"upper_bound":0.28895619020464514},"point_estimate":0.20611407070486787,"standard_error":0.06727841394661241}}