{"mean":{"confidence_interval":{"confidence_level":0.95,"lower_bound":1176677811.465,"upper_bound":1209643193.29375},"point_estimate":1192342051.85,"standard_error":8435240.870060643},"median":{"confidence_interval":{"confidence_level":0.95,"lower_bound":1163930608.0,"upper_bound":1214857069.0},"point_estimate":1176525917.0,"standard_error":12531309.886638042},"median_abs_dev":{"confidence_interval":{"confidence_level":0.95,"lower_bound":13111621.944022179,"upper_bound":58784200.878971815},"point_estimate":31326562.04404235,"standard_error":12003956.173031937},"slope":null,"std_dev":{"confidence_interval":{"confidence_level":0.95,"lower_bound":24869371.789799914,"upper_bound":47996969.87493987},"point_estimate":38709700.535031065,"standard_error":5949425.395941579}}