{"mean":{"confidence_interval":{"confidence_level":0.95,"lower_bound":-0.3692476950926256,"upper_bound":0.1092178160438237},"point_estimate":-0.16383855169483874,"standard_error":0.12340199359720899},"median":{"confidence_interval":{"confidence_level":0.95,"lower_bound":-0.37104333216246066,"upper_bound":0.14670630624409653},"point_estimate":-0.08016087701065555,"standard_error":0.0957390254483983}}