{"mean":{"confidence_interval":{"confidence_level":0.95,"lower_bound":-0.043656848567453124,"upper_bound":0.06962801825539863},"point_estimate":0.012022304229194036,"standard_error":0.029165884549656275},"median":{"confidence_interval":{"confidence_level":0.95,"lower_bound":-0.05805018669794981,"upper_bound":0.10546311689431653},"point_estimate":-0.04550820516611864,"standard_error":0.059824012645773375}}