{"mean":{"confidence_interval":{"confidence_level":0.95,"lower_bound":212219.09,"upper_bound":223639.71000000002},"point_estimate":217460.0,"standard_error":2945.2006915317475},"median":{"confidence_interval":{"confidence_level":0.95,"lower_bound":208680.0,"upper_bound":223555.0},"point_estimate":214934.5,"standard_error":4109.598294534149},"median_abs_dev":{"confidence_interval":{"confidence_level":0.95,"lower_bound":228.32039594650269,"upper_bound":16606.602305173874},"point_estimate":9387.081733345985,"standard_error":3915.0568115636506},"slope":null,"std_dev":{"confidence_interval":{"confidence_level":0.95,"lower_bound":4643.864023025655,"upper_bound":13148.88119792852},"point_estimate":9803.478192288014,"standard_error":2408.131717828866}}