{"mean":{"confidence_interval":{"confidence_level":0.95,"lower_bound":761636045.6700001,"upper_bound":896515936.07625},"point_estimate":827380166.05,"standard_error":34594488.611680694},"median":{"confidence_interval":{"confidence_level":0.95,"lower_bound":693018116.0,"upper_bound":1009890159.0},"point_estimate":751798818.5,"standard_error":76691824.1065894},"median_abs_dev":{"confidence_interval":{"confidence_level":0.95,"lower_bound":35518924.074313045,"upper_bound":238287092.72655845},"point_estimate":121993986.4009738,"standard_error":54822348.73230209},"slope":null,"std_dev":{"confidence_interval":{"confidence_level":0.95,"lower_bound":122647198.38081284,"upper_bound":173854685.7762101},"point_estimate":158772973.49080572,"standard_error":13051947.933933437}}