{"mean":{"confidence_interval":{"confidence_level":0.95,"lower_bound":-0.09473660842258291,"upper_bound":0.23103227380720937},"point_estimate":0.056663644062008967,"standard_error":0.08406827610963899},"median":{"confidence_interval":{"confidence_level":0.95,"lower_bound":-0.23125257478277883,"upper_bound":0.31264699301300025},"point_estimate":0.22891575994968028,"standard_error":0.1375843482773964}}