{"mean":{"confidence_interval":{"confidence_level":0.95,"lower_bound":-0.4098960796612654,"upper_bound":0.024416518193023054},"point_estimate":-0.1999219795920203,"standard_error":0.11553411483926546},"median":{"confidence_interval":{"confidence_level":0.95,"lower_bound":-0.1787662440641654,"upper_bound":-0.006427976136448077},"point_estimate":-0.12426312103242032,"standard_error":0.054339688131203275}}