{"mean":{"confidence_interval":{"confidence_level":0.95,"lower_bound":-0.19484518599490466,"upper_bound":0.2996462490203663},"point_estimate":0.029559556749997773,"standard_error":0.12828425358488757},"median":{"confidence_interval":{"confidence_level":0.95,"lower_bound":-0.10153376802361436,"upper_bound":0.3899173546285455},"point_estimate":0.12221492674134304,"standard_error":0.12994177751766786}}