{"mean":{"confidence_interval":{"confidence_level":0.95,"lower_bound":248607.9375,"upper_bound":310481.8725},"point_estimate":277361.8,"standard_error":15931.333185855314},"median":{"confidence_interval":{"confidence_level":0.95,"lower_bound":236288.0,"upper_bound":313929.0},"point_estimate":257438.0,"standard_error":21145.512880466864},"median_abs_dev":{"confidence_interval":{"confidence_level":0.95,"lower_bound":7794.028061628342,"upper_bound":88545.31822800636},"point_estimate":49366.87262356281,"standard_error":20230.549535844064},"slope":null,"std_dev":{"confidence_interval":{"confidence_level":0.95,"lower_bound":24633.408125506667,"upper_bound":69520.18964053216},"point_estimate":53030.12886987505,"standard_error":12112.96756671046}}