{"mean":{"confidence_interval":{"confidence_level":0.95,"lower_bound":-0.4008570029577044,"upper_bound":-0.03315953671474312},"point_estimate":-0.20267970307356664,"standard_error":0.11462503984551597},"median":{"confidence_interval":{"confidence_level":0.95,"lower_bound":-0.0837907923692125,"upper_bound":-0.030459205933682343},"point_estimate":-0.07101111620040867,"standard_error":0.024164170953540447}}