{"mean":{"confidence_interval":{"confidence_level":0.95,"lower_bound":1172400665.9275,"upper_bound":1194830743.005},"point_estimate":1182507926.8,"standard_error":5749490.995853434},"median":{"confidence_interval":{"confidence_level":0.95,"lower_bound":1167714620.0,"upper_bound":1186013747.0},"point_estimate":1173179662.0,"standard_error":4694854.112597747},"median_abs_dev":{"confidence_interval":{"confidence_level":0.95,"lower_bound":5976036.545804143,"upper_bound":29961406.968578696},"point_estimate":16235185.807567835,"standard_error":6089715.975941554},"slope":null,"std_dev":{"confidence_interval":{"confidence_level":0.95,"lower_bound":12940218.514726816,"upper_bound":36993626.419081986},"point_estimate":26300990.028212324,"standard_error":6623640.857695079}}