{"mean":{"confidence_interval":{"confidence_level":0.95,"lower_bound":-0.23188424241486588,"upper_bound":0.16610656657197048},"point_estimate":-0.04787190404797592,"standard_error":0.1021769188700647},"median":{"confidence_interval":{"confidence_level":0.95,"lower_bound":-0.18888714610618773,"upper_bound":0.234398443602706},"point_estimate":-0.0918476709419902,"standard_error":0.118220681069566}}