{"mean":{"confidence_interval":{"confidence_level":0.95,"lower_bound":349327.0,"upper_bound":397389.2175},"point_estimate":373725.0,"standard_error":12321.51198139738},"median":{"confidence_interval":{"confidence_level":0.95,"lower_bound":340406.0,"upper_bound":401172.5},"point_estimate":382250.0,"standard_error":16377.11789226151},"median_abs_dev":{"confidence_interval":{"confidence_level":0.95,"lower_bound":9337.414634227753,"upper_bound":73760.08999049664},"point_estimate":32497.85012304783,"standard_error":16807.209605957552},"slope":null,"std_dev":{"confidence_interval":{"confidence_level":0.95,"lower_bound":22178.846163273465,"upper_bound":51724.6135162019},"point_estimate":41071.892438070645,"standard_error":7426.708895445993}}