{"mean":{"confidence_interval":{"confidence_level":0.95,"lower_bound":59480.975000000006,"upper_bound":68259.80875},"point_estimate":63497.3,"standard_error":2255.848792159171},"median":{"confidence_interval":{"confidence_level":0.95,"lower_bound":58043.25,"upper_bound":68705.0},"point_estimate":60596.75,"standard_error":2662.103988581845},"median_abs_dev":{"confidence_interval":{"confidence_level":0.95,"lower_bound":340.99799394607544,"upper_bound":11941.972137987614},"point_estimate":3910.728080570698,"standard_error":2794.9496833045832},"slope":null,"std_dev":{"confidence_interval":{"confidence_level":0.95,"lower_bound":1776.018473844911,"upper_bound":9367.533732492879},"point_estimate":7511.839367144227,"standard_error":1840.9915744658617}}