{"mean":{"confidence_interval":{"confidence_level":0.95,"lower_bound":333767.69,"upper_bound":361689.7},"point_estimate":346316.7,"standard_error":7183.6106518865},"median":{"confidence_interval":{"confidence_level":0.95,"lower_bound":329096.0,"upper_bound":360631.0},"point_estimate":336402.5,"standard_error":8884.861700005142},"median_abs_dev":{"confidence_interval":{"confidence_level":0.95,"lower_bound":2941.4783477783203,"upper_bound":36851.504945755005},"point_estimate":16720.762503147125,"standard_error":8660.109378604517},"slope":null,"std_dev":{"confidence_interval":{"confidence_level":0.95,"lower_bound":9418.728886798448,"upper_bound":32992.50906561131},"point_estimate":23920.708587841717,"standard_error":6614.609547648328}}