{"mean":{"confidence_interval":{"confidence_level":0.95,"lower_bound":0.2691362362594097,"upper_bound":0.317445042259952},"point_estimate":0.28832674824265836,"standard_error":0.012609741279512792},"median":{"confidence_interval":{"confidence_level":0.95,"lower_bound":0.26515817445161827,"upper_bound":0.29214154411764715},"point_estimate":0.2795930855132325,"standard_error":0.006885909527337405}}