{"mean":{"confidence_interval":{"confidence_level":0.95,"lower_bound":-0.07840374107450788,"upper_bound":-0.071540934897371},"point_estimate":-0.07506314684868132,"standard_error":0.001760368863368063},"median":{"confidence_interval":{"confidence_level":0.95,"lower_bound":-0.08095026654917048,"upper_bound":-0.0718647975679253},"point_estimate":-0.07657492107907582,"standard_error":0.0019703459612665838}}