{"mean":{"confidence_interval":{"confidence_level":0.95,"lower_bound":2678.327301587302,"upper_bound":2710.168174603174},"point_estimate":2692.579597505669,"standard_error":8.238449571690957},"median":{"confidence_interval":{"confidence_level":0.95,"lower_bound":2672.6349206349205,"upper_bound":2710.6071428571427},"point_estimate":2682.961309523809,"standard_error":8.930375626377552},"median_abs_dev":{"confidence_interval":{"confidence_level":0.95,"lower_bound":4.630477417792294,"upper_bound":40.98771177232254},"point_estimate":15.644413412731788,"standard_error":9.614972947145102},"slope":{"confidence_interval":{"confidence_level":0.95,"lower_bound":2675.6745391705067,"upper_bound":2729.957662568796},"point_estimate":2699.3721706864562,"standard_error":15.931225728553278},"std_dev":{"confidence_interval":{"confidence_level":0.95,"lower_bound":8.792100723524094,"upper_bound":37.753048418036066},"point_estimate":27.515786360787445,"standard_error":7.692264652982979}}