{"mean":{"confidence_interval":{"confidence_level":0.95,"lower_bound":-0.14148971902909643,"upper_bound":-0.015785554486518874},"point_estimate":-0.08605163417895523,"standard_error":0.03276826374766767},"median":{"confidence_interval":{"confidence_level":0.95,"lower_bound":-0.17193651339678173,"upper_bound":-0.014451050504623142},"point_estimate":-0.12535531389007304,"standard_error":0.04526336616632298}}