{"mean":{"confidence_interval":{"confidence_level":0.95,"lower_bound":-0.10936091393244463,"upper_bound":-0.049857265764910084},"point_estimate":-0.08027361438954461,"standard_error":0.014805517157261992},"median":{"confidence_interval":{"confidence_level":0.95,"lower_bound":-0.09222856218798721,"upper_bound":-0.07151178762424781},"point_estimate":-0.07678974801695337,"standard_error":0.006023402360254584}}