{"mean":{"confidence_interval":{"confidence_level":0.95,"lower_bound":-0.24229315787552594,"upper_bound":0.163757289268996},"point_estimate":-0.04870563851067633,"standard_error":0.10533072768632983},"median":{"confidence_interval":{"confidence_level":0.95,"lower_bound":-0.10998163238255143,"upper_bound":0.19631869756839992},"point_estimate":-0.003574487682933003,"standard_error":0.07088646777546814}}