{"mean":{"confidence_interval":{"confidence_level":0.95,"lower_bound":324014.19,"upper_bound":379733.4},"point_estimate":349109.3,"standard_error":14335.60201729338},"median":{"confidence_interval":{"confidence_level":0.95,"lower_bound":309794.0,"upper_bound":373926.5},"point_estimate":340792.0,"standard_error":16337.981333630176},"median_abs_dev":{"confidence_interval":{"confidence_level":0.95,"lower_bound":2044.505363702774,"upper_bound":68541.338083148},"point_estimate":42423.85694682598,"standard_error":19067.009120441966},"slope":null,"std_dev":{"confidence_interval":{"confidence_level":0.95,"lower_bound":17688.470350241227,"upper_bound":64579.51331038589},"point_estimate":47661.937910081295,"standard_error":12697.888902328075}}