{"mean":{"confidence_interval":{"confidence_level":0.95,"lower_bound":191933.9,"upper_bound":197608.9},"point_estimate":195129.2,"standard_error":1465.0948583100503},"median":{"confidence_interval":{"confidence_level":0.95,"lower_bound":193065.0,"upper_bound":197998.5},"point_estimate":196199.5,"standard_error":1217.1855420836625},"median_abs_dev":{"confidence_interval":{"confidence_level":0.95,"lower_bound":326.91329419612885,"upper_bound":6051.973092556},"point_estimate":2701.297152042389,"standard_error":1453.2417707641212},"slope":null,"std_dev":{"confidence_interval":{"confidence_level":0.95,"lower_bound":1643.7752379795027,"upper_bound":7018.1108642205},"point_estimate":4871.782010266424,"standard_error":1595.8998617099858}}