{"mean":{"confidence_interval":{"confidence_level":0.95,"lower_bound":-0.15612371701945932,"upper_bound":-0.1410000310143617},"point_estimate":-0.14898631706645438,"standard_error":0.0038757111444919913},"median":{"confidence_interval":{"confidence_level":0.95,"lower_bound":-0.15596412835431384,"upper_bound":-0.14320564797986857},"point_estimate":-0.15034563211965712,"standard_error":0.003418238703859838}}