{"mean":{"confidence_interval":{"confidence_level":0.95,"lower_bound":2354006.231140118,"upper_bound":2395085.1882142974},"point_estimate":2374429.0024829647,"standard_error":10504.653364780748},"median":{"confidence_interval":{"confidence_level":0.95,"lower_bound":2346373.4055555556,"upper_bound":2404552.561728395},"point_estimate":2368082.086940837,"standard_error":13378.28135985614},"median_abs_dev":{"confidence_interval":{"confidence_level":0.95,"lower_bound":19355.51514500729,"upper_bound":70599.81121535251},"point_estimate":46910.51105420885,"standard_error":13437.274183075902},"slope":{"confidence_interval":{"confidence_level":0.95,"lower_bound":2380733.7761081145,"upper_bound":2423601.6935036904},"point_estimate":2404823.057375145,"standard_error":10901.932914266508},"std_dev":{"confidence_interval":{"confidence_level":0.95,"lower_bound":32285.897953721014,"upper_bound":60404.358831644146},"point_estimate":48270.622190577094,"standard_error":7185.667917460641}}