{"mean":{"confidence_interval":{"confidence_level":0.95,"lower_bound":92789.58,"upper_bound":104879.4025},"point_estimate":98656.3,"standard_error":3019.3824709188507},"median":{"confidence_interval":{"confidence_level":0.95,"lower_bound":92268.0,"upper_bound":106598.0},"point_estimate":93033.0,"standard_error":4026.959322044575},"median_abs_dev":{"confidence_interval":{"confidence_level":0.95,"lower_bound":47.443199157714844,"upper_bound":14735.561138391495},"point_estimate":1255.0208777189255,"standard_error":3968.7007976153936},"slope":null,"std_dev":{"confidence_interval":{"confidence_level":0.95,"lower_bound":536.8962241956592,"upper_bound":12085.982844587805},"point_estimate":10062.645775893689,"standard_error":2350.24743139349}}