{"mean":{"confidence_interval":{"confidence_level":0.95,"lower_bound":-0.04380565525622073,"upper_bound":0.35351460490694636},"point_estimate":0.11707294320510675,"standard_error":0.10158301797203992},"median":{"confidence_interval":{"confidence_level":0.95,"lower_bound":-0.08418113764068735,"upper_bound":0.1991664693195081},"point_estimate":0.08441827715044403,"standard_error":0.0629286876863167}}