{"mean":{"confidence_interval":{"confidence_level":0.95,"lower_bound":48821797.922000006,"upper_bound":50964684.84150001},"point_estimate":49699879.74000001,"standard_error":563020.8885361316},"median":{"confidence_interval":{"confidence_level":0.95,"lower_bound":48552236.0,"upper_bound":49156805.7},"point_estimate":48771786.7,"standard_error":153303.51989803067},"median_abs_dev":{"confidence_interval":{"confidence_level":0.95,"lower_bound":118738.76321196445,"upper_bound":915914.0882992767},"point_estimate":366978.03806483856,"standard_error":197509.0012730575},"slope":null,"std_dev":{"confidence_interval":{"confidence_level":0.95,"lower_bound":399119.8513076225,"upper_bound":3935122.3726585223},"point_estimate":2582673.502149508,"standard_error":996066.0896831122}}