{"mean":{"confidence_interval":{"confidence_level":0.95,"lower_bound":-0.1690349054976814,"upper_bound":0.31561985840679985},"point_estimate":0.04781098290230168,"standard_error":0.12409258179567643},"median":{"confidence_interval":{"confidence_level":0.95,"lower_bound":-0.03522249794985077,"upper_bound":0.15288140833179753},"point_estimate":0.03879004859829904,"standard_error":0.06745758931369775}}