{"mean":{"confidence_interval":{"confidence_level":0.95,"lower_bound":-0.140236803203948,"upper_bound":-0.0576083548949241},"point_estimate":-0.09856845908042944,"standard_error":0.02103499494387798},"median":{"confidence_interval":{"confidence_level":0.95,"lower_bound":-0.13633319274531186,"upper_bound":-0.07154562029308031},"point_estimate":-0.07948201203161231,"standard_error":0.01711595251695026}}