{"mean":{"confidence_interval":{"confidence_level":0.95,"lower_bound":-0.18754735488575264,"upper_bound":-0.16118724656548045},"point_estimate":-0.17404024101844817,"standard_error":0.0067043482950687825},"median":{"confidence_interval":{"confidence_level":0.95,"lower_bound":-0.19524960745706954,"upper_bound":-0.16271325756595123},"point_estimate":-0.167906352491334,"standard_error":0.008065236765631067}}