{"mean":{"confidence_interval":{"confidence_level":0.95,"lower_bound":156792210.0125,"upper_bound":159690780.3},"point_estimate":158194979.1,"standard_error":742729.4357897295},"median":{"confidence_interval":{"confidence_level":0.95,"lower_bound":156156693.0,"upper_bound":160088780.0},"point_estimate":157802813.0,"standard_error":979905.2170543037},"median_abs_dev":{"confidence_interval":{"confidence_level":0.95,"lower_bound":674488.1016254425,"upper_bound":4202854.390284419},"point_estimate":2735740.91463089,"standard_error":935804.5501872357},"slope":null,"std_dev":{"confidence_interval":{"confidence_level":0.95,"lower_bound":1292400.117883608,"upper_bound":3079738.366028163},"point_estimate":2477357.978350119,"standard_error":445396.29886813945}}