{"mean":{"confidence_interval":{"confidence_level":0.95,"lower_bound":0.27965917281010333,"upper_bound":0.6523348142482819},"point_estimate":0.42851712746077,"standard_error":0.10238344937044255},"median":{"confidence_interval":{"confidence_level":0.95,"lower_bound":0.27137213843903374,"upper_bound":0.410837261189561},"point_estimate":0.31209725863657334,"standard_error":0.03289457926776881}}