{"mean":{"confidence_interval":{"confidence_level":0.95,"lower_bound":482653.36500000005,"upper_bound":745480.4},"point_estimate":596372.6,"standard_error":68387.87352891729},"median":{"confidence_interval":{"confidence_level":0.95,"lower_bound":450103.5,"upper_bound":690083.0},"point_estimate":530629.5,"standard_error":57726.41329794554},"median_abs_dev":{"confidence_interval":{"confidence_level":0.95,"lower_bound":16911.276599764824,"upper_bound":278104.620462656},"point_estimate":140689.10060226917,"standard_error":70422.95772131853},"slope":null,"std_dev":{"confidence_interval":{"confidence_level":0.95,"lower_bound":64894.21029968195,"upper_bound":326101.74209516123},"point_estimate":228092.3788264551,"standard_error":74772.96719950839}}