{"mean":{"confidence_interval":{"confidence_level":0.95,"lower_bound":-0.170024243175444,"upper_bound":-0.15537859497022205},"point_estimate":-0.16318721193140218,"standard_error":0.0037039121261757506},"median":{"confidence_interval":{"confidence_level":0.95,"lower_bound":-0.17038285576691548,"upper_bound":-0.15393210530395018},"point_estimate":-0.16453007342552206,"standard_error":0.0038449696051248232}}