{"mean":{"confidence_interval":{"confidence_level":0.95,"lower_bound":-0.3958184812926164,"upper_bound":0.1020105254848902},"point_estimate":-0.18314674084482796,"standard_error":0.12823592841062828},"median":{"confidence_interval":{"confidence_level":0.95,"lower_bound":-0.3880046645025056,"upper_bound":0.19642283310449593},"point_estimate":-0.06151405159066348,"standard_error":0.11637804451373886}}