{"mean":{"confidence_interval":{"confidence_level":0.95,"lower_bound":-0.3683392578251843,"upper_bound":-0.23607436820836114},"point_estimate":-0.3106417282164532,"standard_error":0.03349153836910636},"median":{"confidence_interval":{"confidence_level":0.95,"lower_bound":-0.40566203687279,"upper_bound":-0.24845766442019657},"point_estimate":-0.37132001134582004,"standard_error":0.04546647952876145}}