{"mean":{"confidence_interval":{"confidence_level":0.95,"lower_bound":210823.1325,"upper_bound":262867.7},"point_estimate":230553.5,"standard_error":14591.153027131097},"median":{"confidence_interval":{"confidence_level":0.95,"lower_bound":208962.0,"upper_bound":229630.0},"point_estimate":216750.5,"standard_error":5206.14730669943},"median_abs_dev":{"confidence_interval":{"confidence_level":0.95,"lower_bound":777.6236861944199,"upper_bound":26158.993935585022},"point_estimate":6019.355893135071,"standard_error":7856.658938595882},"slope":null,"std_dev":{"confidence_interval":{"confidence_level":0.95,"lower_bound":5483.417552857912,"upper_bound":74033.78980029398},"point_estimate":48420.12971493479,"standard_error":22960.75018102916}}