{"mean":{"confidence_interval":{"confidence_level":0.95,"lower_bound":-0.2559179393918095,"upper_bound":0.4225504123096084},"point_estimate":0.0610934766605189,"standard_error":0.18602506058009188},"median":{"confidence_interval":{"confidence_level":0.95,"lower_bound":0.043473460774939854,"upper_bound":0.5475062307701941},"point_estimate":0.19444272330060786,"standard_error":0.13151464024198015}}