{"mean":{"confidence_interval":{"confidence_level":0.95,"lower_bound":160661999.379375,"upper_bound":165454951.119375},"point_estimate":162978324.65,"standard_error":1224185.411068418},"median":{"confidence_interval":{"confidence_level":0.95,"lower_bound":159571576.5,"upper_bound":165578858.25},"point_estimate":161800877.5,"standard_error":1748936.4047513746},"median_abs_dev":{"confidence_interval":{"confidence_level":0.95,"lower_bound":2565523.9823028445,"upper_bound":8254532.509052753},"point_estimate":5431193.657577038,"standard_error":1412623.035287682},"slope":null,"std_dev":{"confidence_interval":{"confidence_level":0.95,"lower_bound":3701260.123025759,"upper_bound":6995056.933704909},"point_estimate":5625169.791370893,"standard_error":844068.3895727427}}