{"mean":{"confidence_interval":{"confidence_level":0.95,"lower_bound":343956428.195,"upper_bound":347403426.875},"point_estimate":345534807.6,"standard_error":887362.7962596242},"median":{"confidence_interval":{"confidence_level":0.95,"lower_bound":343447884.5,"upper_bound":347209517.0},"point_estimate":345183905.5,"standard_error":937277.0015857362},"median_abs_dev":{"confidence_interval":{"confidence_level":0.95,"lower_bound":314931.66250884533,"upper_bound":4454267.763420939},"point_estimate":2305550.4475682974,"standard_error":1084495.9647339631},"slope":null,"std_dev":{"confidence_interval":{"confidence_level":0.95,"lower_bound":1171923.5122955192,"upper_bound":4016340.055980846},"point_estimate":2965304.365855073,"standard_error":775093.2813703218}}