{"mean":{"confidence_interval":{"confidence_level":0.95,"lower_bound":-0.2514686311033652,"upper_bound":0.005982368768105696},"point_estimate":-0.1517220275262111,"standard_error":0.06555619748875968},"median":{"confidence_interval":{"confidence_level":0.95,"lower_bound":-0.31214645334923985,"upper_bound":-0.07178469640943175},"point_estimate":-0.15672455063364987,"standard_error":0.06389023193231941}}