{"mean":{"confidence_interval":{"confidence_level":0.95,"lower_bound":275414722.01125,"upper_bound":296503763.56125},"point_estimate":285047772.2,"standard_error":5384600.309845469},"median":{"confidence_interval":{"confidence_level":0.95,"lower_bound":272746175.5,"upper_bound":288513781.5},"point_estimate":279150962.5,"standard_error":4298672.01669775},"median_abs_dev":{"confidence_interval":{"confidence_level":0.95,"lower_bound":6813652.157333493,"upper_bound":28920428.30775976},"point_estimate":14283913.743209839,"standard_error":5637827.824565656},"slope":null,"std_dev":{"confidence_interval":{"confidence_level":0.95,"lower_bound":12591060.827014588,"upper_bound":33739866.79737763},"point_estimate":24671028.44756498,"standard_error":5609705.297844791}}