{"mean":{"confidence_interval":{"confidence_level":0.95,"lower_bound":111012.97375,"upper_bound":133289.41374999998},"point_estimate":122834.65,"standard_error":5656.192056275255},"median":{"confidence_interval":{"confidence_level":0.95,"lower_bound":100388.0,"upper_bound":136361.0},"point_estimate":132480.75,"standard_error":8827.154692168247},"median_abs_dev":{"confidence_interval":{"confidence_level":0.95,"lower_bound":1719.0746694803238,"upper_bound":29794.69972103834},"point_estimate":6163.538740575314,"standard_error":7450.1252234889025},"slope":null,"std_dev":{"confidence_interval":{"confidence_level":0.95,"lower_bound":3474.061590824808,"upper_bound":21657.885378463583},"point_estimate":18817.843582990296,"standard_error":3670.236772632694}}