{"mean":{"confidence_interval":{"confidence_level":0.95,"lower_bound":-0.376230070837095,"upper_bound":0.2017203012246633},"point_estimate":-0.11894548898202761,"standard_error":0.15123016878242368},"median":{"confidence_interval":{"confidence_level":0.95,"lower_bound":-0.1073589493765198,"upper_bound":0.08246458722932815},"point_estimate":-0.04042225222447826,"standard_error":0.0508491393171349}}