{"mean":{"confidence_interval":{"confidence_level":0.95,"lower_bound":-0.16729017810972324,"upper_bound":0.039532260472271784},"point_estimate":-0.07024490681546602,"standard_error":0.052226012800855114},"median":{"confidence_interval":{"confidence_level":0.95,"lower_bound":-0.26244200984823973,"upper_bound":0.09866651093188579},"point_estimate":-0.2517079111458419,"standard_error":0.09486510955143487}}