{"mean":{"confidence_interval":{"confidence_level":0.95,"lower_bound":133870.5,"upper_bound":146571.9},"point_estimate":140161.5,"standard_error":3256.480703033456},"median":{"confidence_interval":{"confidence_level":0.95,"lower_bound":128791.0,"upper_bound":150922.0},"point_estimate":139414.5,"standard_error":6578.826582957246},"median_abs_dev":{"confidence_interval":{"confidence_level":0.95,"lower_bound":788.7431859970093,"upper_bound":16970.580598711967},"point_estimate":15827.496019005775,"standard_error":4916.482039110411},"slope":null,"std_dev":{"confidence_interval":{"confidence_level":0.95,"lower_bound":7233.887754036422,"upper_bound":12320.514926050704},"point_estimate":10863.081670911293,"standard_error":1313.676295001209}}