{"mean":{"confidence_interval":{"confidence_level":0.95,"lower_bound":-0.43007649329626446,"upper_bound":0.10320558886937076},"point_estimate":-0.2172329127398257,"standard_error":0.13871196309730152},"median":{"confidence_interval":{"confidence_level":0.95,"lower_bound":-0.4653809567798747,"upper_bound":0.039077627178313756},"point_estimate":-0.020432483371302546,"standard_error":0.10451371046933677}}