{"mean":{"confidence_interval":{"confidence_level":0.95,"lower_bound":0.13989306481167624,"upper_bound":0.18086320354166635},"point_estimate":0.15914145217738018,"standard_error":0.01044422475736772},"median":{"confidence_interval":{"confidence_level":0.95,"lower_bound":0.1339809876675908,"upper_bound":0.1786655738369016},"point_estimate":0.15113413866509773,"standard_error":0.01004207734291112}}