{"mean":{"confidence_interval":{"confidence_level":0.95,"lower_bound":153330497.03875,"upper_bound":160844817.586875},"point_estimate":157057170.725,"standard_error":1927255.9609130372},"median":{"confidence_interval":{"confidence_level":0.95,"lower_bound":150434312.5,"upper_bound":163176324.5},"point_estimate":156111550.0,"standard_error":3490182.13788153},"median_abs_dev":{"confidence_interval":{"confidence_level":0.95,"lower_bound":4802628.348836303,"upper_bound":14207214.398771524},"point_estimate":10600187.65655905,"standard_error":2354871.2732016956},"slope":null,"std_dev":{"confidence_interval":{"confidence_level":0.95,"lower_bound":6518912.229179684,"upper_bound":10544235.342179984},"point_estimate":8833301.747800155,"standard_error":1031188.8531144429}}