{"mean":{"confidence_interval":{"confidence_level":0.95,"lower_bound":197965751.21625,"upper_bound":213202161.798125},"point_estimate":205290198.65,"standard_error":3895102.095984052},"median":{"confidence_interval":{"confidence_level":0.95,"lower_bound":197648324.0,"upper_bound":210450441.25},"point_estimate":201570921.5,"standard_error":4073254.072000706},"median_abs_dev":{"confidence_interval":{"confidence_level":0.95,"lower_bound":6762580.2947402,"upper_bound":28181115.746185184},"point_estimate":17068591.94712192,"standard_error":5668332.890261722},"slope":null,"std_dev":{"confidence_interval":{"confidence_level":0.95,"lower_bound":11541005.546144396,"upper_bound":22597920.896607444},"point_estimate":17876252.22143016,"standard_error":2850767.488310878}}