{"mean":{"confidence_interval":{"confidence_level":0.95,"lower_bound":-0.43390552124295995,"upper_bound":0.03872067560705622},"point_estimate":-0.20986780236291114,"standard_error":0.12776857179801923},"median":{"confidence_interval":{"confidence_level":0.95,"lower_bound":-0.19236516676863746,"upper_bound":-0.005936225992354549},"point_estimate":-0.09133036189641486,"standard_error":0.05378025702930728}}