{"mean":{"confidence_interval":{"confidence_level":0.95,"lower_bound":0.6867095063322806,"upper_bound":3.1776450368811684},"point_estimate":1.6647944728551742,"standard_error":0.6532474631772407},"median":{"confidence_interval":{"confidence_level":0.95,"lower_bound":0.920810597310179,"upper_bound":3.5925453966231284},"point_estimate":1.5769673570489937,"standard_error":0.7142441883481827}}