{"mean":{"confidence_interval":{"confidence_level":0.95,"lower_bound":97162302.13499999,"upper_bound":98786731.8},"point_estimate":97936121.3,"standard_error":417358.2374259531},"median":{"confidence_interval":{"confidence_level":0.95,"lower_bound":97073615.0,"upper_bound":99082717.5},"point_estimate":97437130.5,"standard_error":502687.48559345736},"median_abs_dev":{"confidence_interval":{"confidence_level":0.95,"lower_bound":149087.28815317154,"upper_bound":2249118.2447701693},"point_estimate":802163.6809587479,"standard_error":613681.0647831081},"slope":null,"std_dev":{"confidence_interval":{"confidence_level":0.95,"lower_bound":612152.0667688461,"upper_bound":1771297.0508995352},"point_estimate":1395395.3712062358,"standard_error":285561.03163928905}}