{"mean":{"confidence_interval":{"confidence_level":0.95,"lower_bound":-0.3915734225384371,"upper_bound":0.08988231753946041},"point_estimate":-0.18874713195050485,"standard_error":0.12526607297524592},"median":{"confidence_interval":{"confidence_level":0.95,"lower_bound":-0.42100710350146797,"upper_bound":0.08585836386812162},"point_estimate":-0.028132411935228863,"standard_error":0.09605900204052176}}