{"mean":{"confidence_interval":{"confidence_level":0.95,"lower_bound":-0.03767357035160104,"upper_bound":0.017270443367442396},"point_estimate":-0.011189829241746052,"standard_error":0.01352817483224588},"median":{"confidence_interval":{"confidence_level":0.95,"lower_bound":-0.05436645803927442,"upper_bound":0.004914918624882025},"point_estimate":-0.01900287770828679,"standard_error":0.014942597088599371}}