{"mean":{"confidence_interval":{"confidence_level":0.95,"lower_bound":-0.17619043637225282,"upper_bound":0.14224267166611154},"point_estimate":-0.02315545968684596,"standard_error":0.0798435000101733},"median":{"confidence_interval":{"confidence_level":0.95,"lower_bound":-0.04947274559975179,"upper_bound":0.14108443210328092},"point_estimate":-0.03273292226546787,"standard_error":0.040166659026675725}}