{"mean":{"confidence_interval":{"confidence_level":0.95,"lower_bound":-0.41164765596809405,"upper_bound":-0.3983438458537812},"point_estimate":-0.40519745699022824,"standard_error":0.0034005182839981153},"median":{"confidence_interval":{"confidence_level":0.95,"lower_bound":-0.41424700790497504,"upper_bound":-0.40078644363126437},"point_estimate":-0.40764591412438,"standard_error":0.0033172631405015383}}