{"mean":{"confidence_interval":{"confidence_level":0.95,"lower_bound":-0.4004754336047274,"upper_bound":0.24711535263542245},"point_estimate":-0.15018684835034857,"standard_error":0.16645409780507678},"median":{"confidence_interval":{"confidence_level":0.95,"lower_bound":-0.3887456940934708,"upper_bound":0.3531679154373528},"point_estimate":0.06523448596707193,"standard_error":0.13753056021058827}}