{"mean":{"confidence_interval":{"confidence_level":0.95,"lower_bound":342448.3875,"upper_bound":428535.80999999994},"point_estimate":380746.0,"standard_error":22218.716462900033},"median":{"confidence_interval":{"confidence_level":0.95,"lower_bound":333434.5,"upper_bound":427732.0},"point_estimate":347131.0,"standard_error":21816.80007424616},"median_abs_dev":{"confidence_interval":{"confidence_level":0.95,"lower_bound":1559.6951723098755,"upper_bound":92936.77935004234},"point_estimate":27133.062118291855,"standard_error":23598.67671143486},"slope":null,"std_dev":{"confidence_interval":{"confidence_level":0.95,"lower_bound":15033.173557539709,"upper_bound":96275.91040043886},"point_estimate":73757.44777459577,"standard_error":21440.37286640091}}