{"mean":{"confidence_interval":{"confidence_level":0.95,"lower_bound":-0.17836659682798534,"upper_bound":-0.15663007452504532},"point_estimate":-0.16727792862622104,"standard_error":0.005550035380503856},"median":{"confidence_interval":{"confidence_level":0.95,"lower_bound":-0.18133594663800456,"upper_bound":-0.1577470673308694},"point_estimate":-0.16544867848013123,"standard_error":0.005446331292198996}}