{"mean":{"confidence_interval":{"confidence_level":0.95,"lower_bound":-0.3258407588838874,"upper_bound":0.12870042818519},"point_estimate":-0.09929638113067163,"standard_error":0.12428242933971885},"median":{"confidence_interval":{"confidence_level":0.95,"lower_bound":-0.10969942261972154,"upper_bound":0.1500266936090333},"point_estimate":0.00897380100129963,"standard_error":0.06908682589497805}}