{"mean":{"confidence_interval":{"confidence_level":0.95,"lower_bound":-0.18384670959295574,"upper_bound":-0.15486762246223817},"point_estimate":-0.1675465955977561,"standard_error":0.007496703254484982},"median":{"confidence_interval":{"confidence_level":0.95,"lower_bound":-0.1808084900389696,"upper_bound":-0.1549801725501514},"point_estimate":-0.1599971442529693,"standard_error":0.006169778538558707}}