{"mean":{"confidence_interval":{"confidence_level":0.95,"lower_bound":-0.14274732507179141,"upper_bound":0.0964814666268434},"point_estimate":-0.036230440667055386,"standard_error":0.0568721976840788},"median":{"confidence_interval":{"confidence_level":0.95,"lower_bound":-0.150176229061444,"upper_bound":0.17436411212982073},"point_estimate":-0.14545237992833915,"standard_error":0.07148592923928197}}