{"mean":{"confidence_interval":{"confidence_level":0.95,"lower_bound":-0.006162772296485231,"upper_bound":0.26675800659011784},"point_estimate":0.1114650765762717,"standard_error":0.07159475922891252},"median":{"confidence_interval":{"confidence_level":0.95,"lower_bound":-0.04111648906659526,"upper_bound":0.27098394307458884},"point_estimate":0.07532149297818824,"standard_error":0.07546940809152847}}