{"mean":{"confidence_interval":{"confidence_level":0.95,"lower_bound":-0.1198356225954598,"upper_bound":-0.07474159927640797},"point_estimate":-0.10266425825066205,"standard_error":0.011764864075904902},"median":{"confidence_interval":{"confidence_level":0.95,"lower_bound":-0.12409809384863979,"upper_bound":-0.0950522658014682},"point_estimate":-0.11122050275522166,"standard_error":0.008623163558284496}}