{"mean":{"confidence_interval":{"confidence_level":0.95,"lower_bound":453101.0675,"upper_bound":500596.08749999997},"point_estimate":473880.5,"standard_error":12348.332787838852},"median":{"confidence_interval":{"confidence_level":0.95,"lower_bound":444231.0,"upper_bound":492663.0},"point_estimate":454543.0,"standard_error":14528.692392276309},"median_abs_dev":{"confidence_interval":{"confidence_level":0.95,"lower_bound":2434.429156780243,"upper_bound":59897.78023660183},"point_estimate":17723.00008535385,"standard_error":14464.905278532633},"slope":null,"std_dev":{"confidence_interval":{"confidence_level":0.95,"lower_bound":15102.316778639584,"upper_bound":58546.00633272189},"point_estimate":40963.59889313654,"standard_error":13113.934568820234}}