{"mean":{"confidence_interval":{"confidence_level":0.95,"lower_bound":-0.06920455140007631,"upper_bound":0.5955495920158157},"point_estimate":0.254936504487993,"standard_error":0.17985683756847773},"median":{"confidence_interval":{"confidence_level":0.95,"lower_bound":0.21422426645736858,"upper_bound":0.6637806864341922},"point_estimate":0.45841039358043556,"standard_error":0.11937814142736239}}