{"mean":{"confidence_interval":{"confidence_level":0.95,"lower_bound":238347.06750000003,"upper_bound":291975.5175},"point_estimate":262467.9,"standard_error":13820.453546611972},"median":{"confidence_interval":{"confidence_level":0.95,"lower_bound":232001.0,"upper_bound":294991.5},"point_estimate":246457.5,"standard_error":12870.051653821514},"median_abs_dev":{"confidence_interval":{"confidence_level":0.95,"lower_bound":4493.760520219803,"upper_bound":63003.085881471634},"point_estimate":21489.545318484306,"standard_error":14022.588127328929},"slope":null,"std_dev":{"confidence_interval":{"confidence_level":0.95,"lower_bound":11384.20845009736,"upper_bound":58968.93169985549},"point_estimate":46081.0317555451,"standard_error":12444.091532832268}}