{"mean":{"confidence_interval":{"confidence_level":0.95,"lower_bound":-0.04640097941124818,"upper_bound":-0.0014388610436505698},"point_estimate":-0.023831530991556882,"standard_error":0.011398875714550703},"median":{"confidence_interval":{"confidence_level":0.95,"lower_bound":-0.03971864371859546,"upper_bound":-0.02593189875608848},"point_estimate":-0.029219355946499048,"standard_error":0.003957094611587038}}