{"mean":{"confidence_interval":{"confidence_level":0.95,"lower_bound":0.17182152851233037,"upper_bound":0.21420111668550357},"point_estimate":0.19487440219792473,"standard_error":0.01086247212480517},"median":{"confidence_interval":{"confidence_level":0.95,"lower_bound":0.20431199131715871,"upper_bound":0.2121191095200916},"point_estimate":0.21009771929326537,"standard_error":0.0025894612526807434}}