{"mean":{"confidence_interval":{"confidence_level":0.95,"lower_bound":-0.23532035366523327,"upper_bound":-0.006273534847558161},"point_estimate":-0.11797798977499907,"standard_error":0.059983505582267935},"median":{"confidence_interval":{"confidence_level":0.95,"lower_bound":-0.2104288148054242,"upper_bound":-0.009665900829400331},"point_estimate":-0.02721140315364301,"standard_error":0.052240994637626055}}