{"mean":{"confidence_interval":{"confidence_level":0.95,"lower_bound":234800.1225,"upper_bound":290904.0},"point_estimate":261439.7,"standard_error":14401.375593349821},"median":{"confidence_interval":{"confidence_level":0.95,"lower_bound":220415.0,"upper_bound":293964.0},"point_estimate":256853.0,"standard_error":22925.532070871333},"median_abs_dev":{"confidence_interval":{"confidence_level":0.95,"lower_bound":3816.2123322486877,"upper_bound":87147.22645282745},"point_estimate":52114.87167477608,"standard_error":21032.68241446641},"slope":null,"std_dev":{"confidence_interval":{"confidence_level":0.95,"lower_bound":26392.972281332593,"upper_bound":62215.5362901567},"point_estimate":48106.06580844735,"standard_error":9855.550338074654}}