{"mean":{"confidence_interval":{"confidence_level":0.95,"lower_bound":306207.9,"upper_bound":367131.7},"point_estimate":329291.8,"standard_error":17093.503166048322},"median":{"confidence_interval":{"confidence_level":0.95,"lower_bound":301505.0,"upper_bound":323983.0},"point_estimate":317477.5,"standard_error":8105.62989854941},"median_abs_dev":{"confidence_interval":{"confidence_level":0.95,"lower_bound":2014.8533642292023,"upper_bound":31027.852249145508},"point_estimate":15995.771116018295,"standard_error":8320.06934580813},"slope":null,"std_dev":{"confidence_interval":{"confidence_level":0.95,"lower_bound":8998.10173271491,"upper_bound":87541.9434312912},"point_estimate":57047.94562432162,"standard_error":27326.073616451944}}