{"mean":{"confidence_interval":{"confidence_level":0.95,"lower_bound":-0.2681796605198168,"upper_bound":0.05869381674667883},"point_estimate":-0.0957274849782428,"standard_error":0.09079107829968347},"median":{"confidence_interval":{"confidence_level":0.95,"lower_bound":-0.0918267078643098,"upper_bound":0.1077984748017653},"point_estimate":-0.0036469110309498287,"standard_error":0.053477931176269464}}