{"mean":{"confidence_interval":{"confidence_level":0.95,"lower_bound":27554.79404761905,"upper_bound":33071.0225},"point_estimate":30341.750436507933,"standard_error":1415.7790990766057},"median":{"confidence_interval":{"confidence_level":0.95,"lower_bound":25076.85714285714,"upper_bound":34659.275},"point_estimate":31321.444444444445,"standard_error":2793.792970730899},"median_abs_dev":{"confidence_interval":{"confidence_level":0.95,"lower_bound":746.8156117413705,"upper_bound":7703.510038235359},"point_estimate":6073.2854671776295,"standard_error":1931.9800472264694},"slope":{"confidence_interval":{"confidence_level":0.95,"lower_bound":25764.010638297874,"upper_bound":32187.831087437244},"point_estimate":29131.594805194803,"standard_error":1671.8717073106016},"std_dev":{"confidence_interval":{"confidence_level":0.95,"lower_bound":3139.0148898706348,"upper_bound":5376.739671655102},"point_estimate":4730.530773927343,"standard_error":584.6096059104733}}