{"mean":{"confidence_interval":{"confidence_level":0.95,"lower_bound":345316.0,"upper_bound":396026.1},"point_estimate":364459.4,"standard_error":14281.860375344675},"median":{"confidence_interval":{"confidence_level":0.95,"lower_bound":341762.0,"upper_bound":361449.5},"point_estimate":350267.5,"standard_error":5824.77125680585},"median_abs_dev":{"confidence_interval":{"confidence_level":0.95,"lower_bound":3300.267541408539,"upper_bound":23778.679677844048},"point_estimate":12188.454383611679,"standard_error":6634.054955464639},"slope":null,"std_dev":{"confidence_interval":{"confidence_level":0.95,"lower_bound":6790.148777938784,"upper_bound":72764.5472621569},"point_estimate":47370.47402291384,"standard_error":22692.001990157998}}