{"mean":{"confidence_interval":{"confidence_level":0.95,"lower_bound":55901.75,"upper_bound":56911.1},"point_estimate":56473.5,"standard_error":260.7627871652545},"median":{"confidence_interval":{"confidence_level":0.95,"lower_bound":56211.5,"upper_bound":57159.0},"point_estimate":56696.25,"standard_error":237.46384868692365},"median_abs_dev":{"confidence_interval":{"confidence_level":0.95,"lower_bound":29.651999473571777,"upper_bound":1123.4401300549507},"point_estimate":694.9687376618385,"standard_error":257.4492120457717},"slope":null,"std_dev":{"confidence_interval":{"confidence_level":0.95,"lower_bound":283.83974841057375,"upper_bound":1257.978650865491},"point_estimate":870.9061373075746,"standard_error":291.86571293451044}}