{"mean":{"confidence_interval":{"confidence_level":0.95,"lower_bound":-0.0831457380104283,"upper_bound":-0.06513365223380296},"point_estimate":-0.07452771602084862,"standard_error":0.004644057088310807},"median":{"confidence_interval":{"confidence_level":0.95,"lower_bound":-0.0878285159407034,"upper_bound":-0.0631077449599593},"point_estimate":-0.08127806540725346,"standard_error":0.006224317293485498}}