{"mean":{"confidence_interval":{"confidence_level":0.95,"lower_bound":116391931.7,"upper_bound":118473468.4},"point_estimate":117231267.2,"standard_error":556573.9894732273},"median":{"confidence_interval":{"confidence_level":0.95,"lower_bound":116418527.5,"upper_bound":117375204.5},"point_estimate":116740930.5,"standard_error":264043.7651634611},"median_abs_dev":{"confidence_interval":{"confidence_level":0.95,"lower_bound":147659.54437851906,"upper_bound":1541500.7054328918},"point_estimate":566562.2365415096,"standard_error":361442.3628908895},"slope":null,"std_dev":{"confidence_interval":{"confidence_level":0.95,"lower_bound":339400.4434574567,"upper_bound":2788313.784036669},"point_estimate":1850293.7571022967,"standard_error":779243.1960562184}}