{"mean":{"confidence_interval":{"confidence_level":0.95,"lower_bound":-0.1612564181051415,"upper_bound":-0.12605205464866961},"point_estimate":-0.14467524764584738,"standard_error":0.00897047089059065},"median":{"confidence_interval":{"confidence_level":0.95,"lower_bound":-0.16757399386753546,"upper_bound":-0.12049971790988778},"point_estimate":-0.15382912237810353,"standard_error":0.011081061623492285}}