{"mean":{"confidence_interval":{"confidence_level":0.95,"lower_bound":0.2241966892151257,"upper_bound":0.2503717192203137},"point_estimate":0.23808740833305952,"standard_error":0.006849187181195921},"median":{"confidence_interval":{"confidence_level":0.95,"lower_bound":0.2330727173318754,"upper_bound":0.2574145629715441},"point_estimate":0.24441221228837717,"standard_error":0.006569557566615585}}