{"mean":{"confidence_interval":{"confidence_level":0.95,"lower_bound":91515895.75374998,"upper_bound":94666289.90083331},"point_estimate":92987807.33333334,"standard_error":802101.2728586975},"median":{"confidence_interval":{"confidence_level":0.95,"lower_bound":90201286.33333333,"upper_bound":94645102.83333334},"point_estimate":92990008.83333333,"standard_error":1111134.6712110462},"median_abs_dev":{"confidence_interval":{"confidence_level":0.95,"lower_bound":1260155.6156277582,"upper_bound":4854215.167820446},"point_estimate":3883943.6765462235,"standard_error":881569.3680008482},"slope":null,"std_dev":{"confidence_interval":{"confidence_level":0.95,"lower_bound":2222527.258464004,"upper_bound":5027568.900126845},"point_estimate":3670329.2469673553,"standard_error":782381.715360378}}