{"mean":{"confidence_interval":{"confidence_level":0.95,"lower_bound":1131535411.8825,"upper_bound":1201181347.4512498},"point_estimate":1165116106.35,"standard_error":17809942.74815593},"median":{"confidence_interval":{"confidence_level":0.95,"lower_bound":1095195216.0,"upper_bound":1205597297.0},"point_estimate":1148952789.5,"standard_error":35671456.39615146},"median_abs_dev":{"confidence_interval":{"confidence_level":0.95,"lower_bound":12983860.3738904,"upper_bound":141576292.13301837},"point_estimate":85957432.56095052,"standard_error":38547318.14284523},"slope":null,"std_dev":{"confidence_interval":{"confidence_level":0.95,"lower_bound":58431859.861167945,"upper_bound":96394304.22545941},"point_estimate":82059123.9174808,"standard_error":9715503.472285544}}