{"mean":{"confidence_interval":{"confidence_level":0.95,"lower_bound":-0.1740125390098468,"upper_bound":-0.1525904535440147},"point_estimate":-0.16360322068957456,"standard_error":0.005442484197974994},"median":{"confidence_interval":{"confidence_level":0.95,"lower_bound":-0.17698863004249832,"upper_bound":-0.1471386441352608},"point_estimate":-0.16542344122995833,"standard_error":0.006628262118765946}}