{"mean":{"confidence_interval":{"confidence_level":0.95,"lower_bound":-0.27935746602757927,"upper_bound":0.10962752588110365},"point_estimate":-0.08458485257011739,"standard_error":0.10000562203010385},"median":{"confidence_interval":{"confidence_level":0.95,"lower_bound":-0.06565638016888098,"upper_bound":0.01879666689874515},"point_estimate":-0.025577503052256256,"standard_error":0.023958396810872282}}