{"mean":{"confidence_interval":{"confidence_level":0.95,"lower_bound":-0.15478256741990248,"upper_bound":0.26504863389500843},"point_estimate":0.054615554646946674,"standard_error":0.11068926718544318},"median":{"confidence_interval":{"confidence_level":0.95,"lower_bound":-0.012772697743878347,"upper_bound":0.33035686437015155},"point_estimate":0.16622331537649204,"standard_error":0.08102254670699195}}