{"mean":{"confidence_interval":{"confidence_level":0.95,"lower_bound":470324.4825,"upper_bound":628620.4125},"point_estimate":528808.7,"standard_error":45234.52898367118},"median":{"confidence_interval":{"confidence_level":0.95,"lower_bound":459631.5,"upper_bound":510643.0},"point_estimate":489679.5,"standard_error":17565.969132987153},"median_abs_dev":{"confidence_interval":{"confidence_level":0.95,"lower_bound":8280.320852994919,"upper_bound":62597.59478867054},"point_estimate":34874.45788085461,"standard_error":17500.37435421837},"slope":null,"std_dev":{"confidence_interval":{"confidence_level":0.95,"lower_bound":18335.802494633885,"upper_bound":231804.34923194267},"point_estimate":150836.45513679157,"standard_error":75156.28646213215}}