{"mean":{"confidence_interval":{"confidence_level":0.95,"lower_bound":-0.10273970028229924,"upper_bound":-0.0460687399908517},"point_estimate":-0.08142416993732915,"standard_error":0.01594233966102249},"median":{"confidence_interval":{"confidence_level":0.95,"lower_bound":-0.10511752796176943,"upper_bound":-0.07750552908815622},"point_estimate":-0.09932395070221789,"standard_error":0.006961302996396939}}