{"mean":{"confidence_interval":{"confidence_level":0.95,"lower_bound":-0.16583332921299987,"upper_bound":-0.07697731478961652},"point_estimate":-0.11960958218333984,"standard_error":0.0232498053940727},"median":{"confidence_interval":{"confidence_level":0.95,"lower_bound":-0.19031012927487445,"upper_bound":-0.0368975903614458},"point_estimate":-0.11033221870532983,"standard_error":0.045513216486763326}}