{"mean":{"confidence_interval":{"confidence_level":0.95,"lower_bound":7617537336.791249,"upper_bound":7738983262.75875},"point_estimate":7665960444.55,"standard_error":32120300.000799492},"median":{"confidence_interval":{"confidence_level":0.95,"lower_bound":7606188551.5,"upper_bound":7658894133.5},"point_estimate":7642475109.5,"standard_error":17255082.015132576},"median_abs_dev":{"confidence_interval":{"confidence_level":0.95,"lower_bound":27060113.751786947,"upper_bound":111367389.5617336},"point_estimate":54951299.660119414,"standard_error":19592297.500940386},"slope":null,"std_dev":{"confidence_interval":{"confidence_level":0.95,"lower_bound":40853759.157812685,"upper_bound":234719917.06416965},"point_estimate":147549319.90748373,"standard_error":62337543.48243077}}