{"mean":{"confidence_interval":{"confidence_level":0.95,"lower_bound":-0.21025411998606935,"upper_bound":0.3983734996218055},"point_estimate":0.06882130829676503,"standard_error":0.16040423842357002},"median":{"confidence_interval":{"confidence_level":0.95,"lower_bound":-0.0018304275002296588,"upper_bound":0.36117754800832413},"point_estimate":0.16212352073725178,"standard_error":0.07671023642783284}}