{"mean":{"confidence_interval":{"confidence_level":0.95,"lower_bound":0.24845115077756694,"upper_bound":0.29535422876475276},"point_estimate":0.2667669881719785,"standard_error":0.012527214477128696},"median":{"confidence_interval":{"confidence_level":0.95,"lower_bound":0.24455120279769682,"upper_bound":0.2698797523741614},"point_estimate":0.2526582995248039,"standard_error":0.00699790091463558}}