{"mean":{"confidence_interval":{"confidence_level":0.95,"lower_bound":217143.475,"upper_bound":274325.7},"point_estimate":240714.7,"standard_error":15233.975083835649},"median":{"confidence_interval":{"confidence_level":0.95,"lower_bound":212856.0,"upper_bound":253751.0},"point_estimate":222256.5,"standard_error":9823.162937204583},"median_abs_dev":{"confidence_interval":{"confidence_level":0.95,"lower_bound":3684.2609345912933,"upper_bound":48666.34413599968},"point_estimate":17785.269284248352,"standard_error":11558.60574663106},"slope":null,"std_dev":{"confidence_interval":{"confidence_level":0.95,"lower_bound":9703.192631494523,"upper_bound":74913.07088471128},"point_estimate":50777.027224807964,"standard_error":19695.616257162703}}