{"mean":{"confidence_interval":{"confidence_level":0.95,"lower_bound":128433.2975,"upper_bound":134071.5075},"point_estimate":130734.0,"standard_error":1559.6361655815872},"median":{"confidence_interval":{"confidence_level":0.95,"lower_bound":128402.5,"upper_bound":131818.0},"point_estimate":128722.5,"standard_error":796.9869532501626},"median_abs_dev":{"confidence_interval":{"confidence_level":0.95,"lower_bound":28.16939949989319,"upper_bound":4567.149218916893},"point_estimate":453.6755919456482,"standard_error":1039.214996981812},"slope":null,"std_dev":{"confidence_interval":{"confidence_level":0.95,"lower_bound":280.4441714969016,"upper_bound":7671.9807260269645},"point_estimate":5197.607205884903,"standard_error":2180.951384735872}}