{"mean":{"confidence_interval":{"confidence_level":0.95,"lower_bound":129890.9975,"upper_bound":164003.6175},"point_estimate":146122.5,"standard_error":8720.194994791873},"median":{"confidence_interval":{"confidence_level":0.95,"lower_bound":128634.0,"upper_bound":164402.5},"point_estimate":129146.5,"standard_error":10575.529120440699},"median_abs_dev":{"confidence_interval":{"confidence_level":0.95,"lower_bound":294.2960947751999,"upper_bound":47031.036365032196},"point_estimate":1355.0963759422302,"standard_error":11554.661552567479},"slope":null,"std_dev":{"confidence_interval":{"confidence_level":0.95,"lower_bound":1961.5805823627995,"upper_bound":35745.73445026537},"point_estimate":28985.775132908824,"standard_error":7508.137314709654}}