{"mean":{"confidence_interval":{"confidence_level":0.95,"lower_bound":-0.05522885077049616,"upper_bound":0.16644617412014107},"point_estimate":0.05115739764146565,"standard_error":0.05186766960751875},"median":{"confidence_interval":{"confidence_level":0.95,"lower_bound":-0.059243587405810705,"upper_bound":0.21216559758910392},"point_estimate":-0.05444035944628567,"standard_error":0.08164077722945604}}