{"mean":{"confidence_interval":{"confidence_level":0.95,"lower_bound":-0.034808882199144166,"upper_bound":0.17084344948381572},"point_estimate":0.07474278868393802,"standard_error":0.05046221022517407},"median":{"confidence_interval":{"confidence_level":0.95,"lower_bound":-0.11464905830148275,"upper_bound":0.22466699938174606},"point_estimate":0.11427865563823603,"standard_error":0.0973037120384077}}