{"mean":{"confidence_interval":{"confidence_level":0.95,"lower_bound":349262.1,"upper_bound":411758.08499999996},"point_estimate":377137.7,"standard_error":15965.846920676327},"median":{"confidence_interval":{"confidence_level":0.95,"lower_bound":343214.5,"upper_bound":419307.5},"point_estimate":355758.5,"standard_error":16609.699991588233},"median_abs_dev":{"confidence_interval":{"confidence_level":0.95,"lower_bound":3521.916237473488,"upper_bound":71073.61883819103},"point_estimate":22369.46840286255,"standard_error":16094.258332370786},"slope":null,"std_dev":{"confidence_interval":{"confidence_level":0.95,"lower_bound":13014.03356954637,"upper_bound":67330.06900346317},"point_estimate":53322.57327301033,"standard_error":14509.614824493447}}