{"mean":{"confidence_interval":{"confidence_level":0.95,"lower_bound":243622.3,"upper_bound":308626.8},"point_estimate":268059.0,"standard_error":18354.58131168655},"median":{"confidence_interval":{"confidence_level":0.95,"lower_bound":237910.0,"upper_bound":262223.5},"point_estimate":251612.0,"standard_error":7287.46829384452},"median_abs_dev":{"confidence_interval":{"confidence_level":0.95,"lower_bound":1630.1186710596085,"upper_bound":30534.887757897377},"point_estimate":17135.14919579029,"standard_error":8322.932597292842},"slope":null,"std_dev":{"confidence_interval":{"confidence_level":0.95,"lower_bound":8673.296377707587,"upper_bound":93806.61721839625},"point_estimate":61063.67479024571,"standard_error":29691.792418748228}}