{"mean":{"confidence_interval":{"confidence_level":0.95,"lower_bound":554778943.60375,"upper_bound":565017939.19625},"point_estimate":559729037.25,"standard_error":2620914.98596503},"median":{"confidence_interval":{"confidence_level":0.95,"lower_bound":550199149.5,"upper_bound":565296844.0},"point_estimate":558430934.0,"standard_error":3939829.388621629},"median_abs_dev":{"confidence_interval":{"confidence_level":0.95,"lower_bound":5700596.898794174,"upper_bound":19684435.372531414},"point_estimate":12525970.49151957,"standard_error":3393434.812267018},"slope":null,"std_dev":{"confidence_interval":{"confidence_level":0.95,"lower_bound":7955552.152946067,"upper_bound":14867400.345624352},"point_estimate":12050781.853201378,"standard_error":1761491.262758612}}