{"mean":{"confidence_interval":{"confidence_level":0.95,"lower_bound":209446.68000000002,"upper_bound":269580.00499999995},"point_estimate":233020.4,"standard_error":16553.84516603633},"median":{"confidence_interval":{"confidence_level":0.95,"lower_bound":208235.0,"upper_bound":236973.5},"point_estimate":215180.5,"standard_error":7629.491842849354},"median_abs_dev":{"confidence_interval":{"confidence_level":0.95,"lower_bound":1977.0470649003983,"upper_bound":38590.59471487999},"point_estimate":11938.636288046837,"standard_error":9754.225895852174},"slope":null,"std_dev":{"confidence_interval":{"confidence_level":0.95,"lower_bound":7411.017442288468,"upper_bound":84062.4829985763},"point_estimate":55319.51866143932,"standard_error":24846.997942323094}}