{"mean":{"confidence_interval":{"confidence_level":0.95,"lower_bound":69202.6875,"upper_bound":74834.35875},"point_estimate":71840.95,"standard_error":1453.7106968207047},"median":{"confidence_interval":{"confidence_level":0.95,"lower_bound":68273.5,"upper_bound":76545.5},"point_estimate":69016.0,"standard_error":2206.0629985733935},"median_abs_dev":{"confidence_interval":{"confidence_level":0.95,"lower_bound":78.57779860496521,"upper_bound":8199.519154429436},"point_estimate":1920.3376159071922,"standard_error":2350.035816178084},"slope":null,"std_dev":{"confidence_interval":{"confidence_level":0.95,"lower_bound":1964.5185358439776,"upper_bound":5888.142544171576},"point_estimate":4839.949589096977,"standard_error":976.8112033509565}}