{"mean":{"confidence_interval":{"confidence_level":0.95,"lower_bound":-0.12670013595934176,"upper_bound":0.36567819759029074},"point_estimate":0.12822556953163344,"standard_error":0.131171805829802},"median":{"confidence_interval":{"confidence_level":0.95,"lower_bound":0.03157559180739766,"upper_bound":0.4170278116716455},"point_estimate":0.240814448475954,"standard_error":0.10117524553655191}}