{"mean":{"confidence_interval":{"confidence_level":0.95,"lower_bound":67208.2,"upper_bound":71784.5},"point_estimate":69009.95,"standard_error":1246.8151775199601},"median":{"confidence_interval":{"confidence_level":0.95,"lower_bound":66790.5,"upper_bound":69594.5},"point_estimate":67240.0,"standard_error":802.3009736141815},"median_abs_dev":{"confidence_interval":{"confidence_level":0.95,"lower_bound":80.8016985654831,"upper_bound":2965.1999473571777},"point_estimate":758.7205365300179,"standard_error":902.8950962349357},"slope":null,"std_dev":{"confidence_interval":{"confidence_level":0.95,"lower_bound":655.125197958375,"upper_bound":6275.610489337981},"point_estimate":4148.55746983883,"standard_error":1811.047808765841}}