{"mean":{"confidence_interval":{"confidence_level":0.95,"lower_bound":388396369.82374996,"upper_bound":392548798.70375},"point_estimate":390351079.45,"standard_error":1063244.3143651227},"median":{"confidence_interval":{"confidence_level":0.95,"lower_bound":386665560.0,"upper_bound":391778471.5},"point_estimate":388723332.0,"standard_error":1415623.101197604},"median_abs_dev":{"confidence_interval":{"confidence_level":0.95,"lower_bound":1409903.6491692066,"upper_bound":7411998.372110724},"point_estimate":3948476.5585005283,"standard_error":1443607.1801858323},"slope":null,"std_dev":{"confidence_interval":{"confidence_level":0.95,"lower_bound":2775812.423945483,"upper_bound":6168229.66131397},"point_estimate":4895354.644562735,"standard_error":853547.4205860315}}