{"mean":{"confidence_interval":{"confidence_level":0.95,"lower_bound":-0.17780484688180972,"upper_bound":-0.16173551624001178},"point_estimate":-0.1700441415736923,"standard_error":0.004097105164839083},"median":{"confidence_interval":{"confidence_level":0.95,"lower_bound":-0.17834711692352823,"upper_bound":-0.1580543190761886},"point_estimate":-0.16932974247627397,"standard_error":0.0044709845941665926}}