{"mean":{"confidence_interval":{"confidence_level":0.95,"lower_bound":384324.4,"upper_bound":449941.3},"point_estimate":415854.0,"standard_error":16850.348516275953},"median":{"confidence_interval":{"confidence_level":0.95,"lower_bound":368044.0,"upper_bound":468499.5},"point_estimate":406197.5,"standard_error":29102.07234298369},"median_abs_dev":{"confidence_interval":{"confidence_level":0.95,"lower_bound":7127.599373459816,"upper_bound":97469.08746957779},"point_estimate":52549.273467063904,"standard_error":27524.58716550294},"slope":null,"std_dev":{"confidence_interval":{"confidence_level":0.95,"lower_bound":32171.650883105838,"upper_bound":67643.00566808548},"point_estimate":56103.54447309407,"standard_error":9157.547930154848}}