{"mean":{"confidence_interval":{"confidence_level":0.95,"lower_bound":579295.4125,"upper_bound":654099.8},"point_estimate":616408.6,"standard_error":19160.410340349485},"median":{"confidence_interval":{"confidence_level":0.95,"lower_bound":553362.0,"upper_bound":677759.0},"point_estimate":611648.0,"standard_error":35799.57430309741},"median_abs_dev":{"confidence_interval":{"confidence_level":0.95,"lower_bound":14219.616347551346,"upper_bound":103346.85506522655},"point_estimate":83071.55912518501,"standard_error":23542.451639497507},"slope":null,"std_dev":{"confidence_interval":{"confidence_level":0.95,"lower_bound":41667.85334856585,"upper_bound":74306.85357348564},"point_estimate":63821.38852941248,"standard_error":8343.394756260423}}