{"mean":{"confidence_interval":{"confidence_level":0.95,"lower_bound":-0.30354157438212376,"upper_bound":0.36905882725462136},"point_estimate":-0.02767365700645119,"standard_error":0.17433642871534752},"median":{"confidence_interval":{"confidence_level":0.95,"lower_bound":-0.23516458455984623,"upper_bound":0.41120426724268566},"point_estimate":0.19094124698628412,"standard_error":0.14297088779698638}}