{"mean":{"confidence_interval":{"confidence_level":0.95,"lower_bound":-0.17858842337156827,"upper_bound":-0.16193085115144218},"point_estimate":-0.17024969716126293,"standard_error":0.004255761654964978},"median":{"confidence_interval":{"confidence_level":0.95,"lower_bound":-0.1811702576164378,"upper_bound":-0.16413436622147193},"point_estimate":-0.17068739616117135,"standard_error":0.0035812645218783338}}