{"mean":{"confidence_interval":{"confidence_level":0.95,"lower_bound":3278387.5906034685,"upper_bound":3436135.870413799},"point_estimate":3354786.8510199357,"standard_error":40386.61701793806},"median":{"confidence_interval":{"confidence_level":0.95,"lower_bound":3214110.2361778845,"upper_bound":3458734.0416666665},"point_estimate":3341897.1016447367,"standard_error":81043.26797567506},"median_abs_dev":{"confidence_interval":{"confidence_level":0.95,"lower_bound":68938.90409385294,"upper_bound":335185.21869819105},"point_estimate":191836.23769802527,"standard_error":63300.13185059139},"slope":{"confidence_interval":{"confidence_level":0.95,"lower_bound":3288301.18894204,"upper_bound":3515440.8505946733},"point_estimate":3400971.0343641117,"standard_error":58233.949864428105},"std_dev":{"confidence_interval":{"confidence_level":0.95,"lower_bound":126658.69015532458,"upper_bound":227025.31781736706},"point_estimate":185772.21955594755,"standard_error":25705.881778703788}}