{"mean":{"confidence_interval":{"confidence_level":0.95,"lower_bound":-0.40992386107992157,"upper_bound":-0.3917633576324778},"point_estimate":-0.4015196067654516,"standard_error":0.0046812390177496},"median":{"confidence_interval":{"confidence_level":0.95,"lower_bound":-0.4136487848278241,"upper_bound":-0.3916708701570608},"point_estimate":-0.4058612198393884,"standard_error":0.004388169278967901}}