{"mean":{"confidence_interval":{"confidence_level":0.95,"lower_bound":129119.5975,"upper_bound":132648.8},"point_estimate":130667.9,"standard_error":913.930971331424},"median":{"confidence_interval":{"confidence_level":0.95,"lower_bound":128836.5,"upper_bound":132367.5},"point_estimate":129325.0,"standard_error":811.0609840809194},"median_abs_dev":{"confidence_interval":{"confidence_level":0.95,"lower_bound":94.88639831542969,"upper_bound":3816.953632235527},"point_estimate":739.0760868787766,"standard_error":880.37084280559},"slope":null,"std_dev":{"confidence_interval":{"confidence_level":0.95,"lower_bound":467.70314659336356,"upper_bound":4068.3901484493836},"point_estimate":3045.4611564680245,"standard_error":950.2435939356391}}