{"mean":{"confidence_interval":{"confidence_level":0.95,"lower_bound":-0.18325345517468805,"upper_bound":-0.11600119135564675},"point_estimate":-0.1484975144857834,"standard_error":0.01717064813267097},"median":{"confidence_interval":{"confidence_level":0.95,"lower_bound":-0.2021898589944453,"upper_bound":-0.10370203363845432},"point_estimate":-0.1332541279077617,"standard_error":0.021276523568796953}}