{"mean":{"confidence_interval":{"confidence_level":0.95,"lower_bound":-0.11186618433794909,"upper_bound":0.1728866567350213},"point_estimate":0.033774405287371856,"standard_error":0.07361653059562975},"median":{"confidence_interval":{"confidence_level":0.95,"lower_bound":-0.033764140544608745,"upper_bound":0.16446602886209138},"point_estimate":0.07434313812612925,"standard_error":0.051483505608549016}}