{"mean":{"confidence_interval":{"confidence_level":0.95,"lower_bound":-0.4789856495404038,"upper_bound":-0.14563085438780313},"point_estimate":-0.3416406795394946,"standard_error":0.08627728890793399},"median":{"confidence_interval":{"confidence_level":0.95,"lower_bound":-0.5534842687686392,"upper_bound":-0.024308256957551677},"point_estimate":-0.12129562575827402,"standard_error":0.14940445642401892}}