{"mean":{"confidence_interval":{"confidence_level":0.95,"lower_bound":354188.5,"upper_bound":446406.36499999993},"point_estimate":396918.4,"standard_error":23919.956620768204},"median":{"confidence_interval":{"confidence_level":0.95,"lower_bound":337709.5,"upper_bound":463699.0},"point_estimate":362667.0,"standard_error":33280.06965618866},"median_abs_dev":{"confidence_interval":{"confidence_level":0.95,"lower_bound":1736.1245691776276,"upper_bound":130335.36368608475},"point_estimate":48812.38023340702,"standard_error":36746.303648355664},"slope":null,"std_dev":{"confidence_interval":{"confidence_level":0.95,"lower_bound":31390.99598805718,"upper_bound":101005.56465440681},"point_estimate":79534.81916214782,"standard_error":18204.707289955713}}