{"mean":{"confidence_interval":{"confidence_level":0.95,"lower_bound":331252.15,"upper_bound":388208.2},"point_estimate":357849.9,"standard_error":14627.716040093164},"median":{"confidence_interval":{"confidence_level":0.95,"lower_bound":321402.5,"upper_bound":396949.5},"point_estimate":334227.5,"standard_error":19236.306829718476},"median_abs_dev":{"confidence_interval":{"confidence_level":0.95,"lower_bound":911.7989838123322,"upper_bound":78230.87021112442},"point_estimate":33691.34310185909,"standard_error":20128.997911949507},"slope":null,"std_dev":{"confidence_interval":{"confidence_level":0.95,"lower_bound":18087.735017418658,"upper_bound":59738.43154545582},"point_estimate":48889.69694788009,"standard_error":10139.915093682832}}