{"mean":{"confidence_interval":{"confidence_level":0.95,"lower_bound":602732.3661885911,"upper_bound":612357.7222553963},"point_estimate":607177.9373998337,"standard_error":2470.6652628378015},"median":{"confidence_interval":{"confidence_level":0.95,"lower_bound":600547.7728174604,"upper_bound":607441.9445488722},"point_estimate":603218.6351540617,"standard_error":1681.4880979081665},"median_abs_dev":{"confidence_interval":{"confidence_level":0.95,"lower_bound":2437.708093213221,"upper_bound":11586.703867151982},"point_estimate":5879.739152525639,"standard_error":2750.1657315399793},"slope":{"confidence_interval":{"confidence_level":0.95,"lower_bound":600528.095429851,"upper_bound":605645.7266076007},"point_estimate":602691.9258171561,"standard_error":1299.103593173384},"std_dev":{"confidence_interval":{"confidence_level":0.95,"lower_bound":5474.439349756969,"upper_bound":14378.252557621572},"point_estimate":11330.765225815525,"standard_error":2171.9152908941833}}