{"mean":{"confidence_interval":{"confidence_level":0.95,"lower_bound":354929.38,"upper_bound":431677.3},"point_estimate":392210.2,"standard_error":19564.970175046496},"median":{"confidence_interval":{"confidence_level":0.95,"lower_bound":335101.0,"upper_bound":450620.0},"point_estimate":381666.0,"standard_error":24799.64996017942},"median_abs_dev":{"confidence_interval":{"confidence_level":0.95,"lower_bound":14358.980745077133,"upper_bound":117232.14511871338},"point_estimate":65843.74743103981,"standard_error":26520.048504070746},"slope":null,"std_dev":{"confidence_interval":{"confidence_level":0.95,"lower_bound":33563.39247393243,"upper_bound":81952.36614820153},"point_estimate":65355.50440441536,"standard_error":12149.091942767149}}