{"mean":{"confidence_interval":{"confidence_level":0.95,"lower_bound":-0.18250946007074437,"upper_bound":-0.16069768654658625},"point_estimate":-0.1723530577160277,"standard_error":0.005522672078097916},"median":{"confidence_interval":{"confidence_level":0.95,"lower_bound":-0.18435488775148234,"upper_bound":-0.15968753508814137},"point_estimate":-0.17385432205700724,"standard_error":0.006105907208375236}}