{"mean":{"confidence_interval":{"confidence_level":0.95,"lower_bound":231897.8,"upper_bound":249667.6525},"point_estimate":240209.6,"standard_error":4553.208355310736},"median":{"confidence_interval":{"confidence_level":0.95,"lower_bound":229006.0,"upper_bound":251172.5},"point_estimate":235198.0,"standard_error":5723.261182280049},"median_abs_dev":{"confidence_interval":{"confidence_level":0.95,"lower_bound":1055.6111812591553,"upper_bound":25487.37614750862},"point_estimate":10680.650210380554,"standard_error":5791.506106203403},"slope":null,"std_dev":{"confidence_interval":{"confidence_level":0.95,"lower_bound":6375.321363577596,"upper_bound":18995.29241709932},"point_estimate":15118.506930984364,"standard_error":3168.2608682761534}}