{"mean":{"confidence_interval":{"confidence_level":0.95,"lower_bound":248382.7,"upper_bound":286811.5525},"point_estimate":263943.4,"standard_error":10266.052323337142},"median":{"confidence_interval":{"confidence_level":0.95,"lower_bound":242283.0,"upper_bound":267293.5},"point_estimate":255533.0,"standard_error":6185.1982325740955},"median_abs_dev":{"confidence_interval":{"confidence_level":0.95,"lower_bound":3762.8387331962585,"upper_bound":28648.279291391373},"point_estimate":17162.577295303345,"standard_error":7191.099548840751},"slope":null,"std_dev":{"confidence_interval":{"confidence_level":0.95,"lower_bound":8252.10491220971,"upper_bound":51397.53590818662},"point_estimate":34155.64463582687,"standard_error":14023.680468106832}}