{"mean":{"confidence_interval":{"confidence_level":0.95,"lower_bound":-0.24945219825262896,"upper_bound":0.19413773773203566},"point_estimate":-0.04137693121253083,"standard_error":0.1162458208240622},"median":{"confidence_interval":{"confidence_level":0.95,"lower_bound":-0.1203814239376706,"upper_bound":0.1972938985523942},"point_estimate":-0.0059134774373929,"standard_error":0.09435979568287048}}