{"mean":{"confidence_interval":{"confidence_level":0.95,"lower_bound":-0.0637416611444515,"upper_bound":-0.03902005307796368},"point_estimate":-0.05083136262544308,"standard_error":0.006312906572095324},"median":{"confidence_interval":{"confidence_level":0.95,"lower_bound":-0.06507238710412078,"upper_bound":-0.04012176555054714},"point_estimate":-0.05769955543962457,"standard_error":0.006427698288257409}}