{"mean":{"confidence_interval":{"confidence_level":0.95,"lower_bound":-0.26375912191529277,"upper_bound":-0.12990483398941535},"point_estimate":-0.193683064076965,"standard_error":0.034889584238748966},"median":{"confidence_interval":{"confidence_level":0.95,"lower_bound":-0.2375274010339128,"upper_bound":-0.12708697700533722},"point_estimate":-0.16403047599436293,"standard_error":0.020902276040474975}}