{"mean":{"confidence_interval":{"confidence_level":0.95,"lower_bound":288504.1,"upper_bound":359313.50999999995},"point_estimate":318364.2,"standard_error":17875.13937684427},"median":{"confidence_interval":{"confidence_level":0.95,"lower_bound":284221.0,"upper_bound":361043.0},"point_estimate":292128.5,"standard_error":16581.672132277254},"median_abs_dev":{"confidence_interval":{"confidence_level":0.95,"lower_bound":1409.2112749814987,"upper_bound":92878.21665108204},"point_estimate":12937.167370319366,"standard_error":15777.95866058596},"slope":null,"std_dev":{"confidence_interval":{"confidence_level":0.95,"lower_bound":5291.470494149476,"upper_bound":74308.59407435966},"point_estimate":59467.381168727006,"standard_error":18535.869803900063}}