{"mean":{"confidence_interval":{"confidence_level":0.95,"lower_bound":335076.07104328607,"upper_bound":338461.622159556},"point_estimate":336757.25951461645,"standard_error":865.0518766898616},"median":{"confidence_interval":{"confidence_level":0.95,"lower_bound":336233.9907142857,"upper_bound":338719.3466666667},"point_estimate":337718.5494505495,"standard_error":741.404299319878},"median_abs_dev":{"confidence_interval":{"confidence_level":0.95,"lower_bound":1051.7085400463873,"upper_bound":5795.351678540516},"point_estimate":2091.65124861578,"standard_error":1132.5734394213637},"slope":{"confidence_interval":{"confidence_level":0.95,"lower_bound":333529.2517716169,"upper_bound":337662.97145033325},"point_estimate":335533.3505425585,"standard_error":1054.8660925056222},"std_dev":{"confidence_interval":{"confidence_level":0.95,"lower_bound":2511.234248536944,"upper_bound":5127.162882767349},"point_estimate":3969.891645061638,"standard_error":679.0488852793098}}