{"mean":{"confidence_interval":{"confidence_level":0.95,"lower_bound":-0.16665330320322866,"upper_bound":0.23698720367879397},"point_estimate":0.04286307456879079,"standard_error":0.1094657340182564},"median":{"confidence_interval":{"confidence_level":0.95,"lower_bound":0.04289296595798775,"upper_bound":0.28701705916242104},"point_estimate":0.22158945646060224,"standard_error":0.06500513494139828}}