{"mean":{"confidence_interval":{"confidence_level":0.95,"lower_bound":781115435.09875,"upper_bound":793669985.5387499},"point_estimate":785884393.45,"standard_error":3471409.6847983445},"median":{"confidence_interval":{"confidence_level":0.95,"lower_bound":779720650.0,"upper_bound":783026696.5},"point_estimate":780834292.5,"standard_error":1010004.5217570239},"median_abs_dev":{"confidence_interval":{"confidence_level":0.95,"lower_bound":390348.5579699278,"upper_bound":4951663.745990396},"point_estimate":1973023.2885718346,"standard_error":1300242.2978408914},"slope":null,"std_dev":{"confidence_interval":{"confidence_level":0.95,"lower_bound":2143571.2420079634,"upper_bound":25655564.42810006},"point_estimate":15910627.481678247,"standard_error":7619158.3930834755}}