{"mean":{"confidence_interval":{"confidence_level":0.95,"lower_bound":-0.3238378502111352,"upper_bound":0.0757054553482585},"point_estimate":-0.11204662707538493,"standard_error":0.11667392822753503},"median":{"confidence_interval":{"confidence_level":0.95,"lower_bound":-0.038042470067341516,"upper_bound":0.07871888105389102},"point_estimate":0.03745949361069023,"standard_error":0.03977647907583699}}