{"mean":{"confidence_interval":{"confidence_level":0.95,"lower_bound":242131.17750000002,"upper_bound":246603.41},"point_estimate":244227.2,"standard_error":1148.933224482118},"median":{"confidence_interval":{"confidence_level":0.95,"lower_bound":241572.5,"upper_bound":246174.5},"point_estimate":243781.0,"standard_error":970.3817773889265},"median_abs_dev":{"confidence_interval":{"confidence_level":0.95,"lower_bound":170.49899697303772,"upper_bound":6441.896885633469},"point_estimate":2433.6878567934036,"standard_error":1770.751784468503},"slope":null,"std_dev":{"confidence_interval":{"confidence_level":0.95,"lower_bound":1682.2417385196602,"upper_bound":5112.844744149559},"point_estimate":3834.3369352905506,"standard_error":920.6137082198774}}