{"mean":{"confidence_interval":{"confidence_level":0.95,"lower_bound":57425.1,"upper_bound":58106.25},"point_estimate":57738.05,"standard_error":175.00768291832418},"median":{"confidence_interval":{"confidence_level":0.95,"lower_bound":57326.0,"upper_bound":58090.5},"point_estimate":57604.75,"standard_error":161.3268078190144},"median_abs_dev":{"confidence_interval":{"confidence_level":0.95,"lower_bound":66.7169988155365,"upper_bound":959.9834829568863},"point_estimate":365.46089351177216,"standard_error":228.73420912057355},"slope":null,"std_dev":{"confidence_interval":{"confidence_level":0.95,"lower_bound":235.23719816283875,"upper_bound":772.4019094005441},"point_estimate":582.5275601491601,"standard_error":144.27065743993992}}