{"mean":{"confidence_interval":{"confidence_level":0.95,"lower_bound":-0.18775587814698316,"upper_bound":0.2894796064772304},"point_estimate":0.04200540795235841,"standard_error":0.12575984780022825},"median":{"confidence_interval":{"confidence_level":0.95,"lower_bound":-0.023147051157500598,"upper_bound":0.3071558442149256},"point_estimate":0.09079425639968042,"standard_error":0.08694074817994187}}