{"mean":{"confidence_interval":{"confidence_level":0.95,"lower_bound":-0.24308881142333047,"upper_bound":0.3858519967729787},"point_estimate":0.04760764768479531,"standard_error":0.16857028864020068},"median":{"confidence_interval":{"confidence_level":0.95,"lower_bound":0.016485115168617615,"upper_bound":0.3486700055648302},"point_estimate":0.22043038464016496,"standard_error":0.0863011948528767}}