{"mean":{"confidence_interval":{"confidence_level":0.95,"lower_bound":-0.08265189734951776,"upper_bound":-0.0641191163448052},"point_estimate":-0.07343770092844637,"standard_error":0.004820282924301172},"median":{"confidence_interval":{"confidence_level":0.95,"lower_bound":-0.08860231201486157,"upper_bound":-0.07297221498125439},"point_estimate":-0.079923238188227,"standard_error":0.0036985708801009786}}