{"mean":{"confidence_interval":{"confidence_level":0.95,"lower_bound":-0.0591243329159259,"upper_bound":0.28178263614527643},"point_estimate":0.07686770242203678,"standard_error":0.08997303678087376},"median":{"confidence_interval":{"confidence_level":0.95,"lower_bound":-0.09273981501531225,"upper_bound":0.10484862352392232},"point_estimate":-0.010782457976190707,"standard_error":0.05481287599718887}}