{"mean":{"confidence_interval":{"confidence_level":0.95,"lower_bound":-0.23552433272093073,"upper_bound":0.2506440278778735},"point_estimate":-0.06163226455343929,"standard_error":0.14054775293437585},"median":{"confidence_interval":{"confidence_level":0.95,"lower_bound":-0.24267570624294776,"upper_bound":-0.13292328784665852},"point_estimate":-0.2289790848083313,"standard_error":0.024478843030561828}}