{"mean":{"confidence_interval":{"confidence_level":0.95,"lower_bound":1246535.1613643095,"upper_bound":1317262.3613674971},"point_estimate":1278159.9294065614,"standard_error":18063.501689967223},"median":{"confidence_interval":{"confidence_level":0.95,"lower_bound":1257610.0986842106,"upper_bound":1294196.4539473685},"point_estimate":1273050.5796860573,"standard_error":9676.819041207105},"median_abs_dev":{"confidence_interval":{"confidence_level":0.95,"lower_bound":18016.34029330387,"upper_bound":67929.43265927465},"point_estimate":34639.50480081545,"standard_error":12886.5973099354},"slope":{"confidence_interval":{"confidence_level":0.95,"lower_bound":1247079.4561117056,"upper_bound":1338581.6225556114},"point_estimate":1284752.7255822483,"standard_error":23565.572221981198},"std_dev":{"confidence_interval":{"confidence_level":0.95,"lower_bound":34413.40945071496,"upper_bound":124402.16278098049},"point_estimate":82883.4029849026,"standard_error":25560.711536382518}}