{"mean":{"confidence_interval":{"confidence_level":0.95,"lower_bound":340804.8175,"upper_bound":403616.4025},"point_estimate":366939.5,"standard_error":16466.0483979546},"median":{"confidence_interval":{"confidence_level":0.95,"lower_bound":331758.0,"upper_bound":378035.0},"point_estimate":354886.0,"standard_error":13634.762291509503},"median_abs_dev":{"confidence_interval":{"confidence_level":0.95,"lower_bound":8004.557257890701,"upper_bound":58816.2235558033},"point_estimate":32873.68921637535,"standard_error":12289.293123975902},"slope":null,"std_dev":{"confidence_interval":{"confidence_level":0.95,"lower_bound":17096.890695457478,"upper_bound":81025.64061689224},"point_estimate":54668.57524158138,"standard_error":20406.728143395358}}