{"mean":{"confidence_interval":{"confidence_level":0.95,"lower_bound":95269.95,"upper_bound":174695.76749999996},"point_estimate":123767.0,"standard_error":23461.65760427688},"median":{"confidence_interval":{"confidence_level":0.95,"lower_bound":92007.0,"upper_bound":111920.75},"point_estimate":97905.5,"standard_error":7254.137451210046},"median_abs_dev":{"confidence_interval":{"confidence_level":0.95,"lower_bound":96.36899828910828,"upper_bound":18766.00916683674},"point_estimate":8751.78764462471,"standard_error":8371.380066003672},"slope":null,"std_dev":{"confidence_interval":{"confidence_level":0.95,"lower_bound":4198.301739022892,"upper_bound":120039.98799827586},"point_estimate":78113.77581984713,"standard_error":41022.285149666866}}