{"mean":{"confidence_interval":{"confidence_level":0.95,"lower_bound":13394085372.5175,"upper_bound":13614008990.8375},"point_estimate":13494732942.0,"standard_error":56408347.12360021},"median":{"confidence_interval":{"confidence_level":0.95,"lower_bound":13342493192.0,"upper_bound":13505660620.0},"point_estimate":13385415441.0,"standard_error":46543781.76813507},"median_abs_dev":{"confidence_interval":{"confidence_level":0.95,"lower_bound":57798006.511080265,"upper_bound":270388408.88454616},"point_estimate":121716187.19610572,"standard_error":51563157.75317351},"slope":null,"std_dev":{"confidence_interval":{"confidence_level":0.95,"lower_bound":112021742.74661776,"upper_bound":332316222.248745},"point_estimate":257999475.94681486,"standard_error":53465443.31521194}}