{"mean":{"confidence_interval":{"confidence_level":0.95,"lower_bound":-0.39270246876671927,"upper_bound":-0.10564858159999281},"point_estimate":-0.2704297835730193,"standard_error":0.07375465001273059},"median":{"confidence_interval":{"confidence_level":0.95,"lower_bound":-0.4644893452838562,"upper_bound":0.017875267509969817},"point_estimate":-0.2602746811449025,"standard_error":0.17088516089292197}}