{"mean":{"confidence_interval":{"confidence_level":0.95,"lower_bound":-0.17608226918107137,"upper_bound":-0.14852136717065803},"point_estimate":-0.16384766657413574,"standard_error":0.007124093199050964},"median":{"confidence_interval":{"confidence_level":0.95,"lower_bound":-0.1811186156498632,"upper_bound":-0.16260081889358136},"point_estimate":-0.1727303177236187,"standard_error":0.005277379896271462}}