{"mean":{"confidence_interval":{"confidence_level":0.95,"lower_bound":6204020.138570231,"upper_bound":6328391.0911521055},"point_estimate":6267365.970276433,"standard_error":31789.90306659396},"median":{"confidence_interval":{"confidence_level":0.95,"lower_bound":6181667.811931819,"upper_bound":6368616.075892857},"point_estimate":6261001.395833334,"standard_error":56794.625216444365},"median_abs_dev":{"confidence_interval":{"confidence_level":0.95,"lower_bound":78161.1244723623,"upper_bound":222641.4801715545},"point_estimate":165314.57652132958,"standard_error":36996.706000620754},"slope":{"confidence_interval":{"confidence_level":0.95,"lower_bound":6195044.408200635,"upper_bound":6296894.911951322},"point_estimate":6242114.392682927,"standard_error":25905.63283831871},"std_dev":{"confidence_interval":{"confidence_level":0.95,"lower_bound":104726.58943633412,"upper_bound":176056.43250659565},"point_estimate":145332.18408746592,"standard_error":18365.861717691812}}