{"mean":{"confidence_interval":{"confidence_level":0.95,"lower_bound":0.19627430476644794,"upper_bound":0.4139500522684147},"point_estimate":0.29795723513118433,"standard_error":0.05365571533655415},"median":{"confidence_interval":{"confidence_level":0.95,"lower_bound":0.16115733751827266,"upper_bound":0.40552425651962176},"point_estimate":0.24754470220685998,"standard_error":0.06336726738826767}}