{"mean":{"confidence_interval":{"confidence_level":0.95,"lower_bound":257145.7825,"upper_bound":340419.24499999994},"point_estimate":294942.2,"standard_error":21491.1576644236},"median":{"confidence_interval":{"confidence_level":0.95,"lower_bound":243128.0,"upper_bound":331859.0},"point_estimate":284134.5,"standard_error":18308.07650061665},"median_abs_dev":{"confidence_interval":{"confidence_level":0.95,"lower_bound":8382.620251178741,"upper_bound":111175.72422623634},"point_estimate":35520.13016939163,"standard_error":28172.25395778243},"slope":null,"std_dev":{"confidence_interval":{"confidence_level":0.95,"lower_bound":27214.234370221897,"upper_bound":98207.96375998738},"point_estimate":71727.40146446436,"standard_error":19728.095768201136}}