{"mean":{"confidence_interval":{"confidence_level":0.95,"lower_bound":799574348.965,"upper_bound":905820980.1825},"point_estimate":843837511.2,"standard_error":26749769.545734122},"median":{"confidence_interval":{"confidence_level":0.95,"lower_bound":793250161.0,"upper_bound":910276380.0},"point_estimate":804393123.5,"standard_error":24025395.725851446},"median_abs_dev":{"confidence_interval":{"confidence_level":0.95,"lower_bound":850650.6304979324,"upper_bound":143970685.9014094},"point_estimate":16945881.22445047,"standard_error":22792964.009003974},"slope":null,"std_dev":{"confidence_interval":{"confidence_level":0.95,"lower_bound":6784290.48180596,"upper_bound":111111342.55490847},"point_estimate":89237156.2955583,"standard_error":28853585.84323775}}