{"mean":{"confidence_interval":{"confidence_level":0.95,"lower_bound":77579.99625,"upper_bound":78504.10250000001},"point_estimate":77995.4,"standard_error":238.17625157884103},"median":{"confidence_interval":{"confidence_level":0.95,"lower_bound":77423.0,"upper_bound":78542.0},"point_estimate":77744.75,"standard_error":255.32339298786292},"median_abs_dev":{"confidence_interval":{"confidence_level":0.95,"lower_bound":73.7593486905098,"upper_bound":1017.063581943512},"point_estimate":413.27474266290665,"standard_error":269.2399985033546},"slope":null,"std_dev":{"confidence_interval":{"confidence_level":0.95,"lower_bound":233.6014471511491,"upper_bound":1031.1683718535548},"point_estimate":792.7638292006574,"standard_error":213.85438810128565}}