{"mean":{"confidence_interval":{"confidence_level":0.95,"lower_bound":-0.09571069519471341,"upper_bound":-0.07361483027481662},"point_estimate":-0.08322618348755706,"standard_error":0.005745793211997159},"median":{"confidence_interval":{"confidence_level":0.95,"lower_bound":-0.08546504491137807,"upper_bound":-0.07258382678296194},"point_estimate":-0.07917246332908268,"standard_error":0.0036319106109839595}}