{"mean":{"confidence_interval":{"confidence_level":0.95,"lower_bound":0.06873486319466537,"upper_bound":0.30914002705937316},"point_estimate":0.177386867903228,"standard_error":0.06529580956682703},"median":{"confidence_interval":{"confidence_level":0.95,"lower_bound":0.029140504911028264,"upper_bound":0.3354288699671657},"point_estimate":0.10055517071416209,"standard_error":0.07648078582742768}}