{"mean":{"confidence_interval":{"confidence_level":0.95,"lower_bound":337637.7,"upper_bound":395197.2375},"point_estimate":365593.2,"standard_error":14736.080835069537},"median":{"confidence_interval":{"confidence_level":0.95,"lower_bound":322625.5,"upper_bound":403250.5},"point_estimate":358524.5,"standard_error":22858.811699263457},"median_abs_dev":{"confidence_interval":{"confidence_level":0.95,"lower_bound":15181.82373046875,"upper_bound":84307.30620324612},"point_estimate":56674.60789382458,"standard_error":17412.06125695155},"slope":null,"std_dev":{"confidence_interval":{"confidence_level":0.95,"lower_bound":28708.196186427598,"upper_bound":60892.09754822695},"point_estimate":49217.022285203544,"standard_error":8339.84688577911}}