{"mean":{"confidence_interval":{"confidence_level":0.95,"lower_bound":353176.825,"upper_bound":418801.0},"point_estimate":386174.3,"standard_error":16797.87372631509},"median":{"confidence_interval":{"confidence_level":0.95,"lower_bound":328930.0,"upper_bound":430981.5},"point_estimate":402812.5,"standard_error":31500.18838521494},"median_abs_dev":{"confidence_interval":{"confidence_level":0.95,"lower_bound":2828.8007497787476,"upper_bound":90172.47169911861},"point_estimate":82453.31493616104,"standard_error":25382.529392352186},"slope":null,"std_dev":{"confidence_interval":{"confidence_level":0.95,"lower_bound":37195.949740939046,"upper_bound":65377.626175228914},"point_estimate":55981.404055374594,"standard_error":7386.738650669011}}