{"mean":{"confidence_interval":{"confidence_level":0.95,"lower_bound":130369.1925,"upper_bound":143401.6},"point_estimate":135445.3,"standard_error":3585.9838350665377},"median":{"confidence_interval":{"confidence_level":0.95,"lower_bound":129377.0,"upper_bound":136389.5},"point_estimate":130643.5,"standard_error":2089.38680640475},"median_abs_dev":{"confidence_interval":{"confidence_level":0.95,"lower_bound":286.14179491996765,"upper_bound":7884.466660022736},"point_estimate":2684.9885523319244,"standard_error":2297.456025617878},"slope":null,"std_dev":{"confidence_interval":{"confidence_level":0.95,"lower_bound":1910.7487305009813,"upper_bound":18159.17361555861},"point_estimate":11940.249634929934,"standard_error":5357.265526028311}}