{"mean":{"confidence_interval":{"confidence_level":0.95,"lower_bound":95827.97750000001,"upper_bound":108995.00749999999},"point_estimate":102653.2,"standard_error":3353.008324930831},"median":{"confidence_interval":{"confidence_level":0.95,"lower_bound":95191.5,"upper_bound":109022.0},"point_estimate":105306.0,"standard_error":3580.7587161705933},"median_abs_dev":{"confidence_interval":{"confidence_level":0.95,"lower_bound":2022.2663640975952,"upper_bound":18894.254064559937},"point_estimate":6020.838493108749,"standard_error":4703.34541085682},"slope":null,"std_dev":{"confidence_interval":{"confidence_level":0.95,"lower_bound":5037.329248277856,"upper_bound":14693.129286084795},"point_estimate":11174.161900463845,"standard_error":2434.6904801473397}}