{"mean":{"confidence_interval":{"confidence_level":0.95,"lower_bound":-0.13524560296885244,"upper_bound":0.056067830581708576},"point_estimate":-0.0491411332824665,"standard_error":0.049510168817216815},"median":{"confidence_interval":{"confidence_level":0.95,"lower_bound":-0.19082544174627702,"upper_bound":0.054016128344512415},"point_estimate":-0.02723050890808454,"standard_error":0.07320839171405798}}