{"mean":{"confidence_interval":{"confidence_level":0.95,"lower_bound":-0.10937600333556302,"upper_bound":-0.06569074334795423},"point_estimate":-0.0849642654482271,"standard_error":0.011409596728702674},"median":{"confidence_interval":{"confidence_level":0.95,"lower_bound":-0.10615309366266179,"upper_bound":-0.06759093398823057},"point_estimate":-0.07644962256583943,"standard_error":0.007402401750427492}}