{"mean":{"confidence_interval":{"confidence_level":0.95,"lower_bound":-0.33992799171887805,"upper_bound":0.11606067011106068},"point_estimate":-0.13661981462769324,"standard_error":0.11819989238238056},"median":{"confidence_interval":{"confidence_level":0.95,"lower_bound":-0.19494584705071652,"upper_bound":0.09681918014984725},"point_estimate":-0.12221207421995162,"standard_error":0.07934577845709828}}