{"mean":{"confidence_interval":{"confidence_level":0.95,"lower_bound":0.06005124416687304,"upper_bound":0.09249791312744736},"point_estimate":0.0759049950445112,"standard_error":0.00847147068560014},"median":{"confidence_interval":{"confidence_level":0.95,"lower_bound":0.051347129646964085,"upper_bound":0.0744536286555666},"point_estimate":0.06278676467070166,"standard_error":0.006456790523419786}}