{"mean":{"confidence_interval":{"confidence_level":0.95,"lower_bound":1510565.365326215,"upper_bound":1532725.746076553},"point_estimate":1519821.959068878,"standard_error":5777.326581413057},"median":{"confidence_interval":{"confidence_level":0.95,"lower_bound":1508920.436607143,"upper_bound":1515113.392361111},"point_estimate":1513986.5734375,"standard_error":1921.6606559159907},"median_abs_dev":{"confidence_interval":{"confidence_level":0.95,"lower_bound":1337.6580065403114,"upper_bound":9150.641513444563},"point_estimate":5076.547404248406,"standard_error":2078.418421649943},"slope":{"confidence_interval":{"confidence_level":0.95,"lower_bound":1509683.2273326758,"upper_bound":1513804.4556652438},"point_estimate":1511776.3786367595,"standard_error":1059.0829642354856},"std_dev":{"confidence_interval":{"confidence_level":0.95,"lower_bound":3721.6115300860192,"upper_bound":38078.53841143918},"point_estimate":26468.803113486156,"standard_error":9364.493620989257}}