{"mean":{"confidence_interval":{"confidence_level":0.95,"lower_bound":0.6939182236754526,"upper_bound":0.7875246668730165},"point_estimate":0.7345311246229898,"standard_error":0.023079696999787378},"median":{"confidence_interval":{"confidence_level":0.95,"lower_bound":0.6715673579294505,"upper_bound":0.7559011800954168},"point_estimate":0.698602740959859,"standard_error":0.02090041184998741}}