{"mean":{"confidence_interval":{"confidence_level":0.95,"lower_bound":333368.7375,"upper_bound":431242.0},"point_estimate":378828.0,"standard_error":25164.354544128993},"median":{"confidence_interval":{"confidence_level":0.95,"lower_bound":310871.0,"upper_bound":447764.0},"point_estimate":333924.5,"standard_error":39055.51601339466},"median_abs_dev":{"confidence_interval":{"confidence_level":0.95,"lower_bound":4748.76771569252,"upper_bound":144172.46924042702},"point_estimate":42374.93114769459,"standard_error":37679.24306328134},"slope":null,"std_dev":{"confidence_interval":{"confidence_level":0.95,"lower_bound":41104.4472619583,"upper_bound":106202.46457689417},"point_estimate":83816.27824394655,"standard_error":17078.94259503416}}