{"mean":{"confidence_interval":{"confidence_level":0.95,"lower_bound":208477.37,"upper_bound":253453.62},"point_estimate":225198.0,"standard_error":12809.525211436612},"median":{"confidence_interval":{"confidence_level":0.95,"lower_bound":207058.0,"upper_bound":222639.5},"point_estimate":211571.0,"standard_error":4161.608209586149},"median_abs_dev":{"confidence_interval":{"confidence_level":0.95,"lower_bound":1310.6183767318726,"upper_bound":18461.33487224579},"point_estimate":5441.88320338726,"standard_error":5377.891650754775},"slope":null,"std_dev":{"confidence_interval":{"confidence_level":0.95,"lower_bound":3168.7612422880625,"upper_bound":65592.8904810236},"point_estimate":42808.40384524723,"standard_error":21030.063081867833}}