{"mean":{"confidence_interval":{"confidence_level":0.95,"lower_bound":-0.17680152848613764,"upper_bound":-0.09882833283964697},"point_estimate":-0.14815064353062102,"standard_error":0.022838515575354473},"median":{"confidence_interval":{"confidence_level":0.95,"lower_bound":-0.17623799059689294,"upper_bound":-0.1560533983085809},"point_estimate":-0.16903875629516096,"standard_error":0.004224085077500351}}