{"mean":{"confidence_interval":{"confidence_level":0.95,"lower_bound":489426.6575545931,"upper_bound":493587.85650347674},"point_estimate":491477.60319195327,"standard_error":1068.4853992761687},"median":{"confidence_interval":{"confidence_level":0.95,"lower_bound":488120.81494169094,"upper_bound":494310.31332533015},"point_estimate":490590.4724489796,"standard_error":1672.9717184334038},"median_abs_dev":{"confidence_interval":{"confidence_level":0.95,"lower_bound":2739.6578545616717,"upper_bound":8208.818687121504},"point_estimate":5655.394619239529,"standard_error":1405.5697412040183},"slope":{"confidence_interval":{"confidence_level":0.95,"lower_bound":487229.28260841896,"upper_bound":491420.9830866219},"point_estimate":489030.99356467323,"standard_error":1072.003263039077},"std_dev":{"confidence_interval":{"confidence_level":0.95,"lower_bound":3671.154663064828,"upper_bound":5713.862119097131},"point_estimate":4912.356511074918,"standard_error":519.3478669081777}}