{"mean":{"confidence_interval":{"confidence_level":0.95,"lower_bound":199757206.013125,"upper_bound":205208308.01250002},"point_estimate":202408991.2,"standard_error":1395945.462930368},"median":{"confidence_interval":{"confidence_level":0.95,"lower_bound":197651274.75,"upper_bound":204211321.0},"point_estimate":201629243.25,"standard_error":1552622.823588769},"median_abs_dev":{"confidence_interval":{"confidence_level":0.95,"lower_bound":2360615.693190694,"upper_bound":10621913.305923343},"point_estimate":6835460.832296312,"standard_error":2054761.8178764132},"slope":null,"std_dev":{"confidence_interval":{"confidence_level":0.95,"lower_bound":4424955.872396075,"upper_bound":7635886.848895789},"point_estimate":6397786.788832097,"standard_error":815803.665763071}}