{"mean":{"confidence_interval":{"confidence_level":0.95,"lower_bound":142070.6,"upper_bound":153756.105},"point_estimate":147169.2,"standard_error":3022.96741715277},"median":{"confidence_interval":{"confidence_level":0.95,"lower_bound":141001.0,"upper_bound":152241.0},"point_estimate":141935.5,"standard_error":2848.31765152755},"median_abs_dev":{"confidence_interval":{"confidence_level":0.95,"lower_bound":84.50819849967957,"upper_bound":13109.148967266083},"point_estimate":1481.1173737049103,"standard_error":3462.6743950568584},"slope":null,"std_dev":{"confidence_interval":{"confidence_level":0.95,"lower_bound":1895.5606813322568,"upper_bound":13849.316325283995},"point_estimate":10067.219099632233,"standard_error":3187.241813116085}}