{"mean":{"confidence_interval":{"confidence_level":0.95,"lower_bound":0.11628429480057198,"upper_bound":0.3584449278901929},"point_estimate":0.24663535017269989,"standard_error":0.06320733576025495},"median":{"confidence_interval":{"confidence_level":0.95,"lower_bound":0.12130682909321111,"upper_bound":0.38804645321047393},"point_estimate":0.34409714424899174,"standard_error":0.06572836482902221}}