{"mean":{"confidence_interval":{"confidence_level":0.95,"lower_bound":-0.014973919513304712,"upper_bound":0.07750185402387247},"point_estimate":0.03281807710984297,"standard_error":0.023542602402621668},"median":{"confidence_interval":{"confidence_level":0.95,"lower_bound":-0.042586665095597276,"upper_bound":0.07419480082738761},"point_estimate":-0.005494339050165387,"standard_error":0.03182621413656453}}