{"mean":{"confidence_interval":{"confidence_level":0.95,"lower_bound":-0.3614403444214162,"upper_bound":0.18203367060272804},"point_estimate":-0.11370810500704842,"standard_error":0.13862775416223222},"median":{"confidence_interval":{"confidence_level":0.95,"lower_bound":-0.09924873446004845,"upper_bound":0.02187512354173693},"point_estimate":-0.012019947343014703,"standard_error":0.043302896012383484}}