{"mean":{"confidence_interval":{"confidence_level":0.95,"lower_bound":270483.78,"upper_bound":350794.2},"point_estimate":308312.7,"standard_error":20660.682356857902},"median":{"confidence_interval":{"confidence_level":0.95,"lower_bound":253804.0,"upper_bound":370685.0},"point_estimate":279520.5,"standard_error":28165.074059706036},"median_abs_dev":{"confidence_interval":{"confidence_level":0.95,"lower_bound":10453.81241440773,"upper_bound":118482.71819651127},"point_estimate":54566.350731253624,"standard_error":27474.79918918024},"slope":null,"std_dev":{"confidence_interval":{"confidence_level":0.95,"lower_bound":29458.845320750796,"upper_bound":84857.93420209356},"point_estimate":69050.57997833504,"standard_error":14098.542705519552}}