{"mean":{"confidence_interval":{"confidence_level":0.95,"lower_bound":-0.392392851413166,"upper_bound":0.07158241740899654},"point_estimate":-0.170924254945093,"standard_error":0.12331623007881398},"median":{"confidence_interval":{"confidence_level":0.95,"lower_bound":-0.19907666264843926,"upper_bound":0.037028471541223684},"point_estimate":-0.11700723584256034,"standard_error":0.07300336978039063}}