{"mean":{"confidence_interval":{"confidence_level":0.95,"lower_bound":95089.9,"upper_bound":105222.5},"point_estimate":99816.7,"standard_error":2606.366721110317},"median":{"confidence_interval":{"confidence_level":0.95,"lower_bound":92412.5,"upper_bound":105976.5},"point_estimate":97391.25,"standard_error":3698.77661801735},"median_abs_dev":{"confidence_interval":{"confidence_level":0.95,"lower_bound":405.49109280109406,"upper_bound":14732.595938444138},"point_estimate":7584.240165352821,"standard_error":3744.8231962879604},"slope":null,"std_dev":{"confidence_interval":{"confidence_level":0.95,"lower_bound":3730.848058194455,"upper_bound":11268.001083047},"point_estimate":8659.227535474,"standard_error":1948.9800426286688}}