{"mean":{"confidence_interval":{"confidence_level":0.95,"lower_bound":223473.2225,"upper_bound":278401.88999999996},"point_estimate":245215.9,"standard_error":14936.383814020386},"median":{"confidence_interval":{"confidence_level":0.95,"lower_bound":219182.0,"upper_bound":250979.0},"point_estimate":225245.5,"standard_error":10436.811140096172},"median_abs_dev":{"confidence_interval":{"confidence_level":0.95,"lower_bound":2939.2544478178024,"upper_bound":41314.8721665144},"point_estimate":15659.962221980095,"standard_error":10357.896715962548},"slope":null,"std_dev":{"confidence_interval":{"confidence_level":0.95,"lower_bound":10792.86035405917,"upper_bound":75360.07959518094},"point_estimate":49715.16023742992,"standard_error":21530.88156007586}}