{"mean":{"confidence_interval":{"confidence_level":0.95,"lower_bound":-0.14719252615118977,"upper_bound":-0.11812687271516477},"point_estimate":-0.1326185576493082,"standard_error":0.007669558510197407},"median":{"confidence_interval":{"confidence_level":0.95,"lower_bound":-0.153120603502644,"upper_bound":-0.12341327725658324},"point_estimate":-0.14404891951104903,"standard_error":0.007715617499009629}}