{"mean":{"confidence_interval":{"confidence_level":0.95,"lower_bound":0.2828655343734115,"upper_bound":0.4451666198248863},"point_estimate":0.3592600206174348,"standard_error":0.041169351286659585},"median":{"confidence_interval":{"confidence_level":0.95,"lower_bound":0.2826380810713318,"upper_bound":0.44439096698274483},"point_estimate":0.3915073238526283,"standard_error":0.03558303796348012}}