{"mean":{"confidence_interval":{"confidence_level":0.95,"lower_bound":-0.17883928534871987,"upper_bound":-0.1578330200854937},"point_estimate":-0.1689843249457379,"standard_error":0.005302386695809419},"median":{"confidence_interval":{"confidence_level":0.95,"lower_bound":-0.1816807979082311,"upper_bound":-0.1486121644168057},"point_estimate":-0.1745819611079339,"standard_error":0.008226456161474723}}