{"mean":{"confidence_interval":{"confidence_level":0.95,"lower_bound":0.11029209816599277,"upper_bound":0.18073196980681738},"point_estimate":0.14488536976976185,"standard_error":0.01774729414579384},"median":{"confidence_interval":{"confidence_level":0.95,"lower_bound":0.09183948186209645,"upper_bound":0.1958619338631553},"point_estimate":0.15891779564337272,"standard_error":0.02309280970180472}}