{"mean":{"confidence_interval":{"confidence_level":0.95,"lower_bound":0.054315976102643646,"upper_bound":0.06219411060098179},"point_estimate":0.05818032478065849,"standard_error":0.002015830671178053},"median":{"confidence_interval":{"confidence_level":0.95,"lower_bound":0.05357820818556247,"upper_bound":0.06239645721024911},"point_estimate":0.05812186496475169,"standard_error":0.002255650638853767}}