{"mean":{"confidence_interval":{"confidence_level":0.95,"lower_bound":-0.15136759548100423,"upper_bound":0.41550139073010206},"point_estimate":0.12987294859696363,"standard_error":0.15159669103998402},"median":{"confidence_interval":{"confidence_level":0.95,"lower_bound":0.001806848352852386,"upper_bound":0.47067598598749605},"point_estimate":0.28984523910491333,"standard_error":0.12237876033969895}}