{"mean":{"confidence_interval":{"confidence_level":0.95,"lower_bound":256264.1,"upper_bound":269570.1},"point_estimate":262445.8,"standard_error":3416.3910055980355},"median":{"confidence_interval":{"confidence_level":0.95,"lower_bound":253953.0,"upper_bound":270345.5},"point_estimate":258423.5,"standard_error":3831.7563298284167},"median_abs_dev":{"confidence_interval":{"confidence_level":0.95,"lower_bound":1267.6229774951935,"upper_bound":18951.334163546562},"point_estimate":9238.080435991287,"standard_error":4377.980496308612},"slope":null,"std_dev":{"confidence_interval":{"confidence_level":0.95,"lower_bound":4598.421659732764,"upper_bound":14672.583791623827},"point_estimate":11389.610556214036,"standard_error":2599.042136279889}}