{"mean":{"confidence_interval":{"confidence_level":0.95,"lower_bound":460110.5,"upper_bound":521593.8},"point_estimate":484345.1,"standard_error":16787.224555816247},"median":{"confidence_interval":{"confidence_level":0.95,"lower_bound":456089.5,"upper_bound":490768.5},"point_estimate":463140.0,"standard_error":9105.778809066858},"median_abs_dev":{"confidence_interval":{"confidence_level":0.95,"lower_bound":3255.789542198181,"upper_bound":40967.94377267361},"point_estimate":13797.075355052948,"standard_error":10383.674129250154},"slope":null,"std_dev":{"confidence_interval":{"confidence_level":0.95,"lower_bound":7849.844287910712,"upper_bound":84441.49080714607},"point_estimate":55957.85164935401,"standard_error":24328.25821848195}}