{"mean":{"confidence_interval":{"confidence_level":0.95,"lower_bound":-0.28151834029944095,"upper_bound":0.18727826119853574},"point_estimate":-0.0745234570494886,"standard_error":0.1210644701517471},"median":{"confidence_interval":{"confidence_level":0.95,"lower_bound":-0.2546211463382949,"upper_bound":0.2894014391221602},"point_estimate":0.11793425834568372,"standard_error":0.12298565592113732}}