{"mean":{"confidence_interval":{"confidence_level":0.95,"lower_bound":-0.24033717041495634,"upper_bound":0.13793918952486175},"point_estimate":-0.06162508324016236,"standard_error":0.09851243773873496},"median":{"confidence_interval":{"confidence_level":0.95,"lower_bound":-0.1454424661807393,"upper_bound":0.14305488759818963},"point_estimate":0.04394508555745458,"standard_error":0.06996354618267057}}