{"mean":{"confidence_interval":{"confidence_level":0.95,"lower_bound":392031.4850000001,"upper_bound":484763.89499999996},"point_estimate":433952.7,"standard_error":23848.605901992316},"median":{"confidence_interval":{"confidence_level":0.95,"lower_bound":382830.0,"upper_bound":463535.0},"point_estimate":422501.5,"standard_error":24655.690090782904},"median_abs_dev":{"confidence_interval":{"confidence_level":0.95,"lower_bound":9868.185424804688,"upper_bound":108879.91816699505},"point_estimate":55006.682923436165,"standard_error":24861.728230166576},"slope":null,"std_dev":{"confidence_interval":{"confidence_level":0.95,"lower_bound":32098.5165889502,"upper_bound":111827.9342575302},"point_estimate":79555.87228001044,"standard_error":23156.21796918467}}