{"mean":{"confidence_interval":{"confidence_level":0.95,"lower_bound":-0.1816766789372241,"upper_bound":0.21756093975516},"point_estimate":0.012920543059871559,"standard_error":0.10402580172898268},"median":{"confidence_interval":{"confidence_level":0.95,"lower_bound":-0.09599312651939784,"upper_bound":0.35718817997177976},"point_estimate":0.08997604176161755,"standard_error":0.11771788335669695}}