{"mean":{"confidence_interval":{"confidence_level":0.95,"lower_bound":-0.014967745399028986,"upper_bound":0.04114240697227674},"point_estimate":0.013165376946403073,"standard_error":0.01446104531632265},"median":{"confidence_interval":{"confidence_level":0.95,"lower_bound":-0.024513844833022436,"upper_bound":0.045015716431100694},"point_estimate":0.00381640841979336,"standard_error":0.01778750454923631}}