{"mean":{"confidence_interval":{"confidence_level":0.95,"lower_bound":-0.33601890613758834,"upper_bound":0.2236004149882993},"point_estimate":-0.07019101369829184,"standard_error":0.15248584103504195},"median":{"confidence_interval":{"confidence_level":0.95,"lower_bound":-0.052664694726141326,"upper_bound":0.2455290315660863},"point_estimate":-0.0172403780711311,"standard_error":0.08776658261452758}}