{"mean":{"confidence_interval":{"confidence_level":0.95,"lower_bound":-0.03144990051309673,"upper_bound":0.04233566129611867},"point_estimate":0.00291060686894129,"standard_error":0.018246109458658163},"median":{"confidence_interval":{"confidence_level":0.95,"lower_bound":-0.05895608852027012,"upper_bound":0.03790052470657268},"point_estimate":-0.0290543310716479,"standard_error":0.02518965255150468}}