{"mean":{"confidence_interval":{"confidence_level":0.95,"lower_bound":-0.14844188186796237,"upper_bound":-0.02729856346353165},"point_estimate":-0.08928276892758846,"standard_error":0.031609727378994784},"median":{"confidence_interval":{"confidence_level":0.95,"lower_bound":-0.16595096870556814,"upper_bound":-0.03706163463898471},"point_estimate":-0.12687943517884803,"standard_error":0.034475623252957714}}