{"mean":{"confidence_interval":{"confidence_level":0.95,"lower_bound":-0.10363609099271069,"upper_bound":-0.07088642275875022},"point_estimate":-0.0845094846521528,"standard_error":0.008805001627613352},"median":{"confidence_interval":{"confidence_level":0.95,"lower_bound":-0.09353014355005917,"upper_bound":-0.06977548957945323},"point_estimate":-0.07154302008090707,"standard_error":0.006303425219320175}}