{"mean":{"confidence_interval":{"confidence_level":0.95,"lower_bound":0.24124556585773252,"upper_bound":0.2679736416935565},"point_estimate":0.25368148482353026,"standard_error":0.00703079324612612},"median":{"confidence_interval":{"confidence_level":0.95,"lower_bound":0.23657654410770945,"upper_bound":0.26390952670138135},"point_estimate":0.2438657242903104,"standard_error":0.006857500762082659}}