{"mean":{"confidence_interval":{"confidence_level":0.95,"lower_bound":0.09234194696941822,"upper_bound":0.3984594087455513},"point_estimate":0.23776696502057293,"standard_error":0.08124452632568958},"median":{"confidence_interval":{"confidence_level":0.95,"lower_bound":-0.018954128956096494,"upper_bound":0.4480912686381757},"point_estimate":0.17055690887619868,"standard_error":0.13627501015920213}}