{"mean":{"confidence_interval":{"confidence_level":0.95,"lower_bound":-0.14675076446972443,"upper_bound":-0.10818398667178104},"point_estimate":-0.1295609580868955,"standard_error":0.009691590538692627},"median":{"confidence_interval":{"confidence_level":0.95,"lower_bound":-0.14654507576895714,"upper_bound":-0.10316322167759406},"point_estimate":-0.1371450383491093,"standard_error":0.010126084808196892}}