{"mean":{"confidence_interval":{"confidence_level":0.95,"lower_bound":-0.006937735738604104,"upper_bound":0.014543064221524201},"point_estimate":0.004510179690370153,"standard_error":0.0055223113244165355},"median":{"confidence_interval":{"confidence_level":0.95,"lower_bound":0.006910022506407376,"upper_bound":0.01698189698189556},"point_estimate":0.012198751187525891,"standard_error":0.0031343894302541305}}