{"mean":{"confidence_interval":{"confidence_level":0.95,"lower_bound":-0.31544850480896813,"upper_bound":0.34576105673519564},"point_estimate":-0.02085722085722075,"standard_error":0.1772089891500919},"median":{"confidence_interval":{"confidence_level":0.95,"lower_bound":-0.05591566645953927,"upper_bound":0.07775079792782913},"point_estimate":0.00434712748419086,"standard_error":0.07842840520298557}}