{"mean":{"confidence_interval":{"confidence_level":0.95,"lower_bound":-0.262167023142196,"upper_bound":0.5490954198722839},"point_estimate":0.07782954548305177,"standard_error":0.2094672143487691},"median":{"confidence_interval":{"confidence_level":0.95,"lower_bound":-0.1849317930184462,"upper_bound":0.7840782713394179},"point_estimate":0.11647181211290314,"standard_error":0.19534291420455033}}