{"mean":{"confidence_interval":{"confidence_level":0.95,"lower_bound":-0.5146420999519135,"upper_bound":-0.4807523295051091},"point_estimate":-0.4986151739328645,"standard_error":0.008640631841328123},"median":{"confidence_interval":{"confidence_level":0.95,"lower_bound":-0.5181067720535494,"upper_bound":-0.4857619709868972},"point_estimate":-0.5072932137226804,"standard_error":0.008446269026949721}}