{"mean":{"confidence_interval":{"confidence_level":0.95,"lower_bound":-0.17750593990668057,"upper_bound":-0.12122499671743431},"point_estimate":-0.1469060640456782,"standard_error":0.014514009881033301},"median":{"confidence_interval":{"confidence_level":0.95,"lower_bound":-0.16628259810546542,"upper_bound":-0.11030310007611088},"point_estimate":-0.14469661150512214,"standard_error":0.012479865133969734}}