{"mean":{"confidence_interval":{"confidence_level":0.95,"lower_bound":165077.8,"upper_bound":167205.305},"point_estimate":165993.9,"standard_error":552.8647510604173},"median":{"confidence_interval":{"confidence_level":0.95,"lower_bound":165011.0,"upper_bound":166466.0},"point_estimate":165535.5,"standard_error":457.30215522322317},"median_abs_dev":{"confidence_interval":{"confidence_level":0.95,"lower_bound":183.84239673614502,"upper_bound":2049.694463610649},"point_estimate":1131.9650799036026,"standard_error":495.9073201852845},"slope":null,"std_dev":{"confidence_interval":{"confidence_level":0.95,"lower_bound":567.884221376936,"upper_bound":2692.49401319875},"point_estimate":1841.8982629643556,"standard_error":652.1060147942369}}