{"mean":{"confidence_interval":{"confidence_level":0.95,"lower_bound":77503.9,"upper_bound":79344.25125},"point_estimate":78304.7,"standard_error":476.11938278636404},"median":{"confidence_interval":{"confidence_level":0.95,"lower_bound":77414.25,"upper_bound":78991.75},"point_estimate":77551.25,"standard_error":434.51558560836696},"median_abs_dev":{"confidence_interval":{"confidence_level":0.95,"lower_bound":62.26919889450073,"upper_bound":1972.9699149727821},"point_estimate":538.5544404387474,"standard_error":560.9015373614021},"slope":null,"std_dev":{"confidence_interval":{"confidence_level":0.95,"lower_bound":407.5063189694118,"upper_bound":2211.411177656069},"point_estimate":1582.3956381245353,"standard_error":496.8348869984564}}