{"mean":{"confidence_interval":{"confidence_level":0.95,"lower_bound":-0.10911344812173694,"upper_bound":-0.04537331704374907},"point_estimate":-0.07639578050473217,"standard_error":0.016440151752488603},"median":{"confidence_interval":{"confidence_level":0.95,"lower_bound":-0.11936514800498717,"upper_bound":-0.04219832037492521},"point_estimate":-0.09538708877166602,"standard_error":0.01999247386927223}}