{"mean":{"confidence_interval":{"confidence_level":0.95,"lower_bound":170628.20249999998,"upper_bound":192599.1025},"point_estimate":183031.4,"standard_error":5692.530652232534},"median":{"confidence_interval":{"confidence_level":0.95,"lower_bound":172124.0,"upper_bound":194171.5},"point_estimate":190108.5,"standard_error":5273.631263474749},"median_abs_dev":{"confidence_interval":{"confidence_level":0.95,"lower_bound":836.9276851415634,"upper_bound":26663.81922662258},"point_estimate":8009.005057811737,"standard_error":6662.350502743898},"slope":null,"std_dev":{"confidence_interval":{"confidence_level":0.95,"lower_bound":4787.53556066157,"upper_bound":26684.420490652577},"point_estimate":18952.376035151312,"standard_error":5884.692559076148}}