{"mean":{"confidence_interval":{"confidence_level":0.95,"lower_bound":-0.14315287688551964,"upper_bound":-0.04571400830370385},"point_estimate":-0.10045589289110646,"standard_error":0.025709274230057963},"median":{"confidence_interval":{"confidence_level":0.95,"lower_bound":-0.15790289806849278,"upper_bound":-0.04815677143965846},"point_estimate":-0.11770183233505926,"standard_error":0.030317798542100604}}