{"mean":{"confidence_interval":{"confidence_level":0.95,"lower_bound":15802754569.29375,"upper_bound":16195969985.31625},"point_estimate":16033745069.45,"standard_error":102523703.44252653},"median":{"confidence_interval":{"confidence_level":0.95,"lower_bound":16017121194.5,"upper_bound":16258345588.5},"point_estimate":16094802535.5,"standard_error":69684568.11108078},"median_abs_dev":{"confidence_interval":{"confidence_level":0.95,"lower_bound":66527777.54609585,"upper_bound":329055849.0851909},"point_estimate":208845800.36124587,"standard_error":69116214.87292613},"slope":null,"std_dev":{"confidence_interval":{"confidence_level":0.95,"lower_bound":140787669.67549905,"upper_bound":732492029.0500017},"point_estimate":469726618.81715775,"standard_error":180131193.01056862}}