{"mean":{"confidence_interval":{"confidence_level":0.95,"lower_bound":-0.3230275378308324,"upper_bound":0.3694300708130754},"point_estimate":-0.014007308881272662,"standard_error":0.17796322303658713},"median":{"confidence_interval":{"confidence_level":0.95,"lower_bound":0.008099297242556425,"upper_bound":0.21123486263260238},"point_estimate":0.11018176046481432,"standard_error":0.06530409105842824}}