{"mean":{"confidence_interval":{"confidence_level":0.95,"lower_bound":529122.3879971624,"upper_bound":536067.8716012955},"point_estimate":532398.5346363212,"standard_error":1776.858248115157},"median":{"confidence_interval":{"confidence_level":0.95,"lower_bound":529602.1668478261,"upper_bound":532612.5964407502},"point_estimate":531009.4639328064,"standard_error":972.6187700989715},"median_abs_dev":{"confidence_interval":{"confidence_level":0.95,"lower_bound":1633.8224851242373,"upper_bound":10383.382176567291},"point_estimate":3142.380236602909,"standard_error":2539.182655366944},"slope":{"confidence_interval":{"confidence_level":0.95,"lower_bound":529009.7911665664,"upper_bound":532841.6380188055},"point_estimate":530894.2161263445,"standard_error":972.2508970663066},"std_dev":{"confidence_interval":{"confidence_level":0.95,"lower_bound":4441.801038033554,"upper_bound":10592.677977719044},"point_estimate":8185.889057319874,"standard_error":1556.2309590666473}}