{"mean":{"confidence_interval":{"confidence_level":0.95,"lower_bound":-0.06988834064525355,"upper_bound":0.08080175901897645},"point_estimate":-0.012156613013021844,"standard_error":0.04092988683751841},"median":{"confidence_interval":{"confidence_level":0.95,"lower_bound":-0.08344762501157621,"upper_bound":0.00176667172687206},"point_estimate":-0.050852200738169984,"standard_error":0.0208348969503764}}