{"mean":{"confidence_interval":{"confidence_level":0.95,"lower_bound":-0.041886212115503835,"upper_bound":-0.014383587280015885},"point_estimate":-0.027794961436245602,"standard_error":0.007023820471995917},"median":{"confidence_interval":{"confidence_level":0.95,"lower_bound":-0.04041749704127684,"upper_bound":-0.02027823553697483},"point_estimate":-0.027578612522944024,"standard_error":0.005408975745602518}}