{"mean":{"confidence_interval":{"confidence_level":0.95,"lower_bound":-0.1100239738936976,"upper_bound":-0.012118187559301316},"point_estimate":-0.06425540554750098,"standard_error":0.025065622080250264},"median":{"confidence_interval":{"confidence_level":0.95,"lower_bound":-0.11666071143340151,"upper_bound":-0.027786903440621624},"point_estimate":-0.08420422046249709,"standard_error":0.022682978973250643}}