{"mean":{"confidence_interval":{"confidence_level":0.95,"lower_bound":-0.09433366549249948,"upper_bound":0.23792958860066465},"point_estimate":0.05368534134086911,"standard_error":0.08471376827158177},"median":{"confidence_interval":{"confidence_level":0.95,"lower_bound":-0.15536535703765086,"upper_bound":0.3067940836042784},"point_estimate":0.059458876624530976,"standard_error":0.11534977440601994}}