{"mean":{"confidence_interval":{"confidence_level":0.95,"lower_bound":207878.87,"upper_bound":222179.9075},"point_estimate":214623.7,"standard_error":3663.047462498832},"median":{"confidence_interval":{"confidence_level":0.95,"lower_bound":204509.5,"upper_bound":221295.0},"point_estimate":213418.5,"standard_error":4563.733475308789},"median_abs_dev":{"confidence_interval":{"confidence_level":0.95,"lower_bound":1684.233570098877,"upper_bound":21371.67862057686},"point_estimate":10206.218218803406,"standard_error":4823.872301267164},"slope":null,"std_dev":{"confidence_interval":{"confidence_level":0.95,"lower_bound":5863.81790357855,"upper_bound":16403.0371840846},"point_estimate":12214.341298017036,"standard_error":2863.119567768532}}