{"mean":{"confidence_interval":{"confidence_level":0.95,"lower_bound":219420774.295,"upper_bound":223172232.643125},"point_estimate":221253152.2,"standard_error":960679.7789006743},"median":{"confidence_interval":{"confidence_level":0.95,"lower_bound":218900968.0,"upper_bound":223113720.75},"point_estimate":220713519.75,"standard_error":1167857.6592896841},"median_abs_dev":{"confidence_interval":{"confidence_level":0.95,"lower_bound":1966850.8542314172,"upper_bound":7099768.748053908},"point_estimate":3947985.4472592473,"standard_error":1308612.5768626053},"slope":null,"std_dev":{"confidence_interval":{"confidence_level":0.95,"lower_bound":2968304.3905967623,"upper_bound":5417531.189606481},"point_estimate":4421095.957463379,"standard_error":625190.6828357568}}