{"mean":{"confidence_interval":{"confidence_level":0.95,"lower_bound":-0.164824013746519,"upper_bound":-0.11690181322520304},"point_estimate":-0.1420844214822784,"standard_error":0.01207158533252828},"median":{"confidence_interval":{"confidence_level":0.95,"lower_bound":-0.16717387481049262,"upper_bound":-0.11034319779911095},"point_estimate":-0.15036528798703197,"standard_error":0.013656790083805367}}