{"mean":{"confidence_interval":{"confidence_level":0.95,"lower_bound":-0.42111092110496506,"upper_bound":0.2540114885307998},"point_estimate":-0.1626159205852873,"standard_error":0.16813291126837926},"median":{"confidence_interval":{"confidence_level":0.95,"lower_bound":-0.4556127553526277,"upper_bound":0.06315448658649392},"point_estimate":0.017870728588309515,"standard_error":0.10308047529966054}}