{"mean":{"confidence_interval":{"confidence_level":0.95,"lower_bound":347291.115,"upper_bound":413089.6},"point_estimate":380271.8,"standard_error":16982.78203249271},"median":{"confidence_interval":{"confidence_level":0.95,"lower_bound":319642.0,"upper_bound":437621.0},"point_estimate":392307.5,"standard_error":37699.3529671706},"median_abs_dev":{"confidence_interval":{"confidence_level":0.95,"lower_bound":1596.7601716518402,"upper_bound":84042.66210794449},"point_estimate":70077.31165587902,"standard_error":26544.384241032298},"slope":null,"std_dev":{"confidence_interval":{"confidence_level":0.95,"lower_bound":38299.108312219374,"upper_bound":62859.737561318034},"point_estimate":56841.47728903604,"standard_error":6368.76914869873}}