{"mean":{"confidence_interval":{"confidence_level":0.95,"lower_bound":-0.3491704592808984,"upper_bound":-0.210218107852749},"point_estimate":-0.28612095560488837,"standard_error":0.03555723126173493},"median":{"confidence_interval":{"confidence_level":0.95,"lower_bound":-0.3763308100230741,"upper_bound":-0.1830264407158913},"point_estimate":-0.32734027121237275,"standard_error":0.04863635089363765}}