{"mean":{"confidence_interval":{"confidence_level":0.95,"lower_bound":0.10174630172972106,"upper_bound":0.28775773843833075},"point_estimate":0.1959627256636729,"standard_error":0.049241064648425356},"median":{"confidence_interval":{"confidence_level":0.95,"lower_bound":0.1280894095837226,"upper_bound":0.3281741135129921},"point_estimate":0.24824443358981907,"standard_error":0.0674303112159237}}