{"mean":{"confidence_interval":{"confidence_level":0.95,"lower_bound":-0.06642624109371682,"upper_bound":0.22515287483811308},"point_estimate":0.05539928158532459,"standard_error":0.0767916468424872},"median":{"confidence_interval":{"confidence_level":0.95,"lower_bound":-0.0756327340801195,"upper_bound":0.09278392176408001},"point_estimate":-0.0032170442986328984,"standard_error":0.04180031661164317}}