{"mean":{"confidence_interval":{"confidence_level":0.95,"lower_bound":136748816.44812497,"upper_bound":143144534.924375},"point_estimate":139749865.4,"standard_error":1639248.2487467523},"median":{"confidence_interval":{"confidence_level":0.95,"lower_bound":134445698.75,"upper_bound":142485639.25},"point_estimate":136932661.25,"standard_error":2066132.9623210605},"median_abs_dev":{"confidence_interval":{"confidence_level":0.95,"lower_bound":2081068.5029536486,"upper_bound":10255367.519880831},"point_estimate":4881943.740928173,"standard_error":2243635.5122515415},"slope":null,"std_dev":{"confidence_interval":{"confidence_level":0.95,"lower_bound":4545418.9028297905,"upper_bound":9813858.746510966},"point_estimate":7522208.446863683,"standard_error":1386646.3850713042}}