{"mean":{"confidence_interval":{"confidence_level":0.95,"lower_bound":316192948.895,"upper_bound":318605394.41},"point_estimate":317315334.7,"standard_error":614895.1540784949},"median":{"confidence_interval":{"confidence_level":0.95,"lower_bound":316462453.0,"upper_bound":318048137.0},"point_estimate":316842886.0,"standard_error":513027.15985508077},"median_abs_dev":{"confidence_interval":{"confidence_level":0.95,"lower_bound":162009.62952375412,"upper_bound":3028472.125133872},"point_estimate":1175422.3090320826,"standard_error":711174.5703400137},"slope":null,"std_dev":{"confidence_interval":{"confidence_level":0.95,"lower_bound":645843.5176439303,"upper_bound":2965873.3145625954},"point_estimate":2049137.6045328625,"standard_error":625915.5609960868}}