{"mean":{"confidence_interval":{"confidence_level":0.95,"lower_bound":273282.495,"upper_bound":280762.1},"point_estimate":276312.9,"standard_error":1997.873884842387},"median":{"confidence_interval":{"confidence_level":0.95,"lower_bound":272143.0,"upper_bound":277129.0},"point_estimate":274507.5,"standard_error":1313.7129398632776},"median_abs_dev":{"confidence_interval":{"confidence_level":0.95,"lower_bound":687.9263877868652,"upper_bound":5773.244297504425},"point_estimate":3452.234038710594,"standard_error":1377.3340985412872},"slope":null,"std_dev":{"confidence_interval":{"confidence_level":0.95,"lower_bound":1583.9513512817316,"upper_bound":9967.478397825154},"point_estimate":6644.926409591673,"standard_error":2697.3390569242033}}