{"mean":{"confidence_interval":{"confidence_level":0.95,"lower_bound":-0.058400709515574106,"upper_bound":0.20836932712426937},"point_estimate":0.052651597714734155,"standard_error":0.071301221120838},"median":{"confidence_interval":{"confidence_level":0.95,"lower_bound":-0.09529821683020046,"upper_bound":0.0807159488027922},"point_estimate":-0.03771335530074882,"standard_error":0.04781076865503817}}