{"mean":{"confidence_interval":{"confidence_level":0.95,"lower_bound":-0.22622370337884976,"upper_bound":0.006296310799679109},"point_estimate":-0.11257585758697364,"standard_error":0.0601353568957058},"median":{"confidence_interval":{"confidence_level":0.95,"lower_bound":-0.21332048995086772,"upper_bound":0.04188386745841077},"point_estimate":-0.04372396033591042,"standard_error":0.054817567204079355}}