{"mean":{"confidence_interval":{"confidence_level":0.95,"lower_bound":-0.08738187421218815,"upper_bound":-0.031986979543056245},"point_estimate":-0.05441341337634531,"standard_error":0.014797591309995098},"median":{"confidence_interval":{"confidence_level":0.95,"lower_bound":-0.05734216082173893,"upper_bound":-0.03919523118545365},"point_estimate":-0.04342377914422657,"standard_error":0.005033818753604521}}