{"mean":{"confidence_interval":{"confidence_level":0.95,"lower_bound":188541.0,"upper_bound":197124.525},"point_estimate":192406.7,"standard_error":2195.667775415315},"median":{"confidence_interval":{"confidence_level":0.95,"lower_bound":187175.0,"upper_bound":198850.5},"point_estimate":189214.5,"standard_error":2572.314668990532},"median_abs_dev":{"confidence_interval":{"confidence_level":0.95,"lower_bound":778.3649861812592,"upper_bound":10007.549822330475},"point_estimate":4248.390224575996,"standard_error":2346.1345666089755},"slope":null,"std_dev":{"confidence_interval":{"confidence_level":0.95,"lower_bound":2189.1194685763257,"upper_bound":9124.20827682706},"point_estimate":7314.272426032696,"standard_error":1816.709758516375}}