{"mean":{"confidence_interval":{"confidence_level":0.95,"lower_bound":348813.475,"upper_bound":408384.3299999999},"point_estimate":375049.7,"standard_error":15217.791417620394},"median":{"confidence_interval":{"confidence_level":0.95,"lower_bound":343389.0,"upper_bound":411144.0},"point_estimate":353404.0,"standard_error":14577.188033083094},"median_abs_dev":{"confidence_interval":{"confidence_level":0.95,"lower_bound":3620.509135723114,"upper_bound":70521.35034799576},"point_estimate":16765.240502357483,"standard_error":14606.36470332681},"slope":null,"std_dev":{"confidence_interval":{"confidence_level":0.95,"lower_bound":9658.835842024771,"upper_bound":64939.90110658727},"point_estimate":50913.87256283344,"standard_error":14751.412737847946}}