{"mean":{"confidence_interval":{"confidence_level":0.95,"lower_bound":-0.16096395102402236,"upper_bound":-0.03867557167831211},"point_estimate":-0.10748776845564478,"standard_error":0.030357986127022094},"median":{"confidence_interval":{"confidence_level":0.95,"lower_bound":-0.16666772551715325,"upper_bound":-0.04093285894458398},"point_estimate":-0.15628694433409596,"standard_error":0.02673011774771611}}