{"mean":{"confidence_interval":{"confidence_level":0.95,"lower_bound":-0.07691663856808754,"upper_bound":0.023329663086509814},"point_estimate":-0.024824682796716346,"standard_error":0.025693956337222018},"median":{"confidence_interval":{"confidence_level":0.95,"lower_bound":-0.06860848594339863,"upper_bound":0.04112690694480525},"point_estimate":-0.009331256135951982,"standard_error":0.028447993838682756}}