{"mean":{"confidence_interval":{"confidence_level":0.95,"lower_bound":-0.6737611612987028,"upper_bound":-0.021623063394924823},"point_estimate":-0.46511863142975995,"standard_error":0.16884020898142219},"median":{"confidence_interval":{"confidence_level":0.95,"lower_bound":-0.6120578536219246,"upper_bound":0.033066918165151726},"point_estimate":-0.027158704048222293,"standard_error":0.1908248417778972}}