{"mean":{"confidence_interval":{"confidence_level":0.95,"lower_bound":27962741.2,"upper_bound":30128724.505},"point_estimate":28793290.9,"standard_error":601715.5226190209},"median":{"confidence_interval":{"confidence_level":0.95,"lower_bound":27841123.5,"upper_bound":28824366.0},"point_estimate":28262686.5,"standard_error":259571.70357578603},"median_abs_dev":{"confidence_interval":{"confidence_level":0.95,"lower_bound":117967.51470565796,"upper_bound":1125317.8429216146},"point_estimate":642407.6033949852,"standard_error":297646.5171500822},"slope":null,"std_dev":{"confidence_interval":{"confidence_level":0.95,"lower_bound":316061.4492877576,"upper_bound":3071084.5718365437},"point_estimate":2002765.880469277,"standard_error":937739.0401416805}}