{"mean":{"confidence_interval":{"confidence_level":0.95,"lower_bound":-0.3721673395655927,"upper_bound":0.11987220479084268},"point_estimate":-0.14222764989293368,"standard_error":0.13107513550077868},"median":{"confidence_interval":{"confidence_level":0.95,"lower_bound":-0.15107416816713115,"upper_bound":0.045097169947886595},"point_estimate":-0.0821781793535743,"standard_error":0.054796643657976984}}