{"mean":{"confidence_interval":{"confidence_level":0.95,"lower_bound":-0.054006490591639915,"upper_bound":-0.03929837516168935},"point_estimate":-0.047001927645403785,"standard_error":0.003750620703997963},"median":{"confidence_interval":{"confidence_level":0.95,"lower_bound":-0.057204679979776185,"upper_bound":-0.0386520931144657},"point_estimate":-0.048761530195246316,"standard_error":0.004267744526090956}}