{"mean":{"confidence_interval":{"confidence_level":0.95,"lower_bound":374140735.8875,"upper_bound":378784269.16375},"point_estimate":375829729.85,"standard_error":1354319.7421830585},"median":{"confidence_interval":{"confidence_level":0.95,"lower_bound":374009295.5,"upper_bound":375022290.5},"point_estimate":374367365.5,"standard_error":235314.28606151463},"median_abs_dev":{"confidence_interval":{"confidence_level":0.95,"lower_bound":382614.5752072334,"upper_bound":1655535.6237083673},"point_estimate":789849.2055773735,"standard_error":335099.3366242079},"slope":null,"std_dev":{"confidence_interval":{"confidence_level":0.95,"lower_bound":729821.7699847589,"upper_bound":10194920.694562778},"point_estimate":6218545.603969522,"standard_error":3308740.8070435915}}