{"mean":{"confidence_interval":{"confidence_level":0.95,"lower_bound":-0.0674024029113064,"upper_bound":-0.028996116484870948},"point_estimate":-0.050575600250815755,"standard_error":0.010324265906007563},"median":{"confidence_interval":{"confidence_level":0.95,"lower_bound":-0.0757045271140504,"upper_bound":-0.057952273269253785},"point_estimate":-0.0647409018750672,"standard_error":0.004382250915586119}}