{"mean":{"confidence_interval":{"confidence_level":0.95,"lower_bound":-0.13169756935147167,"upper_bound":0.10172362719467609},"point_estimate":-0.02827830707878365,"standard_error":0.06007684294509032},"median":{"confidence_interval":{"confidence_level":0.95,"lower_bound":-0.15471880785075254,"upper_bound":0.030891514637521267},"point_estimate":-0.026314377065394856,"standard_error":0.05249837616669684}}