{"mean":{"confidence_interval":{"confidence_level":0.95,"lower_bound":-0.37439913602909,"upper_bound":0.07022150797136896},"point_estimate":-0.1603218853645879,"standard_error":0.1128286683516888},"median":{"confidence_interval":{"confidence_level":0.95,"lower_bound":-0.15383513834550855,"upper_bound":-0.07113892286695322},"point_estimate":-0.11417413756549655,"standard_error":0.025494694256300156}}