{"mean":{"confidence_interval":{"confidence_level":0.95,"lower_bound":-0.39892612750826256,"upper_bound":0.09453784744902495},"point_estimate":-0.19121371787058716,"standard_error":0.12845707458598232},"median":{"confidence_interval":{"confidence_level":0.95,"lower_bound":-0.4281332966100164,"upper_bound":0.055149397371399234},"point_estimate":-0.006582183317404344,"standard_error":0.09325631873971481}}