{"mean":{"confidence_interval":{"confidence_level":0.95,"lower_bound":0.25516070022993703,"upper_bound":1.8847709285154315},"point_estimate":0.9636763604409084,"standard_error":0.42403031248462797},"median":{"confidence_interval":{"confidence_level":0.95,"lower_bound":0.3940667891643177,"upper_bound":1.2183827721816933},"point_estimate":0.6636999609740761,"standard_error":0.2706180518315323}}