{"mean":{"confidence_interval":{"confidence_level":0.95,"lower_bound":206798.8,"upper_bound":213730.7},"point_estimate":210052.0,"standard_error":1777.3749155283147},"median":{"confidence_interval":{"confidence_level":0.95,"lower_bound":205377.5,"upper_bound":214011.0},"point_estimate":209353.5,"standard_error":2181.6118634983354},"median_abs_dev":{"confidence_interval":{"confidence_level":0.95,"lower_bound":1411.4351749420166,"upper_bound":9930.454623699188},"point_estimate":6061.609992384911,"standard_error":2058.486097719428},"slope":null,"std_dev":{"confidence_interval":{"confidence_level":0.95,"lower_bound":2911.8365721909727,"upper_bound":7926.888461552818},"point_estimate":5913.806933308227,"standard_error":1392.206560099975}}