{"mean":{"confidence_interval":{"confidence_level":0.95,"lower_bound":-0.2943366475790632,"upper_bound":0.2117436516830317},"point_estimate":-0.07113606852497989,"standard_error":0.1307511511329668},"median":{"confidence_interval":{"confidence_level":0.95,"lower_bound":-0.30717987536323355,"upper_bound":0.2405997194050269},"point_estimate":0.135043313610979,"standard_error":0.10002411212095044}}