{"mean":{"confidence_interval":{"confidence_level":0.95,"lower_bound":0.07792174717510907,"upper_bound":1.0244961536702224},"point_estimate":0.4997505144009231,"standard_error":0.24618452634144786},"median":{"confidence_interval":{"confidence_level":0.95,"lower_bound":0.12091365567611212,"upper_bound":1.0973338156110555},"point_estimate":0.6482814813236908,"standard_error":0.27882749716316335}}