{"mean":{"confidence_interval":{"confidence_level":0.95,"lower_bound":2795171457.82,"upper_bound":2974957435.77875},"point_estimate":2886530156.45,"standard_error":45762015.89566615},"median":{"confidence_interval":{"confidence_level":0.95,"lower_bound":2872857566.5,"upper_bound":2959310753.5},"point_estimate":2928013414.0,"standard_error":22946122.138492353},"median_abs_dev":{"confidence_interval":{"confidence_level":0.95,"lower_bound":44825879.43338156,"upper_bound":162184032.94775784},"point_estimate":83601998.55466783,"standard_error":34635865.390741736},"slope":null,"std_dev":{"confidence_interval":{"confidence_level":0.95,"lower_bound":110472185.89560038,"upper_bound":280652794.7904559},"point_estimate":209926692.64845324,"standard_error":43864890.68349055}}