{"mean":{"confidence_interval":{"confidence_level":0.95,"lower_bound":3002677216.18875,"upper_bound":3186109179.01625},"point_estimate":3093523391.65,"standard_error":46905727.151277974},"median":{"confidence_interval":{"confidence_level":0.95,"lower_bound":2974950455.0,"upper_bound":3181873619.0},"point_estimate":3139204676.0,"standard_error":53738476.90903095},"median_abs_dev":{"confidence_interval":{"confidence_level":0.95,"lower_bound":44044019.21776235,"upper_bound":346342206.0021488},"point_estimate":207527354.59795296,"standard_error":81075878.30344303},"slope":null,"std_dev":{"confidence_interval":{"confidence_level":0.95,"lower_bound":149153011.56518164,"upper_bound":264329898.07417166},"point_estimate":215122991.84583127,"standard_error":29526888.84551867}}