{"mean":{"confidence_interval":{"confidence_level":0.95,"lower_bound":17121.333265873014,"upper_bound":20462.6171547619},"point_estimate":18583.18634920635,"standard_error":866.3014148884085},"median":{"confidence_interval":{"confidence_level":0.95,"lower_bound":16825.65,"upper_bound":20501.833333333336},"point_estimate":17295.47619047619,"standard_error":836.463608581197},"median_abs_dev":{"confidence_interval":{"confidence_level":0.95,"lower_bound":10.637654811142797,"upper_bound":3734.9164336919775},"point_estimate":755.3905699224698,"standard_error":922.5582919919555},"slope":{"confidence_interval":{"confidence_level":0.95,"lower_bound":16888.500777029873,"upper_bound":17959.467576415023},"point_estimate":17371.54805194805,"standard_error":288.24883586630114},"std_dev":{"confidence_interval":{"confidence_level":0.95,"lower_bound":528.5333653244489,"upper_bound":3766.943746923202},"point_estimate":2888.7526547562675,"standard_error":878.1690894090883}}