{"mean":{"confidence_interval":{"confidence_level":0.95,"lower_bound":128570.5,"upper_bound":140240.9075},"point_estimate":132755.1,"standard_error":3462.554503836568},"median":{"confidence_interval":{"confidence_level":0.95,"lower_bound":128182.0,"upper_bound":130926.5},"point_estimate":129030.0,"standard_error":1107.3983115180197},"median_abs_dev":{"confidence_interval":{"confidence_level":0.95,"lower_bound":68.19959878921509,"upper_bound":2922.945848107338},"point_estimate":1171.9952791929245,"standard_error":1245.5807312959475},"slope":null,"std_dev":{"confidence_interval":{"confidence_level":0.95,"lower_bound":475.57525400531745,"upper_bound":17665.783488930734},"point_estimate":11493.32956738144,"standard_error":6029.924598116719}}