{"mean":{"confidence_interval":{"confidence_level":0.95,"lower_bound":143162.9,"upper_bound":146865.0025},"point_estimate":144835.3,"standard_error":954.6009656065637},"median":{"confidence_interval":{"confidence_level":0.95,"lower_bound":142604.0,"upper_bound":147837.0},"point_estimate":143345.0,"standard_error":1247.79570869652},"median_abs_dev":{"confidence_interval":{"confidence_level":0.95,"lower_bound":152.70779728889465,"upper_bound":5570.869401097298},"point_estimate":1380.3005754947662,"standard_error":1207.1318446954733},"slope":null,"std_dev":{"confidence_interval":{"confidence_level":0.95,"lower_bound":786.9613078163372,"upper_bound":4173.7736522240875},"point_estimate":3174.376685972294,"standard_error":784.8168789363679}}