{"mean":{"confidence_interval":{"confidence_level":0.95,"lower_bound":227863.5,"upper_bound":232729.71000000002},"point_estimate":229988.6,"standard_error":1259.2646271094343},"median":{"confidence_interval":{"confidence_level":0.95,"lower_bound":227251.5,"upper_bound":232434.5},"point_estimate":228443.5,"standard_error":1100.4166180891025},"median_abs_dev":{"confidence_interval":{"confidence_level":0.95,"lower_bound":352.85879373550415,"upper_bound":5441.141903400421},"point_estimate":1818.4088677167892,"standard_error":1186.2784918759105},"slope":null,"std_dev":{"confidence_interval":{"confidence_level":0.95,"lower_bound":982.7094363951896,"upper_bound":5697.548322546583},"point_estimate":4197.51090793368,"standard_error":1280.3622758615365}}