{"mean":{"confidence_interval":{"confidence_level":0.95,"lower_bound":-0.3020355785607133,"upper_bound":0.18219397667553097},"point_estimate":-0.08943128514582321,"standard_error":0.12507623917188926},"median":{"confidence_interval":{"confidence_level":0.95,"lower_bound":-0.29847955775872737,"upper_bound":0.34408769991835175},"point_estimate":-0.008478828909080138,"standard_error":0.13490021783604894}}