{"mean":{"confidence_interval":{"confidence_level":0.95,"lower_bound":-0.024624705748959953,"upper_bound":0.03735090917458456},"point_estimate":0.003975363438675883,"standard_error":0.015188667626931655},"median":{"confidence_interval":{"confidence_level":0.95,"lower_bound":-0.05591061274610276,"upper_bound":0.049076822017183996},"point_estimate":-0.009000558180729978,"standard_error":0.031365775805511205}}