{"mean":{"confidence_interval":{"confidence_level":0.95,"lower_bound":521690638.01750004,"upper_bound":537067904.72125},"point_estimate":528648219.6,"standard_error":3954194.7309152125},"median":{"confidence_interval":{"confidence_level":0.95,"lower_bound":518158055.0,"upper_bound":526096330.0},"point_estimate":520223257.5,"standard_error":2566918.215167535},"median_abs_dev":{"confidence_interval":{"confidence_level":0.95,"lower_bound":2436977.7461349964,"upper_bound":15069469.33926344},"point_estimate":6314775.798690319,"standard_error":3380890.3244824177},"slope":null,"std_dev":{"confidence_interval":{"confidence_level":0.95,"lower_bound":8262535.588425078,"upper_bound":24429967.96150259},"point_estimate":18105865.412689723,"standard_error":4199215.040209119}}