{"mean":{"confidence_interval":{"confidence_level":0.95,"lower_bound":104963096.38624999,"upper_bound":113544118.73541665},"point_estimate":109077621.63333336,"standard_error":2190414.5240672855},"median":{"confidence_interval":{"confidence_level":0.95,"lower_bound":99750585.33333333,"upper_bound":113409544.0},"point_estimate":108134072.5,"standard_error":3764723.4809927363},"median_abs_dev":{"confidence_interval":{"confidence_level":0.95,"lower_bound":1880917.259407036,"upper_bound":17994381.85623585},"point_estimate":10471065.67740143,"standard_error":3618130.3422301915},"slope":null,"std_dev":{"confidence_interval":{"confidence_level":0.95,"lower_bound":6471730.606323361,"upper_bound":12599418.7648296},"point_estimate":10043402.99912286,"standard_error":1590617.2170044768}}