{"mean":{"confidence_interval":{"confidence_level":0.95,"lower_bound":121948.6,"upper_bound":123669.2025},"point_estimate":122692.6,"standard_error":447.35179624354765},"median":{"confidence_interval":{"confidence_level":0.95,"lower_bound":121826.0,"upper_bound":123142.0},"point_estimate":122360.0,"standard_error":348.02683295450504},"median_abs_dev":{"confidence_interval":{"confidence_level":0.95,"lower_bound":196.44449651241302,"upper_bound":1800.6176680326462},"point_estimate":807.2756856679916,"standard_error":418.0340159565364},"slope":null,"std_dev":{"confidence_interval":{"confidence_level":0.95,"lower_bound":453.30946593414455,"upper_bound":2148.185692043138},"point_estimate":1490.6045902399617,"standard_error":502.2110120868453}}