{"mean":{"confidence_interval":{"confidence_level":0.95,"lower_bound":-0.15022690735737632,"upper_bound":-0.060436048839705256},"point_estimate":-0.10850006033236725,"standard_error":0.022470478758397295},"median":{"confidence_interval":{"confidence_level":0.95,"lower_bound":-0.16584617557011827,"upper_bound":-0.032156206522923836},"point_estimate":-0.12856752981971709,"standard_error":0.03278760512474473}}