{"mean":{"confidence_interval":{"confidence_level":0.95,"lower_bound":0.041262906941935205,"upper_bound":0.0909337331597171},"point_estimate":0.06499258306614886,"standard_error":0.01265709324862141},"median":{"confidence_interval":{"confidence_level":0.95,"lower_bound":0.039705573523428316,"upper_bound":0.1126498861145917},"point_estimate":0.042792628414082046,"standard_error":0.019696689168102764}}