{"mean":{"confidence_interval":{"confidence_level":0.95,"lower_bound":-0.1470031370269864,"upper_bound":0.03261222342481501},"point_estimate":-0.055490142264959186,"standard_error":0.04602178230031553},"median":{"confidence_interval":{"confidence_level":0.95,"lower_bound":-0.18747026809990797,"upper_bound":0.08860633869828427},"point_estimate":-0.11639869034060601,"standard_error":0.09017319920052075}}