{"mean":{"confidence_interval":{"confidence_level":0.95,"lower_bound":-0.3239990578063703,"upper_bound":-0.265883537758065},"point_estimate":-0.2959446168014618,"standard_error":0.014897273604883377},"median":{"confidence_interval":{"confidence_level":0.95,"lower_bound":-0.34950746993553317,"upper_bound":-0.25760147763753893},"point_estimate":-0.3024105771585016,"standard_error":0.023964714796900738}}