{"mean":{"confidence_interval":{"confidence_level":0.95,"lower_bound":645811.440026427,"upper_bound":710194.8929313227},"point_estimate":678572.9689145247,"standard_error":16593.5681979775},"median":{"confidence_interval":{"confidence_level":0.95,"lower_bound":592259.0656676413,"upper_bound":740048.119949495},"point_estimate":728634.6122685184,"standard_error":44860.765782690265},"median_abs_dev":{"confidence_interval":{"confidence_level":0.95,"lower_bound":9006.418574195022,"upper_bound":113234.76947389153},"point_estimate":24086.24538557825,"standard_error":30561.38492228361},"slope":{"confidence_interval":{"confidence_level":0.95,"lower_bound":602103.8227405896,"upper_bound":659807.1003336142},"point_estimate":623506.2145180024,"standard_error":14803.923796809479},"std_dev":{"confidence_interval":{"confidence_level":0.95,"lower_bound":60702.82867762289,"upper_bound":81858.94392117023},"point_estimate":76228.1255133217,"standard_error":5356.184986014039}}