{"mean":{"confidence_interval":{"confidence_level":0.95,"lower_bound":-0.11889107257202701,"upper_bound":-0.10573302325114815},"point_estimate":-0.11266562386145673,"standard_error":0.0034584038172646827},"median":{"confidence_interval":{"confidence_level":0.95,"lower_bound":-0.12149331472292912,"upper_bound":-0.1078292069263892},"point_estimate":-0.11474351788502624,"standard_error":0.0037799824202090575}}