{"mean":{"confidence_interval":{"confidence_level":0.95,"lower_bound":289753025.485,"upper_bound":297809965.885},"point_estimate":293036688.55,"standard_error":2138932.2882063887},"median":{"confidence_interval":{"confidence_level":0.95,"lower_bound":288086173.0,"upper_bound":293136581.5},"point_estimate":290694815.0,"standard_error":1433045.610906278},"median_abs_dev":{"confidence_interval":{"confidence_level":0.95,"lower_bound":1677323.912921548,"upper_bound":6623204.77771461},"point_estimate":4186753.3545702696,"standard_error":1237601.4875300429},"slope":null,"std_dev":{"confidence_interval":{"confidence_level":0.95,"lower_bound":2854716.497924454,"upper_bound":15513877.301410913},"point_estimate":9846077.993664352,"standard_error":4043596.18611938}}