{"mean":{"confidence_interval":{"confidence_level":0.95,"lower_bound":129116.6875,"upper_bound":141629.1775},"point_estimate":133628.5,"standard_error":3687.1368008636014},"median":{"confidence_interval":{"confidence_level":0.95,"lower_bound":128866.0,"upper_bound":131904.0},"point_estimate":129557.0,"standard_error":1075.565153454105},"median_abs_dev":{"confidence_interval":{"confidence_level":0.95,"lower_bound":189.77279663085938,"upper_bound":3455.9405386447906},"point_estimate":911.7989838123322,"standard_error":1307.8333727530455},"slope":null,"std_dev":{"confidence_interval":{"confidence_level":0.95,"lower_bound":490.78442169654886,"upper_bound":18848.913695024938},"point_estimate":12266.83307178797,"standard_error":6373.642974211746}}