{"mean":{"confidence_interval":{"confidence_level":0.95,"lower_bound":-0.7477145995630426,"upper_bound":-0.7407166676313776},"point_estimate":-0.7443708379842588,"standard_error":0.0018119102620687475},"median":{"confidence_interval":{"confidence_level":0.95,"lower_bound":-0.7495347779540793,"upper_bound":-0.7432058828041614},"point_estimate":-0.7467136678121131,"standard_error":0.0015898654847910497}}