{"mean":{"confidence_interval":{"confidence_level":0.95,"lower_bound":249870.18250000002,"upper_bound":314869.7},"point_estimate":275206.9,"standard_error":17826.064181789294},"median":{"confidence_interval":{"confidence_level":0.95,"lower_bound":240286.0,"upper_bound":274424.0},"point_estimate":263890.0,"standard_error":10042.622166213703},"median_abs_dev":{"confidence_interval":{"confidence_level":0.95,"lower_bound":3011.160546541214,"upper_bound":40104.32928800583},"point_estimate":25580.779945850372,"standard_error":10465.942628195262},"slope":null,"std_dev":{"confidence_interval":{"confidence_level":0.95,"lower_bound":11972.015064584059,"upper_bound":90741.30002381006},"point_estimate":59564.32105892848,"standard_error":26875.21964797132}}