{"mean":{"confidence_interval":{"confidence_level":0.95,"lower_bound":-0.2717260557740736,"upper_bound":0.4715378422408901},"point_estimate":0.03490456602384162,"standard_error":0.19352590715617426},"median":{"confidence_interval":{"confidence_level":0.95,"lower_bound":0.007793963273464488,"upper_bound":0.46421229229440053},"point_estimate":0.08137344766764243,"standard_error":0.11198153337612723}}