{"mean":{"confidence_interval":{"confidence_level":0.95,"lower_bound":128765.9,"upper_bound":134194.9075},"point_estimate":130719.3,"standard_error":1597.1462580999078},"median":{"confidence_interval":{"confidence_level":0.95,"lower_bound":128741.0,"upper_bound":129907.0},"point_estimate":129020.5,"standard_error":508.79368582521965},"median_abs_dev":{"confidence_interval":{"confidence_level":0.95,"lower_bound":140.84699749946594,"upper_bound":1666.442370414734},"point_estimate":527.0642906427383,"standard_error":601.5242098355707},"slope":null,"std_dev":{"confidence_interval":{"confidence_level":0.95,"lower_bound":324.8669642245029,"upper_bound":8147.797759040305},"point_estimate":5302.009850571343,"standard_error":2757.11551354138}}