{"mean":{"confidence_interval":{"confidence_level":0.95,"lower_bound":-0.222159943249081,"upper_bound":0.10228084466838415},"point_estimate":-0.052556034415718544,"standard_error":0.08755937952163471},"median":{"confidence_interval":{"confidence_level":0.95,"lower_bound":-0.06613626752054136,"upper_bound":0.1125384175491082},"point_estimate":0.034749881041067576,"standard_error":0.04793249393638253}}