{"mean":{"confidence_interval":{"confidence_level":0.95,"lower_bound":235892.5,"upper_bound":299042.4},"point_estimate":260822.7,"standard_error":17277.653512052402},"median":{"confidence_interval":{"confidence_level":0.95,"lower_bound":231745.5,"upper_bound":270996.0},"point_estimate":237849.5,"standard_error":10747.120454422406},"median_abs_dev":{"confidence_interval":{"confidence_level":0.95,"lower_bound":2824.352949857712,"upper_bound":45123.67149889469},"point_estimate":15990.58201611042,"standard_error":11185.309992680746},"slope":null,"std_dev":{"confidence_interval":{"confidence_level":0.95,"lower_bound":9718.478571395475,"upper_bound":87711.5270823751},"point_estimate":57850.40631001077,"standard_error":25433.621211556343}}