{"mean":{"confidence_interval":{"confidence_level":0.95,"lower_bound":5907896.116130158,"upper_bound":5983770.287232843},"point_estimate":5937790.394427193,"standard_error":20325.839658671735},"median":{"confidence_interval":{"confidence_level":0.95,"lower_bound":5900393.94117647,"upper_bound":5941971.592708333},"point_estimate":5916777.589285715,"standard_error":9472.32262213251},"median_abs_dev":{"confidence_interval":{"confidence_level":0.95,"lower_bound":15031.938575437649,"upper_bound":56762.012457272795},"point_estimate":45576.61042397814,"standard_error":10800.00686899555},"slope":{"confidence_interval":{"confidence_level":0.95,"lower_bound":5898145.262517546,"upper_bound":5926003.041901132},"point_estimate":5910626.406968641,"standard_error":7132.632113983568},"std_dev":{"confidence_interval":{"confidence_level":0.95,"lower_bound":24800.59738855152,"upper_bound":150028.52208663383},"point_estimate":93460.75674317157,"standard_error":41378.31037839296}}