{"mean":{"confidence_interval":{"confidence_level":0.95,"lower_bound":1117718742.5462499,"upper_bound":1154648342.8687499},"point_estimate":1136249730.8,"standard_error":9428714.87964675},"median":{"confidence_interval":{"confidence_level":0.95,"lower_bound":1102122913.0,"upper_bound":1166025512.0},"point_estimate":1138800448.5,"standard_error":22702414.838574033},"median_abs_dev":{"confidence_interval":{"confidence_level":0.95,"lower_bound":16485413.100725412,"upper_bound":68813818.46061051},"point_estimate":52327615.134099126,"standard_error":13761312.6379667},"slope":null,"std_dev":{"confidence_interval":{"confidence_level":0.95,"lower_bound":34122515.6907655,"upper_bound":49792085.06455468},"point_estimate":43393439.0980565,"standard_error":4013866.1452031163}}