{"mean":{"confidence_interval":{"confidence_level":0.95,"lower_bound":-0.10988421346251023,"upper_bound":-0.0392743226755462},"point_estimate":-0.07873761474291907,"standard_error":0.017862118004935625},"median":{"confidence_interval":{"confidence_level":0.95,"lower_bound":-0.09531225155962098,"upper_bound":-0.07264064449907126},"point_estimate":-0.08441220908868907,"standard_error":0.006808384188929846}}