{"mean":{"confidence_interval":{"confidence_level":0.95,"lower_bound":-0.17476653495121627,"upper_bound":-0.13621391366583763},"point_estimate":-0.1588200548973281,"standard_error":0.010124499278636791},"median":{"confidence_interval":{"confidence_level":0.95,"lower_bound":-0.17517807480105074,"upper_bound":-0.14764263972540637},"point_estimate":-0.1675128052566225,"standard_error":0.006392206217181239}}