{"mean":{"confidence_interval":{"confidence_level":0.95,"lower_bound":-0.17361188744230216,"upper_bound":-0.15806046985814132},"point_estimate":-0.16622440243718573,"standard_error":0.003967921635771388},"median":{"confidence_interval":{"confidence_level":0.95,"lower_bound":-0.1778525787912788,"upper_bound":-0.15930353152498156},"point_estimate":-0.16650583407957875,"standard_error":0.004169006725744449}}