{"mean":{"confidence_interval":{"confidence_level":0.95,"lower_bound":-0.34079958564960616,"upper_bound":0.19161333900469452},"point_estimate":-0.09738166760600486,"standard_error":0.13833255031878047},"median":{"confidence_interval":{"confidence_level":0.95,"lower_bound":-0.11824912067436555,"upper_bound":0.09350332452998456},"point_estimate":-0.015237288911262636,"standard_error":0.06392752360538367}}