{"mean":{"confidence_interval":{"confidence_level":0.95,"lower_bound":98861564.32249999,"upper_bound":99607969.75708333},"point_estimate":99233277.26666667,"standard_error":190585.29954981318},"median":{"confidence_interval":{"confidence_level":0.95,"lower_bound":98882722.0,"upper_bound":99537960.0},"point_estimate":99340630.33333334,"standard_error":182576.1907016877},"median_abs_dev":{"confidence_interval":{"confidence_level":0.95,"lower_bound":260068.791782856,"upper_bound":1245110.438194871},"point_estimate":669360.7767164559,"standard_error":239750.98900675715},"slope":null,"std_dev":{"confidence_interval":{"confidence_level":0.95,"lower_bound":544975.3737798902,"upper_bound":1134067.367721643},"point_estimate":875231.1026277046,"standard_error":151197.93078248942}}