{"mean":{"confidence_interval":{"confidence_level":0.95,"lower_bound":-0.18372323207664426,"upper_bound":-0.09313827556490928},"point_estimate":-0.15042146610986562,"standard_error":0.025767954315324488},"median":{"confidence_interval":{"confidence_level":0.95,"lower_bound":-0.19315741604409842,"upper_bound":-0.15419892775775224},"point_estimate":-0.1691951538343569,"standard_error":0.01386237149661855}}