{"mean":{"confidence_interval":{"confidence_level":0.95,"lower_bound":-0.08232845580996752,"upper_bound":-0.02788907982066301},"point_estimate":-0.06323472413761566,"standard_error":0.013618125258147212},"median":{"confidence_interval":{"confidence_level":0.95,"lower_bound":-0.09212014152598469,"upper_bound":-0.05016833163347356},"point_estimate":-0.07453477163926214,"standard_error":0.012488108369013599}}