{"mean":{"confidence_interval":{"confidence_level":0.95,"lower_bound":-0.41529197240014426,"upper_bound":-0.36832102811713024},"point_estimate":-0.39621859859794173,"standard_error":0.012122972062904419},"median":{"confidence_interval":{"confidence_level":0.95,"lower_bound":-0.42120742530803323,"upper_bound":-0.39508423572824913},"point_estimate":-0.41556353269419644,"standard_error":0.007786660321957715}}