{"mean":{"confidence_interval":{"confidence_level":0.95,"lower_bound":-0.0018680792793889386,"upper_bound":0.18375508947824143},"point_estimate":0.10326791339095398,"standard_error":0.049579517558326534},"median":{"confidence_interval":{"confidence_level":0.95,"lower_bound":-0.1132753746624866,"upper_bound":0.22614345632264077},"point_estimate":0.19828100833039364,"standard_error":0.08113334412162511}}