{"mean":{"confidence_interval":{"confidence_level":0.95,"lower_bound":-0.21896909240141238,"upper_bound":0.021729234162227225},"point_estimate":-0.1083885420108549,"standard_error":0.0615052083526441},"median":{"confidence_interval":{"confidence_level":0.95,"lower_bound":-0.2609146061017543,"upper_bound":-0.0011485904884871445},"point_estimate":-0.18798151542194408,"standard_error":0.06886181423967258}}