{"mean":{"confidence_interval":{"confidence_level":0.95,"lower_bound":-0.18244969048062662,"upper_bound":-0.161895998380858},"point_estimate":-0.17297206809527266,"standard_error":0.0052480614025585855},"median":{"confidence_interval":{"confidence_level":0.95,"lower_bound":-0.1867280390882211,"upper_bound":-0.16504524946851096},"point_estimate":-0.18077357812896133,"standard_error":0.0052927415910427565}}