{"mean":{"confidence_interval":{"confidence_level":0.95,"lower_bound":352546.315,"upper_bound":422836.2299999999},"point_estimate":384414.5,"standard_error":18131.653746089156},"median":{"confidence_interval":{"confidence_level":0.95,"lower_bound":339639.0,"upper_bound":420841.5},"point_estimate":369696.5,"standard_error":21861.302342534473},"median_abs_dev":{"confidence_interval":{"confidence_level":0.95,"lower_bound":3596.0462361574173,"upper_bound":88196.9072341919},"point_estimate":43024.30993616581,"standard_error":22939.84118649493},"slope":null,"std_dev":{"confidence_interval":{"confidence_level":0.95,"lower_bound":24297.218634833265,"upper_bound":82353.60316127825},"point_estimate":60589.30295439947,"standard_error":16077.980244663182}}