{"mean":{"confidence_interval":{"confidence_level":0.95,"lower_bound":0.8433970090398504,"upper_bound":0.9988512946242722},"point_estimate":0.9145756161462266,"standard_error":0.04120844810926641},"median":{"confidence_interval":{"confidence_level":0.95,"lower_bound":0.8325717773413448,"upper_bound":0.9150535965416187},"point_estimate":0.868544613211484,"standard_error":0.020539739953530027}}