{"mean":{"confidence_interval":{"confidence_level":0.95,"lower_bound":-0.41495212593096054,"upper_bound":-0.3624340008492049},"point_estimate":-0.39016389128694595,"standard_error":0.0129632376808175},"median":{"confidence_interval":{"confidence_level":0.95,"lower_bound":-0.42538588441727987,"upper_bound":-0.3543192170354512},"point_estimate":-0.41712413222302924,"standard_error":0.018578423136112604}}