{"mean":{"confidence_interval":{"confidence_level":0.95,"lower_bound":-0.3606480022799038,"upper_bound":0.27000157934265606},"point_estimate":-0.10898966591824033,"standard_error":0.1629773011352125},"median":{"confidence_interval":{"confidence_level":0.95,"lower_bound":-0.38369877623778237,"upper_bound":0.4297458697253498},"point_estimate":0.2101568737233921,"standard_error":0.19820463190856716}}