{"mean":{"confidence_interval":{"confidence_level":0.95,"lower_bound":277938.4,"upper_bound":346019.99249999993},"point_estimate":306888.4,"standard_error":17671.93261168736},"median":{"confidence_interval":{"confidence_level":0.95,"lower_bound":272749.0,"upper_bound":332601.5},"point_estimate":278881.0,"standard_error":14847.477796004961},"median_abs_dev":{"confidence_interval":{"confidence_level":0.95,"lower_bound":1673.8553702831268,"upper_bound":71565.10072946548},"point_estimate":12691.79707467556,"standard_error":17507.12491009752},"slope":null,"std_dev":{"confidence_interval":{"confidence_level":0.95,"lower_bound":10190.426893142765,"upper_bound":82605.25914519271},"point_estimate":58754.21895432985,"standard_error":20019.825178356477}}