{"mean":{"confidence_interval":{"confidence_level":0.95,"lower_bound":0.087106566240352,"upper_bound":0.15587305961976403},"point_estimate":0.1229867975885639,"standard_error":0.01734370324253515},"median":{"confidence_interval":{"confidence_level":0.95,"lower_bound":0.08769020034986963,"upper_bound":0.16735783177356112},"point_estimate":0.11560279175453347,"standard_error":0.02109649661604736}}