{"mean":{"confidence_interval":{"confidence_level":0.95,"lower_bound":311770.2875,"upper_bound":345349.875},"point_estimate":327787.2,"standard_error":8631.022448001237},"median":{"confidence_interval":{"confidence_level":0.95,"lower_bound":305380.5,"upper_bound":355711.5},"point_estimate":319384.0,"standard_error":12044.975455476171},"median_abs_dev":{"confidence_interval":{"confidence_level":0.95,"lower_bound":4297.31602370739,"upper_bound":51098.549392819405},"point_estimate":27305.04371523857,"standard_error":11619.400050483602},"slope":null,"std_dev":{"confidence_interval":{"confidence_level":0.95,"lower_bound":13987.738509880744,"upper_bound":35607.607761544445},"point_estimate":28845.15869180746,"standard_error":5413.981355920224}}