{"mean":{"confidence_interval":{"confidence_level":0.95,"lower_bound":347933.64,"upper_bound":411372.0425},"point_estimate":379519.6,"standard_error":16301.65913375481},"median":{"confidence_interval":{"confidence_level":0.95,"lower_bound":327307.0,"upper_bound":428722.0},"point_estimate":382876.0,"standard_error":29088.99463006537},"median_abs_dev":{"confidence_interval":{"confidence_level":0.95,"lower_bound":12929.754370450974,"upper_bound":89574.98390972614},"point_estimate":75178.93816530704,"standard_error":19708.214427081948},"slope":null,"std_dev":{"confidence_interval":{"confidence_level":0.95,"lower_bound":35283.11112510724,"upper_bound":63459.71435433426},"point_estimate":54342.7740943234,"standard_error":7186.588339351102}}