{"mean":{"confidence_interval":{"confidence_level":0.95,"lower_bound":92202.45,"upper_bound":93403.55125},"point_estimate":92666.75,"standard_error":331.8151147310302},"median":{"confidence_interval":{"confidence_level":0.95,"lower_bound":92178.0,"upper_bound":92588.5},"point_estimate":92437.0,"standard_error":134.89591638796313},"median_abs_dev":{"confidence_interval":{"confidence_level":0.95,"lower_bound":37.43564933538437,"upper_bound":626.7691388726234},"point_estimate":308.75144451856613,"standard_error":164.06723617555508},"slope":null,"std_dev":{"confidence_interval":{"confidence_level":0.95,"lower_bound":148.86203814682844,"upper_bound":1690.9325213226773},"point_estimate":1103.0803146442038,"standard_error":515.9325228149132}}