{"mean":{"confidence_interval":{"confidence_level":0.95,"lower_bound":-0.12470157945025373,"upper_bound":-0.011058030183539732},"point_estimate":-0.07052961099448785,"standard_error":0.028876308733086307},"median":{"confidence_interval":{"confidence_level":0.95,"lower_bound":-0.15653311676592674,"upper_bound":0.04397712449277136},"point_estimate":-0.07594325357599063,"standard_error":0.05635560972791949}}