{"mean":{"confidence_interval":{"confidence_level":0.95,"lower_bound":339046.4775,"upper_bound":376462.12749999994},"point_estimate":356196.2,"standard_error":9515.306657373627},"median":{"confidence_interval":{"confidence_level":0.95,"lower_bound":341218.0,"upper_bound":367283.0},"point_estimate":351690.0,"standard_error":6142.965615101996},"median_abs_dev":{"confidence_interval":{"confidence_level":0.95,"lower_bound":2289.8756593465805,"upper_bound":45045.835000276566},"point_estimate":15542.095524072647,"standard_error":10126.821141672182},"slope":null,"std_dev":{"confidence_interval":{"confidence_level":0.95,"lower_bound":8855.644783891797,"upper_bound":45986.327558928126},"point_estimate":31690.863060369804,"standard_error":9993.292303027503}}