{"mean":{"confidence_interval":{"confidence_level":0.95,"lower_bound":-0.017530214631754047,"upper_bound":0.11287420763950837},"point_estimate":0.04506549876510291,"standard_error":0.03340263039502862},"median":{"confidence_interval":{"confidence_level":0.95,"lower_bound":-0.06258838451542081,"upper_bound":0.1244454112343596},"point_estimate":-0.004702752741407412,"standard_error":0.04742212211271266}}