{"mean":{"confidence_interval":{"confidence_level":0.95,"lower_bound":-0.7548397772014561,"upper_bound":-0.7369105193944598},"point_estimate":-0.7456822025125514,"standard_error":0.004591799619858243},"median":{"confidence_interval":{"confidence_level":0.95,"lower_bound":-0.7583578695284722,"upper_bound":-0.7260611254638512},"point_estimate":-0.7435047605483679,"standard_error":0.009065543843445606}}