{"mean":{"confidence_interval":{"confidence_level":0.95,"lower_bound":-0.25117650222464705,"upper_bound":0.27133157177228917},"point_estimate":0.013423771198318502,"standard_error":0.14472923438567895},"median":{"confidence_interval":{"confidence_level":0.95,"lower_bound":0.06636977577406977,"upper_bound":0.2379752980129417},"point_estimate":0.16675623572135878,"standard_error":0.052496457499834316}}