{"mean":{"confidence_interval":{"confidence_level":0.95,"lower_bound":362675.495,"upper_bound":476807.4399999998},"point_estimate":409933.1,"standard_error":29994.443367080992},"median":{"confidence_interval":{"confidence_level":0.95,"lower_bound":357522.5,"upper_bound":447329.0},"point_estimate":369360.5,"standard_error":20271.654007539157},"median_abs_dev":{"confidence_interval":{"confidence_level":0.95,"lower_bound":2002.9925644397736,"upper_bound":112235.0419074297},"point_estimate":20722.299832105637,"standard_error":24149.614219740582},"slope":null,"std_dev":{"confidence_interval":{"confidence_level":0.95,"lower_bound":12153.337290180376,"upper_bound":142463.9962854163},"point_estimate":99786.24667251941,"standard_error":37025.23442389907}}