{"mean":{"confidence_interval":{"confidence_level":0.95,"lower_bound":-0.06981821701310877,"upper_bound":0.1641321104556689},"point_estimate":0.04544909650197937,"standard_error":0.06445754899223217},"median":{"confidence_interval":{"confidence_level":0.95,"lower_bound":-0.08247821014743213,"upper_bound":0.01789186641599816},"point_estimate":-0.03603383549675554,"standard_error":0.0454657413851087}}