{"mean":{"confidence_interval":{"confidence_level":0.95,"lower_bound":306466.25,"upper_bound":328590.4025},"point_estimate":317236.3,"standard_error":5652.948913912569},"median":{"confidence_interval":{"confidence_level":0.95,"lower_bound":305797.5,"upper_bound":333343.5},"point_estimate":312113.5,"standard_error":7456.620404565144},"median_abs_dev":{"confidence_interval":{"confidence_level":0.95,"lower_bound":616.761589050293,"upper_bound":32271.753627061844},"point_estimate":12480.526578426361,"standard_error":8571.317223518732},"slope":null,"std_dev":{"confidence_interval":{"confidence_level":0.95,"lower_bound":9540.193287117174,"upper_bound":24037.79097691145},"point_estimate":18867.20357333799,"standard_error":3584.8384271699874}}