{"mean":{"confidence_interval":{"confidence_level":0.95,"lower_bound":0.7419891344072013,"upper_bound":0.8283658744004021},"point_estimate":0.7795996725882197,"standard_error":0.02204251714227267},"median":{"confidence_interval":{"confidence_level":0.95,"lower_bound":0.7308774115169758,"upper_bound":0.7814903085171732},"point_estimate":0.7502262930183365,"standard_error":0.01271165025011081}}