{"mean":{"confidence_interval":{"confidence_level":0.95,"lower_bound":-0.17436657035266234,"upper_bound":-0.16290960279580124},"point_estimate":-0.16841036193324388,"standard_error":0.002924674922263053},"median":{"confidence_interval":{"confidence_level":0.95,"lower_bound":-0.17550116695498608,"upper_bound":-0.16306722716979127},"point_estimate":-0.16902381385202692,"standard_error":0.0031566433829064316}}