{"mean":{"confidence_interval":{"confidence_level":0.95,"lower_bound":-0.27843052619408776,"upper_bound":0.21501391320402605},"point_estimate":-0.026480681432325848,"standard_error":0.14161536788421408},"median":{"confidence_interval":{"confidence_level":0.95,"lower_bound":0.03285093600815325,"upper_bound":0.23394282886894713},"point_estimate":0.13023895740714186,"standard_error":0.05093976824501997}}