{"mean":{"confidence_interval":{"confidence_level":0.95,"lower_bound":-0.13899028306758385,"upper_bound":0.12427104948680198},"point_estimate":-0.01105484563260084,"standard_error":0.06745738997288755},"median":{"confidence_interval":{"confidence_level":0.95,"lower_bound":-0.08537480609899717,"upper_bound":0.08584950738355812},"point_estimate":0.020578068107891978,"standard_error":0.04539145618248051}}