{"mean":{"confidence_interval":{"confidence_level":0.95,"lower_bound":40720.565,"upper_bound":42447.405},"point_estimate":41506.90000000001,"standard_error":443.5878973582586},"median":{"confidence_interval":{"confidence_level":0.95,"lower_bound":40532.0,"upper_bound":42406.0},"point_estimate":40683.83333333333,"standard_error":533.9147913432837},"median_abs_dev":{"confidence_interval":{"confidence_level":0.95,"lower_bound":76.60099864005683,"upper_bound":2335.836258530606},"point_estimate":323.4538942575365,"standard_error":587.1690395129386},"slope":null,"std_dev":{"confidence_interval":{"confidence_level":0.95,"lower_bound":299.30374908750014,"upper_bound":1886.0147417697558},"point_estimate":1480.3184429684686,"standard_error":375.475301024542}}