{"mean":{"confidence_interval":{"confidence_level":0.95,"lower_bound":-0.3133117214941133,"upper_bound":0.05791839718698086},"point_estimate":-0.11387514889731754,"standard_error":0.11077262334129535},"median":{"confidence_interval":{"confidence_level":0.95,"lower_bound":-0.03765830346032631,"upper_bound":0.08003415306048467},"point_estimate":0.030853244409092317,"standard_error":0.03262140270946192}}