{"mean":{"confidence_interval":{"confidence_level":0.95,"lower_bound":407589.1,"upper_bound":516380.89999999985},"point_estimate":458165.5,"standard_error":27999.26972850257},"median":{"confidence_interval":{"confidence_level":0.95,"lower_bound":391850.0,"upper_bound":523130.0},"point_estimate":433824.0,"standard_error":29715.443028109297},"median_abs_dev":{"confidence_interval":{"confidence_level":0.95,"lower_bound":17952.803081274033,"upper_bound":152139.2201989889},"point_estimate":72145.53861916065,"standard_error":35913.2807373415},"slope":null,"std_dev":{"confidence_interval":{"confidence_level":0.95,"lower_bound":36477.20358484339,"upper_bound":118809.30168243001},"point_estimate":93496.62340100251,"standard_error":20672.89180204704}}