{"mean":{"confidence_interval":{"confidence_level":0.95,"lower_bound":-0.21621128371098172,"upper_bound":-0.16060060654772504},"point_estimate":-0.18497214821990793,"standard_error":0.01450171337652166},"median":{"confidence_interval":{"confidence_level":0.95,"lower_bound":-0.2026904349261368,"upper_bound":-0.15996203413230115},"point_estimate":-0.17152512703313805,"standard_error":0.011313521414074377}}