{"mean":{"confidence_interval":{"confidence_level":0.95,"lower_bound":1081549625.3525,"upper_bound":1316988493.2475},"point_estimate":1176946074.8,"standard_error":59604023.473012455},"median":{"confidence_interval":{"confidence_level":0.95,"lower_bound":1080140026.5,"upper_bound":1315996992.0},"point_estimate":1084917355.0,"standard_error":51958956.013042636},"median_abs_dev":{"confidence_interval":{"confidence_level":0.95,"lower_bound":1206523.5499799252,"upper_bound":340059555.60593605},"point_estimate":5014221.310579777,"standard_error":54274993.55485148},"slope":null,"std_dev":{"confidence_interval":{"confidence_level":0.95,"lower_bound":4091475.8836121564,"upper_bound":247131964.6044994},"point_estimate":198837935.5795485,"standard_error":67915492.73211327}}