{"mean":{"confidence_interval":{"confidence_level":0.95,"lower_bound":1.0510116609074798,"upper_bound":2.8240397713460275},"point_estimate":1.8038020281940348,"standard_error":0.4719142272542599},"median":{"confidence_interval":{"confidence_level":0.95,"lower_bound":0.8794106274494384,"upper_bound":1.749802574882282},"point_estimate":1.529676245716657,"standard_error":0.2329450754520573}}