{"mean":{"confidence_interval":{"confidence_level":0.95,"lower_bound":771387325.96225,"upper_bound":800708489.925},"point_estimate":786054113.77,"standard_error":7469671.21158805},"median":{"confidence_interval":{"confidence_level":0.95,"lower_bound":758108142.0,"upper_bound":822354965.0},"point_estimate":817258912.5,"standard_error":15466160.696704548},"median_abs_dev":{"confidence_interval":{"confidence_level":0.95,"lower_bound":29337569.671154022,"upper_bound":149901838.95691037},"point_estimate":72177004.57970202,"standard_error":29000213.214815523},"slope":null,"std_dev":{"confidence_interval":{"confidence_level":0.95,"lower_bound":66452899.15659573,"upper_bound":82589029.50290269},"point_estimate":74899680.70061041,"standard_error":4120066.780668239}}