{"mean":{"confidence_interval":{"confidence_level":0.95,"lower_bound":-0.10364866511783956,"upper_bound":-0.07644697156132521},"point_estimate":-0.08869350322378022,"standard_error":0.006926418657904414},"median":{"confidence_interval":{"confidence_level":0.95,"lower_bound":-0.09481732005906729,"upper_bound":-0.07755554084230665},"point_estimate":-0.0845565583706549,"standard_error":0.004314841256868699}}