{"mean":{"confidence_interval":{"confidence_level":0.95,"lower_bound":0.009505478446887391,"upper_bound":0.09690474992598158},"point_estimate":0.05723671016874121,"standard_error":0.02345578435172942},"median":{"confidence_interval":{"confidence_level":0.95,"lower_bound":-0.02906122171476122,"upper_bound":0.10966381402523506},"point_estimate":0.016133322210694745,"standard_error":0.03318181336155505}}