{"mean":{"confidence_interval":{"confidence_level":0.95,"lower_bound":-0.02722476142312535,"upper_bound":0.12221154419864412},"point_estimate":0.04861129739555192,"standard_error":0.038512738012068205},"median":{"confidence_interval":{"confidence_level":0.95,"lower_bound":-0.009662200233408247,"upper_bound":0.13167103319605244},"point_estimate":0.049013643158304365,"standard_error":0.04107521030428018}}