{"mean":{"confidence_interval":{"confidence_level":0.95,"lower_bound":192376.9975,"upper_bound":196129.70500000002},"point_estimate":193952.8,"standard_error":982.3007097368837},"median":{"confidence_interval":{"confidence_level":0.95,"lower_bound":191901.0,"upper_bound":194844.0},"point_estimate":192533.0,"standard_error":816.6241488599619},"median_abs_dev":{"confidence_interval":{"confidence_level":0.95,"lower_bound":210.52919626235962,"upper_bound":3645.71333527565},"point_estimate":962.9486829042435,"standard_error":942.4094931008788},"slope":null,"std_dev":{"confidence_interval":{"confidence_level":0.95,"lower_bound":610.171342056202,"upper_bound":4731.682118047288},"point_estimate":3264.7715863611515,"standard_error":1157.9932932966688}}