{"mean":{"confidence_interval":{"confidence_level":0.95,"lower_bound":97622694.86833331,"upper_bound":101731122.63958332},"point_estimate":99554782.71666665,"standard_error":1054893.994158916},"median":{"confidence_interval":{"confidence_level":0.95,"lower_bound":97131228.5,"upper_bound":100547264.0},"point_estimate":97864438.66666666,"standard_error":1018318.2110245635},"median_abs_dev":{"confidence_interval":{"confidence_level":0.95,"lower_bound":1015825.8580654933,"upper_bound":6484800.357494254},"point_estimate":3788119.780847423,"standard_error":1230953.2450579507},"slope":null,"std_dev":{"confidence_interval":{"confidence_level":0.95,"lower_bound":2720520.4459387725,"upper_bound":6106631.206273001},"point_estimate":4835881.623756213,"standard_error":855263.1924343959}}