{"mean":{"confidence_interval":{"confidence_level":0.95,"lower_bound":215335.7,"upper_bound":308856.9},"point_estimate":248705.5,"standard_error":27764.78077443034},"median":{"confidence_interval":{"confidence_level":0.95,"lower_bound":211613.5,"upper_bound":232204.5},"point_estimate":220083.5,"standard_error":8911.576576801619},"median_abs_dev":{"confidence_interval":{"confidence_level":0.95,"lower_bound":496.67099118232727,"upper_bound":25251.642751693726},"point_estimate":12946.062970161438,"standard_error":9254.637671226448},"slope":null,"std_dev":{"confidence_interval":{"confidence_level":0.95,"lower_bound":6935.136707776968,"upper_bound":142023.25424771506},"point_estimate":92412.91939652643,"standard_error":48873.1805740071}}