{"mean":{"confidence_interval":{"confidence_level":0.95,"lower_bound":-0.18154114145932873,"upper_bound":-0.1477325178443559},"point_estimate":-0.16660025975319626,"standard_error":0.008638836964172957},"median":{"confidence_interval":{"confidence_level":0.95,"lower_bound":-0.17871362009804703,"upper_bound":-0.1606811462506239},"point_estimate":-0.17043222161847593,"standard_error":0.004251779912957911}}