{"mean":{"confidence_interval":{"confidence_level":0.95,"lower_bound":45236.6,"upper_bound":46642.66666666667},"point_estimate":45883.7,"standard_error":361.14805062611066},"median":{"confidence_interval":{"confidence_level":0.95,"lower_bound":45013.0,"upper_bound":47056.666666666664},"point_estimate":45224.166666666664,"standard_error":546.528759347425},"median_abs_dev":{"confidence_interval":{"confidence_level":0.95,"lower_bound":42.50119924546007,"upper_bound":1919.9669659137671},"point_estimate":497.41229116916116,"standard_error":488.19929938423087},"slope":null,"std_dev":{"confidence_interval":{"confidence_level":0.95,"lower_bound":331.7833984044258,"upper_bound":1426.2343620722222},"point_estimate":1209.2054880563846,"standard_error":236.5777547785043}}