{"mean":{"confidence_interval":{"confidence_level":0.95,"lower_bound":214034.3825,"upper_bound":284342.9},"point_estimate":242116.9,"standard_error":19008.561128691465},"median":{"confidence_interval":{"confidence_level":0.95,"lower_bound":209469.0,"upper_bound":253884.5},"point_estimate":217059.0,"standard_error":10689.369523046042},"median_abs_dev":{"confidence_interval":{"confidence_level":0.95,"lower_bound":2508.5591554641724,"upper_bound":48480.27783930302},"point_estimate":17631.07888698578,"standard_error":12574.218256082691},"slope":null,"std_dev":{"confidence_interval":{"confidence_level":0.95,"lower_bound":9083.54563727427,"upper_bound":94626.76941918238},"point_estimate":63183.930273184706,"standard_error":26546.09758761502}}