{"mean":{"confidence_interval":{"confidence_level":0.95,"lower_bound":6640545254.700001,"upper_bound":6750940615.33625},"point_estimate":6690631003.45,"standard_error":28430998.863476846},"median":{"confidence_interval":{"confidence_level":0.95,"lower_bound":6615469833.5,"upper_bound":6665284667.5},"point_estimate":6622048007.0,"standard_error":17104545.43298232},"median_abs_dev":{"confidence_interval":{"confidence_level":0.95,"lower_bound":6961500.733208656,"upper_bound":79722682.31973946},"point_estimate":19690981.051415205,"standard_error":22501885.228739172},"slope":null,"std_dev":{"confidence_interval":{"confidence_level":0.95,"lower_bound":49924898.55473603,"upper_bound":169307097.1816804},"point_estimate":130660385.39825606,"standard_error":28666825.750183135}}