{"mean":{"confidence_interval":{"confidence_level":0.95,"lower_bound":-0.170275605230377,"upper_bound":-0.1490081330800935},"point_estimate":-0.16019012235317442,"standard_error":0.0055694932888245684},"median":{"confidence_interval":{"confidence_level":0.95,"lower_bound":-0.17167788753014812,"upper_bound":-0.1616231989688871},"point_estimate":-0.16388455204568297,"standard_error":0.0037136803181756902}}