{"mean":{"confidence_interval":{"confidence_level":0.95,"lower_bound":3367.9960082671964,"upper_bound":3746.6016666666665},"point_estimate":3555.509735449735,"standard_error":97.11869233580865},"median":{"confidence_interval":{"confidence_level":0.95,"lower_bound":3202.314814814815,"upper_bound":3902.6666666666665},"point_estimate":3504.215277777778,"standard_error":190.1074181783894},"median_abs_dev":{"confidence_interval":{"confidence_level":0.95,"lower_bound":6.946941821111613,"upper_bound":526.9160306453703},"point_estimate":449.65335312816853,"standard_error":135.99678943852174},"slope":{"confidence_interval":{"confidence_level":0.95,"lower_bound":3237.579941864331,"upper_bound":3596.7071746880565},"point_estimate":3351.9727272727273,"standard_error":92.74907924668473},"std_dev":{"confidence_interval":{"confidence_level":0.95,"lower_bound":215.00617434113116,"upper_bound":369.8424831598987},"point_estimate":324.35547044312284,"standard_error":40.178702365797776}}