{"mean":{"confidence_interval":{"confidence_level":0.95,"lower_bound":-0.21437797589673474,"upper_bound":-0.1313066628965785},"point_estimate":-0.16833660777258852,"standard_error":0.021641293266001897},"median":{"confidence_interval":{"confidence_level":0.95,"lower_bound":-0.18630764349661344,"upper_bound":-0.12417916807414087},"point_estimate":-0.15619207611895003,"standard_error":0.016679688114647786}}