{"mean":{"confidence_interval":{"confidence_level":0.95,"lower_bound":0.1352995976760757,"upper_bound":0.40530117166768653},"point_estimate":0.2539374470355866,"standard_error":0.07022864175524104},"median":{"confidence_interval":{"confidence_level":0.95,"lower_bound":0.11869084785640793,"upper_bound":0.36506219911103077},"point_estimate":0.16487023280195645,"standard_error":0.06730023090486284}}