{"mean":{"confidence_interval":{"confidence_level":0.95,"lower_bound":-0.1493975278666998,"upper_bound":0.5332516114717012},"point_estimate":0.1608682436621527,"standard_error":0.17814960003873231},"median":{"confidence_interval":{"confidence_level":0.95,"lower_bound":0.06727392407760413,"upper_bound":0.6403192712678407},"point_estimate":0.2632761131459336,"standard_error":0.12700589137538032}}