{"mean":{"confidence_interval":{"confidence_level":0.95,"lower_bound":-0.1787265860774944,"upper_bound":-0.0864297083809098},"point_estimate":-0.14184803372156907,"standard_error":0.024270752392421498},"median":{"confidence_interval":{"confidence_level":0.95,"lower_bound":-0.17873762572265783,"upper_bound":-0.1293804910156412},"point_estimate":-0.1652892561983471,"standard_error":0.013062378748449127}}