{"mean":{"confidence_interval":{"confidence_level":0.95,"lower_bound":-0.0597238953159786,"upper_bound":-0.030059944749016822},"point_estimate":-0.04646578539507629,"standard_error":0.0077981576958023316},"median":{"confidence_interval":{"confidence_level":0.95,"lower_bound":-0.06664517967190564,"upper_bound":-0.04247965839739465},"point_estimate":-0.05909013992916878,"standard_error":0.0058560119826699215}}