{"mean":{"confidence_interval":{"confidence_level":0.95,"lower_bound":-0.24058275566706422,"upper_bound":0.30657766130321246},"point_estimate":-0.009167897053843466,"standard_error":0.1401849152573155},"median":{"confidence_interval":{"confidence_level":0.95,"lower_bound":-0.2148235722534414,"upper_bound":0.2160316638846571},"point_estimate":0.007642943442534911,"standard_error":0.11185148268618184}}