{"mean":{"confidence_interval":{"confidence_level":0.95,"lower_bound":51650452.46375001,"upper_bound":54370898.70024999},"point_estimate":52938321.04000001,"standard_error":695561.2537833069},"median":{"confidence_interval":{"confidence_level":0.95,"lower_bound":50760423.7,"upper_bound":53833683.1},"point_estimate":53116763.3,"standard_error":817493.3755406793},"median_abs_dev":{"confidence_interval":{"confidence_level":0.95,"lower_bound":1271998.8713175058,"upper_bound":4286239.6675640475},"point_estimate":2828849.675577879,"standard_error":827189.5224704758},"slope":null,"std_dev":{"confidence_interval":{"confidence_level":0.95,"lower_bound":1908282.250916321,"upper_bound":4219936.12476137},"point_estimate":3190367.796053826,"standard_error":612633.3040753921}}