{"mean":{"confidence_interval":{"confidence_level":0.95,"lower_bound":1756042921.3175,"upper_bound":1775774244.87375},"point_estimate":1765885121.3,"standard_error":5043117.478255821},"median":{"confidence_interval":{"confidence_level":0.95,"lower_bound":1754624780.5,"upper_bound":1774273284.5},"point_estimate":1766059740.0,"standard_error":6888929.396301498},"median_abs_dev":{"confidence_interval":{"confidence_level":0.95,"lower_bound":11511513.320329785,"upper_bound":38329009.22332406},"point_estimate":22270474.461320043,"standard_error":7081394.338179597},"slope":null,"std_dev":{"confidence_interval":{"confidence_level":0.95,"lower_bound":16510878.201077795,"upper_bound":27584603.399949484},"point_estimate":23050188.142390285,"standard_error":2826653.753956271}}