{"mean":{"confidence_interval":{"confidence_level":0.95,"lower_bound":-0.10358035079148938,"upper_bound":-0.04451921955637287},"point_estimate":-0.07765372875261223,"standard_error":0.015131932316347498},"median":{"confidence_interval":{"confidence_level":0.95,"lower_bound":-0.09913865723190962,"upper_bound":-0.06583142581736168},"point_estimate":-0.08984632769622836,"standard_error":0.007443587780021753}}