{"mean":{"confidence_interval":{"confidence_level":0.95,"lower_bound":-0.09608840836816618,"upper_bound":0.011374278968239922},"point_estimate":-0.051390666480527925,"standard_error":0.0284547178671766},"median":{"confidence_interval":{"confidence_level":0.95,"lower_bound":-0.09976493504151218,"upper_bound":-0.012021345924398427},"point_estimate":-0.09412274263957021,"standard_error":0.019899108105596704}}