{"mean":{"confidence_interval":{"confidence_level":0.95,"lower_bound":258592.7675,"upper_bound":316257.8},"point_estimate":280737.3,"standard_error":16052.097120610184},"median":{"confidence_interval":{"confidence_level":0.95,"lower_bound":254758.5,"upper_bound":281367.0},"point_estimate":265522.0,"standard_error":8390.303966685093},"median_abs_dev":{"confidence_interval":{"confidence_level":0.95,"lower_bound":3960.76582968235,"upper_bound":32312.525126338005},"point_estimate":17788.23448419571,"standard_error":7643.131590582829},"slope":null,"std_dev":{"confidence_interval":{"confidence_level":0.95,"lower_bound":9309.165815323633,"upper_bound":81745.86544559196},"point_estimate":53522.28026003128,"standard_error":24933.099895526822}}