{"mean":{"confidence_interval":{"confidence_level":0.95,"lower_bound":-0.1774380452857947,"upper_bound":0.05197835759921771},"point_estimate":-0.0759914598848439,"standard_error":0.05893612337799335},"median":{"confidence_interval":{"confidence_level":0.95,"lower_bound":-0.20438915634608557,"upper_bound":0.10700393404941866},"point_estimate":-0.0852294347630953,"standard_error":0.07068385699357846}}