{"mean":{"confidence_interval":{"confidence_level":0.95,"lower_bound":336066045.33375,"upper_bound":357030670.65},"point_estimate":345967820.9,"standard_error":5382233.780091393},"median":{"confidence_interval":{"confidence_level":0.95,"lower_bound":329312657.5,"upper_bound":346286013.0},"point_estimate":338634726.0,"standard_error":5712061.6962349955},"median_abs_dev":{"confidence_interval":{"confidence_level":0.95,"lower_bound":8643408.845248818,"upper_bound":35485005.89341521},"point_estimate":15800317.737588286,"standard_error":7389906.635814009},"slope":null,"std_dev":{"confidence_interval":{"confidence_level":0.95,"lower_bound":15521338.115095336,"upper_bound":30052164.01669533},"point_estimate":24755036.730199434,"standard_error":3707331.983996073}}