{"mean":{"confidence_interval":{"confidence_level":0.95,"lower_bound":-0.18376168298960507,"upper_bound":0.16119871447372314},"point_estimate":-0.010979762966338957,"standard_error":0.09027658953255341},"median":{"confidence_interval":{"confidence_level":0.95,"lower_bound":-0.11921429626347657,"upper_bound":0.21952064674984095},"point_estimate":-0.002860111872663773,"standard_error":0.0862686761098789}}