{"mean":{"confidence_interval":{"confidence_level":0.95,"lower_bound":137196.8,"upper_bound":142417.0075},"point_estimate":139317.4,"standard_error":1415.3559485287287},"median":{"confidence_interval":{"confidence_level":0.95,"lower_bound":137037.5,"upper_bound":140200.5},"point_estimate":137754.5,"standard_error":697.0264866950532},"median_abs_dev":{"confidence_interval":{"confidence_level":0.95,"lower_bound":206.08139634132385,"upper_bound":3566.3942366838455},"point_estimate":818.395185470581,"standard_error":967.1243313668674},"slope":null,"std_dev":{"confidence_interval":{"confidence_level":0.95,"lower_bound":616.1965097301722,"upper_bound":7038.545265331009},"point_estimate":4734.954891255272,"standard_error":1955.7598110256445}}