{"mean":{"confidence_interval":{"confidence_level":0.95,"lower_bound":91945.7975,"upper_bound":95067.36},"point_estimate":93319.75,"standard_error":800.022255661693},"median":{"confidence_interval":{"confidence_level":0.95,"lower_bound":91783.75,"upper_bound":94305.25},"point_estimate":92019.25,"standard_error":715.5177794697481},"median_abs_dev":{"confidence_interval":{"confidence_level":0.95,"lower_bound":81.91364854574203,"upper_bound":3423.3233392238617},"point_estimate":395.8541929721832,"standard_error":877.9166621979595},"slope":null,"std_dev":{"confidence_interval":{"confidence_level":0.95,"lower_bound":187.05522060492072,"upper_bound":3665.047746450558},"point_estimate":2664.4391973004585,"standard_error":853.9873708984236}}