{"mean":{"confidence_interval":{"confidence_level":0.95,"lower_bound":-0.09779209776812331,"upper_bound":-0.04606492398560559},"point_estimate":-0.07436606496604703,"standard_error":0.013051487418475853},"median":{"confidence_interval":{"confidence_level":0.95,"lower_bound":-0.08527455785481541,"upper_bound":-0.06949647902333822},"point_estimate":-0.08217049689819567,"standard_error":0.005126871364513541}}