{"mean":{"confidence_interval":{"confidence_level":0.95,"lower_bound":-0.3108111731772,"upper_bound":0.2239020584542742},"point_estimate":-0.07267631271728547,"standard_error":0.13864093108105977},"median":{"confidence_interval":{"confidence_level":0.95,"lower_bound":-0.25146223539424517,"upper_bound":0.3693002076552123},"point_estimate":-0.051734559814807346,"standard_error":0.13180383737207563}}