{"mean":{"confidence_interval":{"confidence_level":0.95,"lower_bound":95434084.628,"upper_bound":96001015.11},"point_estimate":95662166.08,"standard_error":148811.11707435618},"median":{"confidence_interval":{"confidence_level":0.95,"lower_bound":95415593.0,"upper_bound":95639136.0},"point_estimate":95538871.5,"standard_error":54407.245777840944},"median_abs_dev":{"confidence_interval":{"confidence_level":0.95,"lower_bound":390212.9000723362,"upper_bound":752951.7400324345},"point_estimate":511161.18202507496,"standard_error":103368.6721370177},"slope":null,"std_dev":{"confidence_interval":{"confidence_level":0.95,"lower_bound":539856.9768414045,"upper_bound":2419713.3603136907},"point_estimate":1485516.4250626112,"standard_error":629620.7832080397}}