{"mean":{"confidence_interval":{"confidence_level":0.95,"lower_bound":-0.30342345922878455,"upper_bound":0.15624823183252243},"point_estimate":-0.07492009249821563,"standard_error":0.12294107803682676},"median":{"confidence_interval":{"confidence_level":0.95,"lower_bound":-0.04706117521635522,"upper_bound":0.10151596105232108},"point_estimate":0.01864406779661021,"standard_error":0.040597596443289335}}