{"mean":{"confidence_interval":{"confidence_level":0.95,"lower_bound":567063.915,"upper_bound":742741.5875},"point_estimate":645910.1,"standard_error":45322.96588733543},"median":{"confidence_interval":{"confidence_level":0.95,"lower_bound":534616.0,"upper_bound":710716.0},"point_estimate":646612.0,"standard_error":48413.348068770116},"median_abs_dev":{"confidence_interval":{"confidence_level":0.95,"lower_bound":17519.883888959885,"upper_bound":217033.3623468876},"point_estimate":116060.8911395073,"standard_error":48281.317769476154},"slope":null,"std_dev":{"confidence_interval":{"confidence_level":0.95,"lower_bound":63834.25093939834,"upper_bound":212440.72549416905},"point_estimate":150500.9172193903,"standard_error":44362.949208626334}}