{"mean":{"confidence_interval":{"confidence_level":0.95,"lower_bound":-0.17001085191690618,"upper_bound":-0.06546286516716189},"point_estimate":-0.11815834236869083,"standard_error":0.026330941317287554},"median":{"confidence_interval":{"confidence_level":0.95,"lower_bound":-0.17451739849950976,"upper_bound":-0.039934433316521356},"point_estimate":-0.16068907343169936,"standard_error":0.03315186795932401}}