{"mean":{"confidence_interval":{"confidence_level":0.95,"lower_bound":342391.8,"upper_bound":366484.7},"point_estimate":354232.3,"standard_error":6179.176847557634},"median":{"confidence_interval":{"confidence_level":0.95,"lower_bound":336637.5,"upper_bound":377504.0},"point_estimate":351751.0,"standard_error":9495.307227329122},"median_abs_dev":{"confidence_interval":{"confidence_level":0.95,"lower_bound":4748.026415705681,"upper_bound":36365.95345437527},"point_estimate":28212.394899129868,"standard_error":8844.280918827873},"slope":null,"std_dev":{"confidence_interval":{"confidence_level":0.95,"lower_bound":12155.507021282347,"upper_bound":24665.43334394197},"point_estimate":20637.073522344846,"standard_error":3115.1128652631605}}