{"mean":{"confidence_interval":{"confidence_level":0.95,"lower_bound":-0.06824605054890717,"upper_bound":-0.014482507605158998},"point_estimate":-0.045036930953575416,"standard_error":0.013281936582122577},"median":{"confidence_interval":{"confidence_level":0.95,"lower_bound":-0.06938076899565992,"upper_bound":-0.012543214404575065},"point_estimate":-0.06416646036405382,"standard_error":0.013035526956604836}}