{"mean":{"confidence_interval":{"confidence_level":0.95,"lower_bound":-0.13028986077430618,"upper_bound":0.010010822148522624},"point_estimate":-0.06476266965380872,"standard_error":0.03586167327061697},"median":{"confidence_interval":{"confidence_level":0.95,"lower_bound":-0.1628178792416296,"upper_bound":0.035609426901199726},"point_estimate":-0.08412933718301074,"standard_error":0.04995194233513753}}