{"mean":{"confidence_interval":{"confidence_level":0.95,"lower_bound":-0.443268086025949,"upper_bound":0.09062417966267597},"point_estimate":-0.22960310868705547,"standard_error":0.13981513737500137},"median":{"confidence_interval":{"confidence_level":0.95,"lower_bound":-0.4852845348758642,"upper_bound":0.05454027204717593},"point_estimate":-0.03992158641972665,"standard_error":0.09962309155679575}}