{"mean":{"confidence_interval":{"confidence_level":0.95,"lower_bound":0.09639570809690712,"upper_bound":0.23688684044039623},"point_estimate":0.17729989174558458,"standard_error":0.03606396687951864},"median":{"confidence_interval":{"confidence_level":0.95,"lower_bound":0.10041024647091135,"upper_bound":0.2470502661680174},"point_estimate":0.22609907030889742,"standard_error":0.0323117584914883}}