{"mean":{"confidence_interval":{"confidence_level":0.95,"lower_bound":128647.9,"upper_bound":133361.6},"point_estimate":130496.0,"standard_error":1303.6201348326676},"median":{"confidence_interval":{"confidence_level":0.95,"lower_bound":128425.0,"upper_bound":130945.0},"point_estimate":129061.5,"standard_error":607.0862402222211},"median_abs_dev":{"confidence_interval":{"confidence_level":0.95,"lower_bound":154.19039726257324,"upper_bound":2624.2019534111023},"point_estimate":839.1515851020813,"standard_error":712.2881224717922},"slope":null,"std_dev":{"confidence_interval":{"confidence_level":0.95,"lower_bound":441.2291317055727,"upper_bound":6562.526439329},"point_estimate":4343.982299943477,"standard_error":1937.6894276902683}}