{"mean":{"confidence_interval":{"confidence_level":0.95,"lower_bound":3528910.633345636,"upper_bound":3629563.3658438246},"point_estimate":3574626.1930140527,"standard_error":25847.879659499933},"median":{"confidence_interval":{"confidence_level":0.95,"lower_bound":3479665.603991597,"upper_bound":3590851.182539683},"point_estimate":3548057.7510204082,"standard_error":25705.76765618212},"median_abs_dev":{"confidence_interval":{"confidence_level":0.95,"lower_bound":25347.431360491297,"upper_bound":153349.12303277236},"point_estimate":104270.6092837427,"standard_error":31502.826412920065},"slope":{"confidence_interval":{"confidence_level":0.95,"lower_bound":3508569.911603589,"upper_bound":3585721.726575787},"point_estimate":3547147.763315082,"standard_error":19661.04541347501},"std_dev":{"confidence_interval":{"confidence_level":0.95,"lower_bound":59926.32428604633,"upper_bound":161588.2596258025},"point_estimate":118487.9119668921,"standard_error":26950.808785561283}}