{"mean":{"confidence_interval":{"confidence_level":0.95,"lower_bound":2766002689.46875,"upper_bound":2811565341.94125},"point_estimate":2786512935.1,"standard_error":11678671.550361687},"median":{"confidence_interval":{"confidence_level":0.95,"lower_bound":2752850076.5,"upper_bound":2793320587.0},"point_estimate":2774216606.5,"standard_error":11859393.064494247},"median_abs_dev":{"confidence_interval":{"confidence_level":0.95,"lower_bound":14672048.038119078,"upper_bound":52840724.452489614},"point_estimate":32296538.992121816,"standard_error":10215773.435729425},"slope":null,"std_dev":{"confidence_interval":{"confidence_level":0.95,"lower_bound":22747909.305861622,"upper_bound":73167631.25215758},"point_estimate":53387014.43388857,"standard_error":13332213.397021905}}