{"mean":{"confidence_interval":{"confidence_level":0.95,"lower_bound":-0.07716418103775079,"upper_bound":-0.057416995558948566},"point_estimate":-0.06881029928605642,"standard_error":0.004844848530094979},"median":{"confidence_interval":{"confidence_level":0.95,"lower_bound":-0.08223848266516454,"upper_bound":-0.06106132797371333},"point_estimate":-0.07976481909155075,"standard_error":0.004951308337182389}}