{"mean":{"confidence_interval":{"confidence_level":0.95,"lower_bound":0.19518512910329996,"upper_bound":0.21980251814406157},"point_estimate":0.2082727065767882,"standard_error":0.006303660266210679},"median":{"confidence_interval":{"confidence_level":0.95,"lower_bound":0.21606009128157888,"upper_bound":0.22759206671997578},"point_estimate":0.2242186063230831,"standard_error":0.005026050784184093}}