{"mean":{"confidence_interval":{"confidence_level":0.95,"lower_bound":-0.1745541752513972,"upper_bound":-0.14593719044620043},"point_estimate":-0.16231152699437001,"standard_error":0.0071916076006647576},"median":{"confidence_interval":{"confidence_level":0.95,"lower_bound":-0.18003308905409843,"upper_bound":-0.1449348070898291},"point_estimate":-0.17546555728378754,"standard_error":0.008857696672950376}}