{"mean":{"confidence_interval":{"confidence_level":0.95,"lower_bound":236803.64250000002,"upper_bound":389601.1},"point_estimate":300763.7,"standard_error":38656.70045105029},"median":{"confidence_interval":{"confidence_level":0.95,"lower_bound":230115.0,"upper_bound":388219.0},"point_estimate":243085.5,"standard_error":33458.445680262594},"median_abs_dev":{"confidence_interval":{"confidence_level":0.95,"lower_bound":3489.299038052559,"upper_bound":210569.22646164894},"point_estimate":21751.965513825417,"standard_error":34671.57889150049},"slope":null,"std_dev":{"confidence_interval":{"confidence_level":0.95,"lower_bound":8845.14037386255,"upper_bound":162515.52377385463},"point_estimate":129242.1437268905,"standard_error":41727.59168372831}}