{"mean":{"confidence_interval":{"confidence_level":0.95,"lower_bound":210106.3975,"upper_bound":279989.605},"point_estimate":235567.0,"standard_error":20311.665508514692},"median":{"confidence_interval":{"confidence_level":0.95,"lower_bound":205585.5,"upper_bound":226980.0},"point_estimate":214377.0,"standard_error":7808.290216096401},"median_abs_dev":{"confidence_interval":{"confidence_level":0.95,"lower_bound":1521.1475729942322,"upper_bound":25471.067547798157},"point_estimate":13101.73596739769,"standard_error":7980.494137638657},"slope":null,"std_dev":{"confidence_interval":{"confidence_level":0.95,"lower_bound":6647.695505355432,"upper_bound":103939.53774516114},"point_estimate":67571.55280145632,"standard_error":34485.4597974385}}