{"mean":{"confidence_interval":{"confidence_level":0.95,"lower_bound":-0.242393265519321,"upper_bound":0.4328145296019723},"point_estimate":0.06785265833004495,"standard_error":0.17595073230478003},"median":{"confidence_interval":{"confidence_level":0.95,"lower_bound":0.1276043025585294,"upper_bound":0.2866581499274927},"point_estimate":0.1884122760333511,"standard_error":0.05208279823424519}}