{"mean":{"confidence_interval":{"confidence_level":0.95,"lower_bound":-0.3996571073827406,"upper_bound":-0.03657004055911298},"point_estimate":-0.20760660208811887,"standard_error":0.10764925640209776},"median":{"confidence_interval":{"confidence_level":0.95,"lower_bound":-0.1283532125037533,"upper_bound":-0.020881535578103794},"point_estimate":-0.08884530967934645,"standard_error":0.030950048635798297}}