{"mean":{"confidence_interval":{"confidence_level":0.95,"lower_bound":387833.4275,"upper_bound":600247.3},"point_estimate":488423.9,"standard_error":54610.33595624004},"median":{"confidence_interval":{"confidence_level":0.95,"lower_bound":316125.0,"upper_bound":611965.5},"point_estimate":464266.5,"standard_error":80346.46015707385},"median_abs_dev":{"confidence_interval":{"confidence_level":0.95,"lower_bound":11697.713792324066,"upper_bound":318566.2563443184},"point_estimate":190910.6921106577,"standard_error":76075.77255324961},"slope":null,"std_dev":{"confidence_interval":{"confidence_level":0.95,"lower_bound":94637.07197070027,"upper_bound":232580.61201582465},"point_estimate":181763.81487857012,"standard_error":36886.270623509256}}