{"mean":{"confidence_interval":{"confidence_level":0.95,"lower_bound":128977.1,"upper_bound":130690.9},"point_estimate":129728.9,"standard_error":444.51178594596166},"median":{"confidence_interval":{"confidence_level":0.95,"lower_bound":128754.0,"upper_bound":130530.5},"point_estimate":129331.5,"standard_error":347.16787604716654},"median_abs_dev":{"confidence_interval":{"confidence_level":0.95,"lower_bound":180.87719678878784,"upper_bound":1851.0260671377182},"point_estimate":535.2185904979706,"standard_error":459.8231621377618},"slope":null,"std_dev":{"confidence_interval":{"confidence_level":0.95,"lower_bound":394.03723738302256,"upper_bound":2033.5237643066778},"point_estimate":1483.4427263033185,"standard_error":447.06026518123934}}