{"mean":{"confidence_interval":{"confidence_level":0.95,"lower_bound":0.14797808161563653,"upper_bound":0.27853678039186364},"point_estimate":0.20889254826203718,"standard_error":0.03341217029452886},"median":{"confidence_interval":{"confidence_level":0.95,"lower_bound":0.14858155263625017,"upper_bound":0.27470218327050655},"point_estimate":0.21348779835586185,"standard_error":0.0293713328020381}}