{"mean":{"confidence_interval":{"confidence_level":0.95,"lower_bound":-0.09663726341659991,"upper_bound":0.11464800641894353},"point_estimate":-0.002984582348755649,"standard_error":0.05305264042024953},"median":{"confidence_interval":{"confidence_level":0.95,"lower_bound":-0.15129124915615444,"upper_bound":0.12962949214602926},"point_estimate":-0.033359515710168486,"standard_error":0.0687658091667385}}