{"mean":{"confidence_interval":{"confidence_level":0.95,"lower_bound":-0.2573013618175441,"upper_bound":0.28722702899950975},"point_estimate":-0.0010837276031687715,"standard_error":0.1456009203953913},"median":{"confidence_interval":{"confidence_level":0.95,"lower_bound":-0.12052787081575844,"upper_bound":0.36103052959971627},"point_estimate":0.1650845355863817,"standard_error":0.12519967218651598}}