{"mean":{"confidence_interval":{"confidence_level":0.95,"lower_bound":-0.38051133268032844,"upper_bound":0.05127662566092351},"point_estimate":-0.1868712673635028,"standard_error":0.11006936255627033},"median":{"confidence_interval":{"confidence_level":0.95,"lower_bound":-0.31092078377822063,"upper_bound":-0.03542935695524252},"point_estimate":-0.11301719008796052,"standard_error":0.05791642205160005}}