{"mean":{"confidence_interval":{"confidence_level":0.95,"lower_bound":-0.2738848373798612,"upper_bound":0.37657484467468233},"point_estimate":0.03523744201242951,"standard_error":0.1749388015556043},"median":{"confidence_interval":{"confidence_level":0.95,"lower_bound":0.0887561507693233,"upper_bound":0.24422667500065853},"point_estimate":0.1641616330798612,"standard_error":0.05723536091829163}}