{"mean":{"confidence_interval":{"confidence_level":0.95,"lower_bound":-0.22075489750792435,"upper_bound":0.26244564901126854},"point_estimate":-0.0015782438478457728,"standard_error":0.12580546702986653},"median":{"confidence_interval":{"confidence_level":0.95,"lower_bound":-0.1750049639437179,"upper_bound":0.20506100106693892},"point_estimate":0.08510110202865939,"standard_error":0.07392905365211916}}