{"mean":{"confidence_interval":{"confidence_level":0.95,"lower_bound":-0.01568265606418351,"upper_bound":0.16567556939058453},"point_estimate":0.0760422414937767,"standard_error":0.04668439196641645},"median":{"confidence_interval":{"confidence_level":0.95,"lower_bound":-0.051682125765964426,"upper_bound":0.22114670801920244},"point_estimate":0.07550068462642501,"standard_error":0.0857764698648369}}