{"mean":{"confidence_interval":{"confidence_level":0.95,"lower_bound":446226.63250000007,"upper_bound":518634.475},"point_estimate":482411.5,"standard_error":18551.704848815167},"median":{"confidence_interval":{"confidence_level":0.95,"lower_bound":432859.0,"upper_bound":536557.5},"point_estimate":477275.0,"standard_error":25340.222457059674},"median_abs_dev":{"confidence_interval":{"confidence_level":0.95,"lower_bound":6646.495682001114,"upper_bound":110309.88584160805},"point_estimate":54900.677025318146,"standard_error":24727.05674157156},"slope":null,"std_dev":{"confidence_interval":{"confidence_level":0.95,"lower_bound":35438.714192068466,"upper_bound":77626.91901481943},"point_estimate":61825.9358508493,"standard_error":10855.607683482593}}