{"mean":{"confidence_interval":{"confidence_level":0.95,"lower_bound":1018013286.431875,"upper_bound":1132483665.81125},"point_estimate":1074534546.4,"standard_error":29195216.30910894},"median":{"confidence_interval":{"confidence_level":0.95,"lower_bound":1051801291.75,"upper_bound":1083656621.75},"point_estimate":1056738340.5,"standard_error":16684057.248044219},"median_abs_dev":{"confidence_interval":{"confidence_level":0.95,"lower_bound":6728742.54489094,"upper_bound":256612015.05782604},"point_estimate":39909043.07272285,"standard_error":95165366.45473199},"slope":null,"std_dev":{"confidence_interval":{"confidence_level":0.95,"lower_bound":90528655.79339646,"upper_bound":163954619.55183068},"point_estimate":133974987.04556926,"standard_error":18633943.67721537}}