{"mean":{"confidence_interval":{"confidence_level":0.95,"lower_bound":-0.0703567132027497,"upper_bound":0.18663837817062498},"point_estimate":0.03234029129461913,"standard_error":0.06643603898204395},"median":{"confidence_interval":{"confidence_level":0.95,"lower_bound":-0.10697660142621823,"upper_bound":0.11279447135345944},"point_estimate":-0.00891939350387505,"standard_error":0.05162051780708869}}