{"mean":{"confidence_interval":{"confidence_level":0.95,"lower_bound":77685.49875,"upper_bound":79859.4025},"point_estimate":78669.65,"standard_error":553.7019037183946},"median":{"confidence_interval":{"confidence_level":0.95,"lower_bound":77540.5,"upper_bound":79805.0},"point_estimate":77754.75,"standard_error":591.9629175683339},"median_abs_dev":{"confidence_interval":{"confidence_level":0.95,"lower_bound":86.73209846019745,"upper_bound":2675.7223024964333},"point_estimate":348.78164380788803,"standard_error":615.257145111408},"slope":null,"std_dev":{"confidence_interval":{"confidence_level":0.95,"lower_bound":195.31510823324106,"upper_bound":2316.369007256352},"point_estimate":1848.8764613798414,"standard_error":504.84029589967133}}