{"mean":{"confidence_interval":{"confidence_level":0.95,"lower_bound":0.43927986390574847,"upper_bound":0.4866290466422254},"point_estimate":0.46159898837983393,"standard_error":0.01234285568146953},"median":{"confidence_interval":{"confidence_level":0.95,"lower_bound":0.43335405013465933,"upper_bound":0.47642290790982056},"point_estimate":0.45187646412009386,"standard_error":0.011777069773309898}}