{"mean":{"confidence_interval":{"confidence_level":0.95,"lower_bound":31496.94642857143,"upper_bound":40739.87222222223},"point_estimate":34679.93015873016,"standard_error":2840.075663841321},"median":{"confidence_interval":{"confidence_level":0.95,"lower_bound":31364.222222222223,"upper_bound":32264.0},"point_estimate":31530.553571428572,"standard_error":756.3767368645496},"median_abs_dev":{"confidence_interval":{"confidence_level":0.95,"lower_bound":58.93334895372391,"upper_bound":1148.379579612188},"point_estimate":310.8694444809657,"standard_error":853.2105045577481},"slope":{"confidence_interval":{"confidence_level":0.95,"lower_bound":31460.446028513237,"upper_bound":34924.96280991736},"point_estimate":32349.106493506493,"standard_error":962.587594058994},"std_dev":{"confidence_interval":{"confidence_level":0.95,"lower_bound":210.56319899492178,"upper_bound":14480.818262404293},"point_estimate":9443.971310047218,"standard_error":5239.94821302183}}