{"mean":{"confidence_interval":{"confidence_level":0.95,"lower_bound":106612972.7,"upper_bound":107747689.97},"point_estimate":107165625.0,"standard_error":291460.2006709473},"median":{"confidence_interval":{"confidence_level":0.95,"lower_bound":106409207.0,"upper_bound":108071268.5},"point_estimate":107036457.5,"standard_error":407559.04050376825},"median_abs_dev":{"confidence_interval":{"confidence_level":0.95,"lower_bound":252547.5621163845,"upper_bound":1756846.1277097464},"point_estimate":945135.9855204821,"standard_error":373570.96596428024},"slope":null,"std_dev":{"confidence_interval":{"confidence_level":0.95,"lower_bound":540477.8155098197,"upper_bound":1197846.5218075912},"point_estimate":971715.3961540842,"standard_error":166393.5688537003}}