{"mean":{"confidence_interval":{"confidence_level":0.95,"lower_bound":48572.35,"upper_bound":51392.1},"point_estimate":49961.5,"standard_error":724.5597384983645},"median":{"confidence_interval":{"confidence_level":0.95,"lower_bound":47419.0,"upper_bound":51888.25},"point_estimate":50285.25,"standard_error":972.0446627328267},"median_abs_dev":{"confidence_interval":{"confidence_level":0.95,"lower_bound":277.2461950778961,"upper_bound":4434.827171266079},"point_estimate":2965.5705973505974,"standard_error":1203.6286727160764},"slope":null,"std_dev":{"confidence_interval":{"confidence_level":0.95,"lower_bound":1419.6390659509436,"upper_bound":2994.1834368621207},"point_estimate":2418.804261521704,"standard_error":410.7136748264148}}