{"mean":{"confidence_interval":{"confidence_level":0.95,"lower_bound":-0.09708864558728099,"upper_bound":0.01678513199607233},"point_estimate":-0.04248676562166964,"standard_error":0.029163270980762934},"median":{"confidence_interval":{"confidence_level":0.95,"lower_bound":-0.11032819710959585,"upper_bound":0.05424389459096779},"point_estimate":-0.05166242771515561,"standard_error":0.04342792917526225}}