{"mean":{"confidence_interval":{"confidence_level":0.95,"lower_bound":-0.2293994404137294,"upper_bound":0.10134236890785236},"point_estimate":-0.05195055780188007,"standard_error":0.09201572915327892},"median":{"confidence_interval":{"confidence_level":0.95,"lower_bound":-0.03925568471579621,"upper_bound":0.1548932442540749},"point_estimate":0.022548710942563943,"standard_error":0.050347569543219235}}