{"mean":{"confidence_interval":{"confidence_level":0.95,"lower_bound":-0.1881959335159044,"upper_bound":-0.15382014013403525},"point_estimate":-0.1697475794741552,"standard_error":0.008798727790158648},"median":{"confidence_interval":{"confidence_level":0.95,"lower_bound":-0.1816917703072508,"upper_bound":-0.14389631956101878},"point_estimate":-0.17039210732878007,"standard_error":0.007957811475811592}}