{"mean":{"confidence_interval":{"confidence_level":0.95,"lower_bound":65660.6,"upper_bound":72705.65874999999},"point_estimate":69066.1,"standard_error":1802.613763879856},"median":{"confidence_interval":{"confidence_level":0.95,"lower_bound":63673.0,"upper_bound":74722.5},"point_estimate":66500.5,"standard_error":3606.6544619025813},"median_abs_dev":{"confidence_interval":{"confidence_level":0.95,"lower_bound":153.44909727573395,"upper_bound":9335.932034254074},"point_estimate":4376.635122299194,"standard_error":2663.226990391373},"slope":null,"std_dev":{"confidence_interval":{"confidence_level":0.95,"lower_bound":3464.2939246859196,"upper_bound":7065.136810816585},"point_estimate":5985.9144098643965,"standard_error":892.9845599503153}}