{"mean":{"confidence_interval":{"confidence_level":0.95,"lower_bound":-0.07720064209942086,"upper_bound":-0.05615384151397644},"point_estimate":-0.06550219499293586,"standard_error":0.005414854973682382},"median":{"confidence_interval":{"confidence_level":0.95,"lower_bound":-0.07147909574602707,"upper_bound":-0.05611258788980278},"point_estimate":-0.06381866957907312,"standard_error":0.004328916689871036}}