{"mean":{"confidence_interval":{"confidence_level":0.95,"lower_bound":-0.3439570794148573,"upper_bound":0.03797793250137137},"point_estimate":-0.17484646361740364,"standard_error":0.09883798625238058},"median":{"confidence_interval":{"confidence_level":0.95,"lower_bound":-0.37021741219220317,"upper_bound":0.04329824838505392},"point_estimate":-0.0785602095593364,"standard_error":0.08516104734600945}}