{"mean":{"confidence_interval":{"confidence_level":0.95,"lower_bound":-0.37822327921294824,"upper_bound":0.17111370123618339},"point_estimate":-0.12028626650468743,"standard_error":0.14350670711386576},"median":{"confidence_interval":{"confidence_level":0.95,"lower_bound":-0.1468789518419471,"upper_bound":0.042932728952651766},"point_estimate":-0.00011679325982072442,"standard_error":0.04979897386926869}}