{"mean":{"confidence_interval":{"confidence_level":0.95,"lower_bound":-0.08454531801884174,"upper_bound":0.09712997527274192},"point_estimate":0.003934591636909568,"standard_error":0.04642648076137555},"median":{"confidence_interval":{"confidence_level":0.95,"lower_bound":-0.1032700123184227,"upper_bound":0.11319277992466859},"point_estimate":-0.008364062544664597,"standard_error":0.054058934857148556}}