{"mean":{"confidence_interval":{"confidence_level":0.95,"lower_bound":-0.279787099487904,"upper_bound":0.1472283197770663},"point_estimate":-0.07562068987546544,"standard_error":0.10895090079205857},"median":{"confidence_interval":{"confidence_level":0.95,"lower_bound":-0.10990317034176944,"upper_bound":0.053317642599461035},"point_estimate":-0.022837663857677937,"standard_error":0.04343574579402891}}