{"mean":{"confidence_interval":{"confidence_level":0.95,"lower_bound":-0.17668939450168228,"upper_bound":-0.13402129647558564},"point_estimate":-0.15882871781155172,"standard_error":0.011128425178449825},"median":{"confidence_interval":{"confidence_level":0.95,"lower_bound":-0.18178896061125016,"upper_bound":-0.1430897634783348},"point_estimate":-0.17381208856971875,"standard_error":0.008210141069355272}}