{"mean":{"confidence_interval":{"confidence_level":0.95,"lower_bound":4350489508.3012495,"upper_bound":4411588379.44625},"point_estimate":4380645880.35,"standard_error":15613820.428543653},"median":{"confidence_interval":{"confidence_level":0.95,"lower_bound":4346938582.0,"upper_bound":4414071848.0},"point_estimate":4371549578.0,"standard_error":17192029.474915057},"median_abs_dev":{"confidence_interval":{"confidence_level":0.95,"lower_bound":30140436.104500294,"upper_bound":103415767.79460311},"point_estimate":63043516.38275385,"standard_error":19456177.388733655},"slope":null,"std_dev":{"confidence_interval":{"confidence_level":0.95,"lower_bound":46719187.079778075,"upper_bound":90347049.33324225},"point_estimate":71546627.62308818,"standard_error":11139475.391590448}}