{"mean":{"confidence_interval":{"confidence_level":0.95,"lower_bound":3937238199.1662498,"upper_bound":3992875228.68125},"point_estimate":3963927982.0,"standard_error":14180628.445516769},"median":{"confidence_interval":{"confidence_level":0.95,"lower_bound":3913408088.0,"upper_bound":3996336846.5},"point_estimate":3935711954.0,"standard_error":20948290.24149155},"median_abs_dev":{"confidence_interval":{"confidence_level":0.95,"lower_bound":19528775.718694925,"upper_bound":104260461.3384068},"point_estimate":48159333.49260092,"standard_error":22201580.17010091},"slope":null,"std_dev":{"confidence_interval":{"confidence_level":0.95,"lower_bound":44074000.97336788,"upper_bound":76829002.21468244},"point_estimate":64823346.88177392,"standard_error":8334186.50865601}}