{"mean":{"confidence_interval":{"confidence_level":0.95,"lower_bound":-0.2512984565366403,"upper_bound":0.26817872717620467},"point_estimate":-0.00032144518616916695,"standard_error":0.13607381650626937},"median":{"confidence_interval":{"confidence_level":0.95,"lower_bound":-0.05153726073673881,"upper_bound":0.20868194837643617},"point_estimate":0.036538924108360904,"standard_error":0.07200546885451645}}