{"mean":{"confidence_interval":{"confidence_level":0.95,"lower_bound":313492.56,"upper_bound":394453.4},"point_estimate":350409.9,"standard_error":20841.07113115525},"median":{"confidence_interval":{"confidence_level":0.95,"lower_bound":295233.0,"upper_bound":390904.5},"point_estimate":330663.0,"standard_error":28897.78687468804},"median_abs_dev":{"confidence_interval":{"confidence_level":0.95,"lower_bound":7063.106274604797,"upper_bound":110684.98363494873},"point_estimate":58949.65755343437,"standard_error":28711.09787903916},"slope":null,"std_dev":{"confidence_interval":{"confidence_level":0.95,"lower_bound":31631.01177186647,"upper_bound":94050.74605047145},"point_estimate":69344.13563837488,"standard_error":17692.736041205822}}