{"mean":{"confidence_interval":{"confidence_level":0.95,"lower_bound":-0.181056535137734,"upper_bound":-0.08484742557731473},"point_estimate":-0.14301440453421954,"standard_error":0.02654657212167112},"median":{"confidence_interval":{"confidence_level":0.95,"lower_bound":-0.18511202044431907,"upper_bound":-0.1555501605028189},"point_estimate":-0.16214587423563476,"standard_error":0.01711626509596855}}