{"mean":{"confidence_interval":{"confidence_level":0.95,"lower_bound":321354.6275,"upper_bound":374011.00999999995},"point_estimate":347725.1,"standard_error":13492.74385611497},"median":{"confidence_interval":{"confidence_level":0.95,"lower_bound":303070.0,"upper_bound":380862.5},"point_estimate":357048.0,"standard_error":20733.931337191927},"median_abs_dev":{"confidence_interval":{"confidence_level":0.95,"lower_bound":7559.777265787125,"upper_bound":75994.36815083027},"point_estimate":58177.22296714783,"standard_error":18005.60882251756},"slope":null,"std_dev":{"confidence_interval":{"confidence_level":0.95,"lower_bound":27453.484730195538,"upper_bound":54704.37359561746},"point_estimate":44789.370972363526,"standard_error":7014.23537409682}}