{"mean":{"confidence_interval":{"confidence_level":0.95,"lower_bound":-0.5945012586259271,"upper_bound":-0.4155612493512829},"point_estimate":-0.4931171509532033,"standard_error":0.05543777014854761},"median":{"confidence_interval":{"confidence_level":0.95,"lower_bound":-0.43341771597023593,"upper_bound":-0.41693169771316063},"point_estimate":-0.42509635250449795,"standard_error":0.010479742925514268}}