{"mean":{"confidence_interval":{"confidence_level":0.95,"lower_bound":378500.6,"upper_bound":438246.5899999999},"point_estimate":406500.3,"standard_error":15377.129649348744},"median":{"confidence_interval":{"confidence_level":0.95,"lower_bound":366842.5,"upper_bound":447852.0},"point_estimate":392598.0,"standard_error":17939.040102251005},"median_abs_dev":{"confidence_interval":{"confidence_level":0.95,"lower_bound":3252.0830422639847,"upper_bound":84088.62270712852},"point_estimate":38964.95120823383,"standard_error":21605.19878383931},"slope":null,"std_dev":{"confidence_interval":{"confidence_level":0.95,"lower_bound":21916.40199485308,"upper_bound":67500.6829826991},"point_estimate":51269.28829675282,"standard_error":11795.49190259269}}