{"mean":{"confidence_interval":{"confidence_level":0.95,"lower_bound":101238121.87583333,"upper_bound":107775745.33249998},"point_estimate":104438123.65,"standard_error":1671811.0289932506},"median":{"confidence_interval":{"confidence_level":0.95,"lower_bound":96952459.16666667,"upper_bound":110815132.0},"point_estimate":103844573.5,"standard_error":4390915.264650283},"median_abs_dev":{"confidence_interval":{"confidence_level":0.95,"lower_bound":592608.0586791112,"upper_bound":13564929.851174355},"point_estimate":10482266.226002578,"standard_error":3726513.944200922},"slope":null,"std_dev":{"confidence_interval":{"confidence_level":0.95,"lower_bound":5956967.894897844,"upper_bound":8949531.857373472},"point_estimate":7669804.0606232155,"standard_error":774567.9204946201}}