{"mean":{"confidence_interval":{"confidence_level":0.95,"lower_bound":89534316.70291665,"upper_bound":92375937.09041667},"point_estimate":90928285.46666665,"standard_error":727357.0493134006},"median":{"confidence_interval":{"confidence_level":0.95,"lower_bound":88543976.0,"upper_bound":93031003.16666666},"point_estimate":90597351.33333333,"standard_error":1035264.9491471314},"median_abs_dev":{"confidence_interval":{"confidence_level":0.95,"lower_bound":1786825.2875775173,"upper_bound":5480191.609907147},"point_estimate":4484951.6524761915,"standard_error":1010225.5924949781},"slope":null,"std_dev":{"confidence_interval":{"confidence_level":0.95,"lower_bound":2446058.320558987,"upper_bound":3889915.9539119126},"point_estimate":3326407.478316707,"standard_error":367692.5169998338}}