{"mean":{"confidence_interval":{"confidence_level":0.95,"lower_bound":-0.18135214234221603,"upper_bound":-0.16377782514503986},"point_estimate":-0.1721490262093972,"standard_error":0.004479432804570671},"median":{"confidence_interval":{"confidence_level":0.95,"lower_bound":-0.18083312761632642,"upper_bound":-0.16202472268271495},"point_estimate":-0.16989034338429998,"standard_error":0.004155193556817297}}